; G-code generated by ur_3d_printer/resource/stl_slicer.py
; Source: chair.stl  (21760 triangles)
; Layers: 76  Layer height: 1.00mm
; Print area: 73.6 x 68.8 x 76.0 mm
G90 ; absolute positioning
G21 ; millimetre units
M82 ; absolute extrusion
G92 E0 ; reset extruder
G0 Z1.000 F600 ; lift to first layer

; LAYER:0
; Z:0.500
G0 Z0.500 F600
G0 X18.919 Y-31.243 F9000
G1 X19.651 Y-31.243 E0.12159 F3000
G1 X20.448 Y-31.243 E0.25417 F3000
G1 X21.200 Y-31.243 E0.37925 F3000
G1 X22.022 Y-31.244 E0.51601 F3000
G1 X22.951 Y-31.245 E0.67045 F3000
G1 X23.771 Y-31.245 E0.80678 F3000
G1 X24.733 Y-31.235 E0.96679 F3000
G1 X25.566 Y-31.225 E1.10539 F3000
G1 X26.369 Y-31.197 E1.23904 F3000
G1 X27.282 Y-31.165 E1.39086 F3000
G1 X27.995 Y-31.107 E1.50988 F3000
G1 X28.791 Y-31.043 E1.64263 F3000
G1 X29.386 Y-30.938 E1.74311 F3000
G1 X29.967 Y-30.838 E1.84120 F3000
G1 X30.397 Y-30.688 E1.91684 F3000
G1 X30.863 Y-30.533 E1.99862 F3000
G1 X31.242 Y-30.296 E2.07285 F3000
G1 X31.527 Y-30.111 E2.12944 F3000
G1 X31.842 Y-29.770 E2.20666 F3000
G1 X32.037 Y-29.555 E2.25492 F3000
G1 X32.197 Y-29.291 E2.30625 F3000
G1 X32.479 Y-28.837 E2.39505 F3000
G1 X32.618 Y-28.524 E2.45207 F3000
G1 X32.858 Y-27.976 E2.55163 F3000
G1 X33.052 Y-27.358 E2.65928 F3000
G1 X33.171 Y-26.996 E2.72267 F3000
G1 X33.319 Y-26.337 E2.83497 F3000
G1 X33.406 Y-25.974 E2.89699 F3000
G1 X33.459 Y-25.628 E2.95528 F3000
G1 X33.553 Y-24.985 E3.06327 F3000
G1 X33.584 Y-24.528 E3.13946 F3000
G1 X33.640 Y-23.671 E3.28235 F3000
G1 X33.675 Y-22.382 E3.49672 F3000
G1 X33.695 Y-21.673 E3.61469 F3000
G1 X33.727 Y-19.753 E3.93405 F3000
G1 X33.745 Y-18.634 E4.12011 F3000
G1 X33.772 Y-16.936 E4.40260 F3000
G1 X33.818 Y-14.196 E4.85825 F3000
G1 X33.851 Y-12.114 E5.20461 F3000
G1 X33.901 Y-9.079 E5.70933 F3000
G1 X33.948 Y-6.216 E6.18549 F3000
G1 X33.983 Y-4.004 E6.55352 F3000
G1 X34.020 Y-1.666 E6.94239 F3000
G1 X34.050 Y0.310 E7.27096 F3000
G1 X34.069 Y1.649 E7.49369 F3000
G1 X34.091 Y3.140 E7.74169 F3000
G1 X34.101 Y3.979 E7.88112 F3000
G1 X34.112 Y4.879 E8.03085 F3000
G1 X34.116 Y5.413 E8.11965 F3000
G1 X34.120 Y5.918 E8.20363 F3000
G1 X34.120 Y6.292 E8.26591 F3000
G1 X34.120 Y6.649 E8.32518 F3000
G1 X34.121 Y7.047 E8.39149 F3000
G1 X34.121 Y7.464 E8.46068 F3000
G1 X34.122 Y7.875 E8.52907 F3000
G1 X34.122 Y8.302 E8.60017 F3000
G1 X34.123 Y8.711 E8.66819 F3000
G1 X34.123 Y9.105 E8.73370 F3000
G1 X34.124 Y9.466 E8.79367 F3000
G1 X34.124 Y9.813 E8.85132 F3000
G1 X34.124 Y10.082 E8.89614 F3000
G1 X34.125 Y10.364 E8.94308 F3000
G1 X34.125 Y10.595 E8.98148 F3000
G1 X34.126 Y10.839 E9.02202 F3000
G1 X34.126 Y11.084 E9.06276 F3000
G1 X34.126 Y11.315 E9.10117 F3000
G1 X34.127 Y11.601 E9.14875 F3000
G1 X34.127 Y11.871 E9.19359 F3000
G1 X34.128 Y12.218 E9.25129 F3000
G1 X34.128 Y12.585 E9.31231 F3000
G1 X34.129 Y13.000 E9.38135 F3000
G1 X34.130 Y13.439 E9.45444 F3000
G1 X34.130 Y13.944 E9.53844 F3000
G1 X34.131 Y14.417 E9.61713 F3000
G1 X34.131 Y14.984 E9.71129 F3000
G1 X34.132 Y15.502 E9.79751 F3000
G1 X34.132 Y16.050 E9.88863 F3000
G1 X34.132 Y16.676 E9.99272 F3000
G1 X34.132 Y17.226 E10.08420 F3000
G1 X34.133 Y17.889 E10.19447 F3000
G1 X34.134 Y18.561 E10.30617 F3000
G1 X34.134 Y19.091 E10.39442 F3000
G1 X34.135 Y19.737 E10.50173 F3000
G1 X34.135 Y20.233 E10.58419 F3000
G1 X34.136 Y20.683 E10.65906 F3000
G1 X34.138 Y21.262 E10.75539 F3000
G1 X34.119 Y21.660 E10.82169 F3000
G1 X34.096 Y22.139 E10.90136 F3000
G1 X34.026 Y22.505 E10.96337 F3000
G1 X33.966 Y22.822 E11.01709 F3000
G1 X33.831 Y23.075 E11.06470 F3000
G1 X33.707 Y23.314 E11.10946 F3000
G1 X33.485 Y23.470 E11.15456 F3000
G1 X33.277 Y23.616 E11.19685 F3000
G1 X32.890 Y23.705 E11.26294 F3000
G1 X32.586 Y23.773 E11.31483 F3000
G1 X32.167 Y23.793 E11.38452 F3000
G1 X31.548 Y23.825 E11.48767 F3000
G1 X31.000 Y23.825 E11.57871 F3000
G1 X30.110 Y23.825 E11.72678 F3000
G1 X28.920 Y23.825 E11.92464 F3000
G1 X28.215 Y23.824 E12.04186 F3000
G1 X26.887 Y23.823 E12.26272 F3000
G1 X26.067 Y23.822 E12.39907 F3000
G1 X25.199 Y23.821 E12.54339 F3000
G1 X23.869 Y23.820 E12.76453 F3000
G1 X23.022 Y23.819 E12.90555 F3000
G1 X21.826 Y23.818 E13.10439 F3000
G1 X20.869 Y23.818 E13.26345 F3000
G1 X20.140 Y23.817 E13.38477 F3000
G1 X19.294 Y23.817 E13.52540 F3000
G1 X18.627 Y23.817 E13.63629 F3000
G1 X17.951 Y23.816 E13.74881 F3000
G1 X17.104 Y23.816 E13.88957 F3000
G1 X16.340 Y23.816 E14.01677 F3000
G1 X15.387 Y23.816 E14.17521 F3000
G1 X14.224 Y23.816 E14.36858 F3000
G1 X13.291 Y23.816 E14.52381 F3000
G1 X12.013 Y23.816 E14.73622 F3000
G1 X10.988 Y23.816 E14.90671 F3000
G1 X9.948 Y23.816 E15.07970 F3000
G1 X8.652 Y23.816 E15.29521 F3000
G1 X7.674 Y23.816 E15.45792 F3000
G1 X6.455 Y23.816 E15.66062 F3000
G1 X5.408 Y23.816 E15.83462 F3000
G1 X4.569 Y23.816 E15.97428 F3000
G1 X3.652 Y23.816 E16.12673 F3000
G1 X2.916 Y23.816 E16.24910 F3000
G1 X2.250 Y23.816 E16.35995 F3000
G1 X1.419 Y23.816 E16.49805 F3000
G1 X0.787 Y23.816 E16.60313 F3000
G1 X0.000 Y23.816 E16.73405 F3000
G1 X-0.787 Y23.816 E16.86497 F3000
G1 X-1.419 Y23.816 E16.97005 F3000
G1 X-2.250 Y23.816 E17.10815 F3000
G1 X-2.916 Y23.816 E17.21899 F3000
G1 X-3.652 Y23.816 E17.34136 F3000
G1 X-4.569 Y23.816 E17.49382 F3000
G1 X-5.408 Y23.816 E17.63348 F3000
G1 X-6.455 Y23.816 E17.80747 F3000
G1 X-7.674 Y23.816 E18.01018 F3000
G1 X-8.652 Y23.816 E18.17289 F3000
G1 X-9.948 Y23.816 E18.38840 F3000
G1 X-10.988 Y23.816 E18.56138 F3000
G1 X-12.013 Y23.816 E18.73188 F3000
G1 X-13.291 Y23.816 E18.94428 F3000
G1 X-14.224 Y23.816 E19.09951 F3000
G1 X-15.387 Y23.816 E19.29289 F3000
G1 X-16.340 Y23.816 E19.45133 F3000
G1 X-17.104 Y23.816 E19.57853 F3000
G1 X-17.951 Y23.816 E19.71928 F3000
G1 X-18.627 Y23.817 E19.83180 F3000
G1 X-19.294 Y23.817 E19.94269 F3000
G1 X-20.140 Y23.817 E20.08332 F3000
G1 X-20.869 Y23.818 E20.20464 F3000
G1 X-21.826 Y23.818 E20.36370 F3000
G1 X-23.022 Y23.819 E20.56254 F3000
G1 X-23.869 Y23.820 E20.70356 F3000
G1 X-25.199 Y23.821 E20.92471 F3000
G1 X-26.067 Y23.822 E21.06903 F3000
G1 X-26.887 Y23.823 E21.20538 F3000
G1 X-28.215 Y23.824 E21.42623 F3000
G1 X-28.920 Y23.825 E21.54346 F3000
G1 X-30.110 Y23.825 E21.74131 F3000
G1 X-31.000 Y23.825 E21.88939 F3000
G1 X-31.548 Y23.825 E21.98042 F3000
G1 X-32.167 Y23.793 E22.08357 F3000
G1 X-32.586 Y23.773 E22.15326 F3000
G1 X-32.890 Y23.705 E22.20515 F3000
G1 X-33.277 Y23.616 E22.27124 F3000
G1 X-33.485 Y23.470 E22.31354 F3000
G1 X-33.707 Y23.314 E22.35863 F3000
G1 X-33.831 Y23.075 E22.40340 F3000
G1 X-33.966 Y22.822 E22.45100 F3000
G1 X-34.026 Y22.505 E22.50473 F3000
G1 X-34.096 Y22.139 E22.56674 F3000
G1 X-34.119 Y21.660 E22.64640 F3000
G1 X-34.138 Y21.262 E22.71271 F3000
G1 X-34.136 Y20.683 E22.80904 F3000
G1 X-34.135 Y20.233 E22.88390 F3000
G1 X-34.135 Y19.737 E22.96637 F3000
G1 X-34.134 Y19.091 E23.07367 F3000
G1 X-34.134 Y18.561 E23.16192 F3000
G1 X-34.133 Y17.889 E23.27362 F3000
G1 X-34.132 Y17.226 E23.38389 F3000
G1 X-34.132 Y16.676 E23.47537 F3000
G1 X-34.132 Y16.050 E23.57946 F3000
G1 X-34.132 Y15.502 E23.67059 F3000
G1 X-34.131 Y14.984 E23.75680 F3000
G1 X-34.131 Y14.417 E23.85096 F3000
G1 X-34.130 Y13.944 E23.92965 F3000
G1 X-34.130 Y13.439 E24.01365 F3000
G1 X-34.129 Y13.000 E24.08674 F3000
G1 X-34.128 Y12.585 E24.15579 F3000
G1 X-34.128 Y12.218 E24.21680 F3000
G1 X-34.127 Y11.871 E24.27450 F3000
G1 X-34.127 Y11.601 E24.31935 F3000
G1 X-34.126 Y11.315 E24.36692 F3000
G1 X-34.126 Y11.084 E24.40533 F3000
G1 X-34.126 Y10.839 E24.44608 F3000
G1 X-34.125 Y10.595 E24.48661 F3000
G1 X-34.125 Y10.364 E24.52501 F3000
G1 X-34.124 Y10.082 E24.57196 F3000
G1 X-34.124 Y9.813 E24.61677 F3000
G1 X-34.124 Y9.466 E24.67442 F3000
G1 X-34.123 Y9.105 E24.73439 F3000
G1 X-34.123 Y8.711 E24.79990 F3000
G1 X-34.122 Y8.302 E24.86792 F3000
G1 X-34.122 Y7.875 E24.93902 F3000
G1 X-34.121 Y7.464 E25.00741 F3000
G1 X-34.121 Y7.047 E25.07660 F3000
G1 X-34.120 Y6.649 E25.14291 F3000
G1 X-34.120 Y6.292 E25.20219 F3000
G1 X-34.120 Y5.918 E25.26447 F3000
G1 X-34.116 Y5.413 E25.34845 F3000
G1 X-34.112 Y4.879 E25.43724 F3000
G1 X-34.101 Y3.979 E25.58697 F3000
G1 X-34.091 Y3.140 E25.72641 F3000
G1 X-34.069 Y1.649 E25.97441 F3000
G1 X-34.050 Y0.310 E26.19714 F3000
G1 X-34.020 Y-1.666 E26.52570 F3000
G1 X-33.983 Y-4.004 E26.91457 F3000
G1 X-33.948 Y-6.216 E27.28260 F3000
G1 X-33.901 Y-9.079 E27.75877 F3000
G1 X-33.851 Y-12.114 E28.26348 F3000
G1 X-33.818 Y-14.196 E28.60985 F3000
G1 X-33.772 Y-16.936 E29.06549 F3000
G1 X-33.745 Y-18.634 E29.34798 F3000
G1 X-33.727 Y-19.753 E29.53405 F3000
G1 X-33.695 Y-21.673 E29.85340 F3000
G1 X-33.675 Y-22.382 E29.97137 F3000
G1 X-33.640 Y-23.671 E30.18575 F3000
G1 X-33.584 Y-24.528 E30.32863 F3000
G1 X-33.553 Y-24.985 E30.40482 F3000
G1 X-33.459 Y-25.628 E30.51282 F3000
G1 X-33.406 Y-25.974 E30.57110 F3000
G1 X-33.319 Y-26.337 E30.63312 F3000
G1 X-33.171 Y-26.996 E30.74542 F3000
G1 X-33.052 Y-27.358 E30.80882 F3000
G1 X-32.858 Y-27.976 E30.91646 F3000
G1 X-32.618 Y-28.524 E31.01603 F3000
G1 X-32.479 Y-28.837 E31.07304 F3000
G1 X-32.197 Y-29.291 E31.16184 F3000
G1 X-32.037 Y-29.555 E31.21317 F3000
G1 X-31.842 Y-29.770 E31.26144 F3000
G1 X-31.527 Y-30.111 E31.33865 F3000
G1 X-31.242 Y-30.296 E31.39524 F3000
G1 X-30.863 Y-30.533 E31.46947 F3000
G1 X-30.397 Y-30.688 E31.55125 F3000
G1 X-29.967 Y-30.838 E31.62689 F3000
G1 X-29.386 Y-30.938 E31.72499 F3000
G1 X-28.791 Y-31.043 E31.82546 F3000
G1 X-27.995 Y-31.107 E31.95822 F3000
G1 X-27.282 Y-31.165 E32.07723 F3000
G1 X-26.369 Y-31.197 E32.22906 F3000
G1 X-25.566 Y-31.225 E32.36271 F3000
G1 X-24.733 Y-31.235 E32.50130 F3000
G1 X-23.771 Y-31.245 E32.66131 F3000
G1 X-22.951 Y-31.245 E32.79765 F3000
G1 X-22.022 Y-31.244 E32.95208 F3000
G1 X-21.200 Y-31.243 E33.08884 F3000
G1 X-20.448 Y-31.243 E33.21392 F3000
G1 X-19.651 Y-31.243 E33.34650 F3000
G1 X-18.919 Y-31.243 E33.46809 F3000
G1 X-18.152 Y-31.243 E33.59571 F3000
G1 X-17.309 Y-31.244 E33.73588 F3000
G1 X-16.446 Y-31.244 E33.87938 F3000
G1 X-15.489 Y-31.244 E34.03854 F3000
G1 X-14.342 Y-31.245 E34.22935 F3000
G1 X-13.332 Y-31.245 E34.39737 F3000
G1 X-12.075 Y-31.246 E34.60629 F3000
G1 X-10.998 Y-31.247 E34.78537 F3000
G1 X-9.928 Y-31.247 E34.96336 F3000
G1 X-8.652 Y-31.248 E35.17557 F3000
G1 X-7.666 Y-31.249 E35.33957 F3000
G1 X-6.455 Y-31.250 E35.54098 F3000
G1 X-5.399 Y-31.250 E35.71661 F3000
G1 X-4.569 Y-31.251 E35.85463 F3000
G1 X-3.634 Y-31.251 E36.01001 F3000
G1 X-2.916 Y-31.252 E36.12946 F3000
G1 X-2.270 Y-31.252 E36.23697 F3000
G1 X-1.419 Y-31.252 E36.37840 F3000
G1 X-0.810 Y-31.252 E36.47973 F3000
G1 X0.000 Y-31.253 E36.61441 F3000
G1 X0.810 Y-31.252 E36.74908 F3000
G1 X1.419 Y-31.252 E36.85041 F3000
G1 X2.270 Y-31.252 E36.99184 F3000
G1 X2.916 Y-31.252 E37.09935 F3000
G1 X3.634 Y-31.251 E37.21880 F3000
G1 X4.569 Y-31.251 E37.37418 F3000
G1 X5.399 Y-31.250 E37.51220 F3000
G1 X6.455 Y-31.250 E37.68783 F3000
G1 X7.666 Y-31.249 E37.88925 F3000
G1 X8.652 Y-31.248 E38.05324 F3000
G1 X9.928 Y-31.247 E38.26545 F3000
G1 X10.998 Y-31.247 E38.44344 F3000
G1 X12.075 Y-31.246 E38.62252 F3000
G1 X13.332 Y-31.245 E38.83145 F3000
G1 X14.342 Y-31.245 E38.99946 F3000
G1 X15.489 Y-31.244 E39.19027 F3000
G1 X16.446 Y-31.244 E39.34943 F3000
G1 X17.309 Y-31.244 E39.49293 F3000
G1 X18.152 Y-31.243 E39.63310 F3000
G1 X18.919 Y-31.243 E39.76072 F3000
; LAYER:1
; Z:1.500
G0 Z1.500 F600
G0 X20.406 Y-31.389 F9000
G1 X20.181 Y-31.389 E39.79818 F3000
G1 X18.891 Y-31.389 E40.01265 F3000
G1 X17.540 Y-31.389 E40.23729 F3000
G1 X17.292 Y-31.389 E40.27854 F3000
G1 X15.759 Y-31.389 E40.53349 F3000
G1 X15.481 Y-31.389 E40.57978 F3000
G1 X15.152 Y-31.389 E40.63441 F3000
G1 X13.328 Y-31.389 E40.93775 F3000
G1 X12.980 Y-31.389 E40.99570 F3000
G1 X10.998 Y-31.390 E41.32532 F3000
G1 X8.986 Y-31.390 E41.65981 F3000
G1 X8.652 Y-31.390 E41.71538 F3000
G1 X6.758 Y-31.390 E42.03029 F3000
G1 X6.455 Y-31.390 E42.08079 F3000
G1 X6.196 Y-31.390 E42.12385 F3000
G1 X4.569 Y-31.390 E42.39444 F3000
G1 X4.348 Y-31.390 E42.43121 F3000
G1 X2.916 Y-31.391 E42.66927 F3000
G1 X1.613 Y-31.391 E42.88593 F3000
G1 X1.419 Y-31.391 E42.91821 F3000
G1 X0.183 Y-31.391 E43.12380 F3000
G1 X0.000 Y-31.391 E43.15421 F3000
G1 X-0.183 Y-31.391 E43.18463 F3000
G1 X-1.419 Y-31.391 E43.39022 F3000
G1 X-1.613 Y-31.391 E43.42250 F3000
G1 X-2.916 Y-31.391 E43.63916 F3000
G1 X-4.348 Y-31.390 E43.87722 F3000
G1 X-4.569 Y-31.390 E43.91398 F3000
G1 X-6.196 Y-31.390 E44.18458 F3000
G1 X-6.455 Y-31.390 E44.22763 F3000
G1 X-6.758 Y-31.390 E44.27814 F3000
G1 X-8.652 Y-31.390 E44.59305 F3000
G1 X-8.986 Y-31.390 E44.64862 F3000
G1 X-10.998 Y-31.390 E44.98311 F3000
G1 X-12.980 Y-31.389 E45.31273 F3000
G1 X-13.328 Y-31.389 E45.37068 F3000
G1 X-15.152 Y-31.389 E45.67402 F3000
G1 X-15.481 Y-31.389 E45.72865 F3000
G1 X-15.759 Y-31.389 E45.77493 F3000
G1 X-17.292 Y-31.389 E46.02989 F3000
G1 X-17.540 Y-31.389 E46.07114 F3000
G1 X-18.891 Y-31.389 E46.29578 F3000
G1 X-20.181 Y-31.389 E46.51025 F3000
G1 X-20.406 Y-31.389 E46.54771 F3000
G1 X-21.750 Y-31.389 E46.77119 F3000
G1 X-21.965 Y-31.389 E46.80703 F3000
G1 X-22.203 Y-31.389 E46.84654 F3000
G1 X-23.697 Y-31.389 E47.09508 F3000
G1 X-23.910 Y-31.387 E47.13039 F3000
G1 X-25.474 Y-31.369 E47.39065 F3000
G1 X-27.025 Y-31.315 E47.64869 F3000
G1 X-27.169 Y-31.310 E47.67268 F3000
G1 X-28.536 Y-31.200 E47.90076 F3000
G1 X-28.655 Y-31.190 E47.92054 F3000
G1 X-28.749 Y-31.174 E47.93633 F3000
G1 X-29.805 Y-30.992 E48.11462 F3000
G1 X-29.888 Y-30.963 E48.12921 F3000
G1 X-30.687 Y-30.683 E48.27005 F3000
G1 X-31.276 Y-30.293 E48.38751 F3000
G1 X-31.368 Y-30.234 E48.40571 F3000
G1 X-31.832 Y-29.709 E48.52217 F3000
G1 X-31.917 Y-29.616 E48.54314 F3000
G1 X-31.994 Y-29.490 E48.56767 F3000
G1 X-32.401 Y-28.797 E48.70130 F3000
G1 X-32.470 Y-28.640 E48.72984 F3000
G1 X-32.814 Y-27.839 E48.87480 F3000
G1 X-33.092 Y-26.977 E49.02544 F3000
G1 X-33.149 Y-26.803 E49.05590 F3000
G1 X-33.355 Y-25.930 E49.20512 F3000
G1 X-33.398 Y-25.753 E49.23532 F3000
G1 X-33.424 Y-25.583 E49.26393 F3000
G1 X-33.552 Y-24.755 E49.40329 F3000
G1 X-33.568 Y-24.531 E49.44073 F3000
G1 X-33.642 Y-23.447 E49.62143 F3000
G1 X-33.686 Y-21.811 E49.89352 F3000
G1 X-33.695 Y-21.465 E49.95109 F3000
G1 X-33.732 Y-18.978 E50.36474 F3000
G1 X-33.740 Y-18.448 E50.45284 F3000
G1 X-33.752 Y-17.686 E50.57962 F3000
G1 X-33.807 Y-14.034 E51.18702 F3000
G1 X-33.821 Y-13.161 E51.33221 F3000
G1 X-33.884 Y-8.941 E52.03403 F3000
G1 X-33.946 Y-4.757 E52.72994 F3000
G1 X-33.959 Y-3.889 E52.87430 F3000
G1 X-34.010 Y-0.325 E53.46704 F3000
G1 X-34.020 Y0.404 E53.58827 F3000
G1 X-34.027 Y0.875 E53.66657 F3000
G1 X-34.057 Y3.218 E54.05638 F3000
G1 X-34.061 Y3.506 E54.10430 F3000
G1 X-34.076 Y4.946 E54.34377 F3000
G1 X-34.081 Y5.807 E54.48696 F3000
G1 X-34.083 Y5.979 E54.51556 F3000
G1 X-34.083 Y6.588 E54.61677 F3000
G1 X-34.083 Y6.709 E54.63689 F3000
G1 X-34.083 Y6.844 E54.65940 F3000
G1 X-34.084 Y7.527 E54.77287 F3000
G1 X-34.085 Y7.666 E54.79608 F3000
G1 X-34.086 Y8.370 E54.91321 F3000
G1 X-34.087 Y9.045 E55.02540 F3000
G1 X-34.087 Y9.179 E55.04762 F3000
G1 X-34.089 Y9.772 E55.14626 F3000
G1 X-34.089 Y9.889 E55.16582 F3000
G1 X-34.089 Y9.981 E55.18102 F3000
G1 X-34.090 Y10.441 E55.25751 F3000
G1 X-34.090 Y10.519 E55.27053 F3000
G1 X-34.091 Y10.912 E55.33590 F3000
G1 X-34.092 Y11.305 E55.40116 F3000
G1 X-34.092 Y11.383 E55.41418 F3000
G1 X-34.093 Y11.841 E55.49034 F3000
G1 X-34.093 Y11.932 E55.50554 F3000
G1 X-34.093 Y12.050 E55.52509 F3000
G1 X-34.094 Y12.640 E55.62318 F3000
G1 X-34.094 Y12.781 E55.64662 F3000
G1 X-34.096 Y13.488 E55.76424 F3000
G1 X-34.099 Y14.296 E55.89858 F3000
G1 X-34.099 Y14.460 E55.92587 F3000
G1 X-34.103 Y15.351 E56.07414 F3000
G1 X-34.103 Y15.538 E56.10521 F3000
G1 X-34.104 Y15.743 E56.13919 F3000
G1 X-34.109 Y16.706 E56.29941 F3000
G1 X-34.109 Y16.927 E56.33617 F3000
G1 X-34.115 Y17.913 E56.50014 F3000
G1 X-34.121 Y18.875 E56.66008 F3000
G1 X-34.121 Y19.109 E56.69909 F3000
G1 X-34.125 Y20.019 E56.85037 F3000
G1 X-34.126 Y20.245 E56.88793 F3000
G1 X-34.126 Y20.448 E56.92175 F3000
G1 X-34.129 Y21.270 E57.05834 F3000
G1 X-34.120 Y21.440 E57.08666 F3000
G1 X-34.085 Y22.156 E57.20600 F3000
G1 X-33.974 Y22.757 E57.30758 F3000
G1 X-33.951 Y22.878 E57.32814 F3000
G1 X-33.722 Y23.331 E57.41247 F3000
G1 X-33.680 Y23.412 E57.42758 F3000
G1 X-33.612 Y23.458 E57.44133 F3000
G1 X-33.229 Y23.731 E57.51954 F3000
G1 X-33.135 Y23.752 E57.53557 F3000
G1 X-32.526 Y23.891 E57.63942 F3000
G1 X-31.613 Y23.938 E57.79153 F3000
G1 X-31.500 Y23.944 E57.81026 F3000
G1 X-30.226 Y23.943 E58.02214 F3000
G1 X-30.081 Y23.943 E58.04622 F3000
G1 X-29.892 Y23.943 E58.07781 F3000
G1 X-28.199 Y23.943 E58.35922 F3000
G1 X-27.980 Y23.943 E58.39574 F3000
G1 X-26.059 Y23.944 E58.71519 F3000
G1 X-24.119 Y23.944 E59.03773 F3000
G1 X-23.865 Y23.945 E59.08002 F3000
G1 X-22.076 Y23.945 E59.37747 F3000
G1 X-21.823 Y23.945 E59.41959 F3000
G1 X-21.611 Y23.945 E59.45481 F3000
G1 X-20.138 Y23.946 E59.69979 F3000
G1 X-19.941 Y23.946 E59.73253 F3000
G1 X-18.626 Y23.946 E59.95119 F3000
G1 X-17.307 Y23.946 E60.17069 F3000
G1 X-17.104 Y23.946 E60.20439 F3000
G1 X-15.615 Y23.946 E60.45195 F3000
G1 X-15.387 Y23.946 E60.48999 F3000
G1 X-15.107 Y23.946 E60.53641 F3000
G1 X-13.290 Y23.946 E60.83857 F3000
G1 X-12.984 Y23.946 E60.88956 F3000
G1 X-10.988 Y23.946 E61.22145 F3000
G1 X-8.963 Y23.946 E61.55821 F3000
G1 X-8.652 Y23.946 E61.60995 F3000
G1 X-6.747 Y23.946 E61.92670 F3000
G1 X-6.455 Y23.946 E61.97536 F3000
G1 X-6.204 Y23.946 E62.01713 F3000
G1 X-4.569 Y23.946 E62.28901 F3000
G1 X-4.349 Y23.946 E62.32561 F3000
G1 X-2.916 Y23.946 E62.56384 F3000
G1 X-1.618 Y23.946 E62.77963 F3000
G1 X-1.419 Y23.946 E62.81278 F3000
G1 X-0.189 Y23.946 E63.01736 F3000
G1 X0.000 Y23.946 E63.04879 F3000
G1 X0.189 Y23.946 E63.08021 F3000
G1 X1.419 Y23.946 E63.28479 F3000
G1 X1.618 Y23.946 E63.31794 F3000
G1 X2.916 Y23.946 E63.53373 F3000
G1 X4.349 Y23.946 E63.77196 F3000
G1 X4.569 Y23.946 E63.80856 F3000
G1 X6.204 Y23.946 E64.08044 F3000
G1 X6.455 Y23.946 E64.12221 F3000
G1 X6.747 Y23.946 E64.17087 F3000
G1 X8.652 Y23.946 E64.48762 F3000
G1 X8.963 Y23.946 E64.53936 F3000
G1 X10.988 Y23.946 E64.87612 F3000
G1 X12.984 Y23.946 E65.20801 F3000
G1 X13.290 Y23.946 E65.25900 F3000
G1 X15.107 Y23.946 E65.56116 F3000
G1 X15.387 Y23.946 E65.60758 F3000
G1 X15.615 Y23.946 E65.64562 F3000
G1 X17.104 Y23.946 E65.89318 F3000
G1 X17.307 Y23.946 E65.92688 F3000
G1 X18.626 Y23.946 E66.14638 F3000
G1 X19.941 Y23.946 E66.36504 F3000
G1 X20.138 Y23.946 E66.39779 F3000
G1 X21.611 Y23.945 E66.64276 F3000
G1 X21.823 Y23.945 E66.67798 F3000
G1 X22.076 Y23.945 E66.72010 F3000
G1 X23.865 Y23.945 E67.01755 F3000
G1 X24.119 Y23.944 E67.05984 F3000
G1 X26.059 Y23.944 E67.38238 F3000
G1 X27.980 Y23.943 E67.70184 F3000
G1 X28.199 Y23.943 E67.73835 F3000
G1 X29.892 Y23.943 E68.01976 F3000
G1 X30.081 Y23.943 E68.05135 F3000
G1 X30.226 Y23.943 E68.07543 F3000
G1 X31.500 Y23.944 E68.28731 F3000
G1 X31.613 Y23.938 E68.30604 F3000
G1 X32.526 Y23.891 E68.45815 F3000
G1 X33.135 Y23.752 E68.56200 F3000
G1 X33.229 Y23.731 E68.57803 F3000
G1 X33.612 Y23.458 E68.65624 F3000
G1 X33.680 Y23.412 E68.66999 F3000
G1 X33.722 Y23.331 E68.68510 F3000
G1 X33.951 Y22.878 E68.76943 F3000
G1 X33.974 Y22.757 E68.78999 F3000
G1 X34.085 Y22.156 E68.89158 F3000
G1 X34.120 Y21.440 E69.01091 F3000
G1 X34.129 Y21.270 E69.03923 F3000
G1 X34.126 Y20.448 E69.17582 F3000
G1 X34.126 Y20.245 E69.20964 F3000
G1 X34.125 Y20.019 E69.24720 F3000
G1 X34.121 Y19.109 E69.39848 F3000
G1 X34.121 Y18.875 E69.43749 F3000
G1 X34.115 Y17.913 E69.59743 F3000
G1 X34.109 Y16.927 E69.76140 F3000
G1 X34.109 Y16.706 E69.79816 F3000
G1 X34.104 Y15.743 E69.95838 F3000
G1 X34.103 Y15.538 E69.99236 F3000
G1 X34.103 Y15.351 E70.02343 F3000
G1 X34.099 Y14.460 E70.17170 F3000
G1 X34.099 Y14.296 E70.19899 F3000
G1 X34.096 Y13.488 E70.33333 F3000
G1 X34.094 Y12.781 E70.45095 F3000
G1 X34.094 Y12.640 E70.47439 F3000
G1 X34.093 Y12.050 E70.57248 F3000
G1 X34.093 Y11.932 E70.59203 F3000
G1 X34.093 Y11.841 E70.60723 F3000
G1 X34.092 Y11.383 E70.68339 F3000
G1 X34.092 Y11.305 E70.69641 F3000
G1 X34.091 Y10.912 E70.76167 F3000
G1 X34.090 Y10.519 E70.82704 F3000
G1 X34.090 Y10.441 E70.84006 F3000
G1 X34.089 Y9.981 E70.91656 F3000
G1 X34.089 Y9.889 E70.93175 F3000
G1 X34.089 Y9.772 E70.95131 F3000
G1 X34.087 Y9.179 E71.04995 F3000
G1 X34.087 Y9.045 E71.07217 F3000
G1 X34.086 Y8.370 E71.18436 F3000
G1 X34.085 Y7.666 E71.30149 F3000
G1 X34.084 Y7.527 E71.32470 F3000
G1 X34.083 Y6.844 E71.43817 F3000
G1 X34.083 Y6.709 E71.46068 F3000
G1 X34.083 Y6.588 E71.48080 F3000
G1 X34.083 Y5.979 E71.58201 F3000
G1 X34.081 Y5.807 E71.61061 F3000
G1 X34.076 Y4.946 E71.75380 F3000
G1 X34.061 Y3.506 E71.99327 F3000
G1 X34.057 Y3.218 E72.04119 F3000
G1 X34.027 Y0.875 E72.43100 F3000
G1 X34.020 Y0.404 E72.50930 F3000
G1 X34.010 Y-0.325 E72.63053 F3000
G1 X33.959 Y-3.889 E73.22327 F3000
G1 X33.946 Y-4.757 E73.36763 F3000
G1 X33.884 Y-8.941 E74.06354 F3000
G1 X33.821 Y-13.161 E74.76536 F3000
G1 X33.807 Y-14.034 E74.91055 F3000
G1 X33.752 Y-17.686 E75.51795 F3000
G1 X33.740 Y-18.448 E75.64473 F3000
G1 X33.732 Y-18.978 E75.73283 F3000
G1 X33.695 Y-21.465 E76.14648 F3000
G1 X33.686 Y-21.811 E76.20405 F3000
G1 X33.642 Y-23.447 E76.47614 F3000
G1 X33.568 Y-24.531 E76.65685 F3000
G1 X33.552 Y-24.755 E76.69428 F3000
G1 X33.424 Y-25.583 E76.83364 F3000
G1 X33.398 Y-25.753 E76.86225 F3000
G1 X33.355 Y-25.930 E76.89245 F3000
G1 X33.149 Y-26.803 E77.04167 F3000
G1 X33.092 Y-26.977 E77.07213 F3000
G1 X32.814 Y-27.839 E77.22278 F3000
G1 X32.470 Y-28.640 E77.36773 F3000
G1 X32.401 Y-28.797 E77.39627 F3000
G1 X31.994 Y-29.490 E77.52990 F3000
G1 X31.917 Y-29.616 E77.55443 F3000
G1 X31.832 Y-29.709 E77.57540 F3000
G1 X31.368 Y-30.234 E77.69186 F3000
G1 X31.276 Y-30.293 E77.71006 F3000
G1 X30.687 Y-30.683 E77.82752 F3000
G1 X29.888 Y-30.963 E77.96836 F3000
G1 X29.805 Y-30.992 E77.98296 F3000
G1 X28.749 Y-31.174 E78.16124 F3000
G1 X28.655 Y-31.190 E78.17703 F3000
G1 X28.536 Y-31.200 E78.19681 F3000
G1 X27.169 Y-31.310 E78.42489 F3000
G1 X27.025 Y-31.315 E78.44888 F3000
G1 X25.474 Y-31.369 E78.70692 F3000
G1 X23.910 Y-31.387 E78.96718 F3000
G1 X23.697 Y-31.389 E79.00249 F3000
G1 X22.203 Y-31.389 E79.25103 F3000
G1 X21.965 Y-31.389 E79.29054 F3000
G1 X21.750 Y-31.389 E79.32638 F3000
G1 X20.406 Y-31.389 E79.54986 F3000
; LAYER:2
; Z:2.500
G0 Z2.500 F600
G0 X20.357 Y-31.398 F9000
G1 X19.605 Y-31.398 E79.67496 F3000
G1 X18.857 Y-31.399 E79.79921 F3000
G1 X18.076 Y-31.399 E79.92909 F3000
G1 X17.272 Y-31.399 E80.06290 F3000
G1 X16.384 Y-31.399 E80.21060 F3000
G1 X15.471 Y-31.399 E80.36246 F3000
G1 X14.387 Y-31.399 E80.54258 F3000
G1 X13.324 Y-31.399 E80.71942 F3000
G1 X12.154 Y-31.399 E80.91393 F3000
G1 X10.997 Y-31.399 E81.10649 F3000
G1 X9.825 Y-31.399 E81.30126 F3000
G1 X8.652 Y-31.399 E81.49638 F3000
G1 X7.549 Y-31.399 E81.67979 F3000
G1 X6.455 Y-31.399 E81.86180 F3000
G1 X5.519 Y-31.399 E82.01734 F3000
G1 X4.569 Y-31.399 E82.17545 F3000
G1 X3.752 Y-31.399 E82.31129 F3000
G1 X2.916 Y-31.399 E82.45027 F3000
G1 X2.157 Y-31.399 E82.57645 F3000
G1 X1.419 Y-31.399 E82.69922 F3000
G1 X0.699 Y-31.399 E82.81899 F3000
G1 X0.000 Y-31.399 E82.93522 F3000
G1 X-0.699 Y-31.399 E83.05145 F3000
G1 X-1.419 Y-31.399 E83.17122 F3000
G1 X-2.157 Y-31.399 E83.29399 F3000
G1 X-2.916 Y-31.399 E83.42016 F3000
G1 X-3.752 Y-31.399 E83.55915 F3000
G1 X-4.569 Y-31.399 E83.69499 F3000
G1 X-5.519 Y-31.399 E83.85309 F3000
G1 X-6.455 Y-31.399 E84.00864 F3000
G1 X-7.549 Y-31.399 E84.19064 F3000
G1 X-8.652 Y-31.399 E84.37406 F3000
G1 X-9.825 Y-31.399 E84.56917 F3000
G1 X-10.997 Y-31.399 E84.76395 F3000
G1 X-12.154 Y-31.399 E84.95650 F3000
G1 X-13.324 Y-31.399 E85.15102 F3000
G1 X-14.387 Y-31.399 E85.32786 F3000
G1 X-15.471 Y-31.399 E85.50798 F3000
G1 X-16.384 Y-31.399 E85.65984 F3000
G1 X-17.272 Y-31.399 E85.80753 F3000
G1 X-18.076 Y-31.399 E85.94135 F3000
G1 X-18.857 Y-31.399 E86.07123 F3000
G1 X-19.605 Y-31.398 E86.19547 F3000
G1 X-20.357 Y-31.398 E86.32058 F3000
G1 X-21.141 Y-31.397 E86.45098 F3000
G1 X-21.899 Y-31.397 E86.57705 F3000
G1 X-22.727 Y-31.396 E86.71471 F3000
G1 X-23.613 Y-31.395 E86.86209 F3000
G1 X-24.427 Y-31.385 E86.99752 F3000
G1 X-25.372 Y-31.372 E87.15464 F3000
G1 X-26.329 Y-31.337 E87.31392 F3000
G1 X-27.050 Y-31.311 E87.43390 F3000
G1 X-27.911 Y-31.242 E87.57749 F3000
G1 X-28.522 Y-31.193 E87.67949 F3000
G1 X-28.997 Y-31.111 E87.75960 F3000
G1 X-29.663 Y-30.998 E87.87201 F3000
G1 X-30.033 Y-30.868 E87.93712 F3000
G1 X-30.540 Y-30.690 E88.02655 F3000
G1 X-30.922 Y-30.433 E88.10316 F3000
G1 X-31.220 Y-30.236 E88.16244 F3000
G1 X-31.520 Y-29.881 E88.23977 F3000
G1 X-31.768 Y-29.601 E88.30200 F3000
G1 X-31.991 Y-29.221 E88.37525 F3000
G1 X-32.250 Y-28.748 E88.46490 F3000
G1 X-32.442 Y-28.302 E88.54572 F3000
G1 X-32.661 Y-27.749 E88.64465 F3000
G1 X-32.839 Y-27.147 E88.74906 F3000
G1 X-32.992 Y-26.671 E88.83224 F3000
G1 X-33.125 Y-26.062 E88.93588 F3000
G1 X-33.238 Y-25.584 E89.01752 F3000
G1 X-33.308 Y-25.131 E89.09367 F3000
G1 X-33.390 Y-24.559 E89.18981 F3000
G1 X-33.431 Y-23.967 E89.28848 F3000
G1 X-33.478 Y-23.237 E89.41025 F3000
G1 X-33.506 Y-22.165 E89.58852 F3000
G1 X-33.530 Y-21.256 E89.73978 F3000
G1 X-33.554 Y-19.662 E90.00489 F3000
G1 X-33.575 Y-18.256 E90.23872 F3000
G1 X-33.606 Y-16.196 E90.58133 F3000
G1 X-33.640 Y-13.876 E90.96722 F3000
G1 X-33.676 Y-11.453 E91.37010 F3000
G1 X-33.715 Y-8.825 E91.80720 F3000
G1 X-33.751 Y-6.310 E92.22559 F3000
G1 X-33.788 Y-3.815 E92.64044 F3000
G1 X-33.817 Y-1.706 E92.99122 F3000
G1 X-33.848 Y0.443 E93.34862 F3000
G1 X-33.866 Y1.852 E93.58294 F3000
G1 X-33.884 Y3.237 E93.81329 F3000
G1 X-33.893 Y4.109 E93.95831 F3000
G1 X-33.902 Y4.954 E94.09895 F3000
G1 X-33.906 Y5.460 E94.18297 F3000
G1 X-33.909 Y5.984 E94.27014 F3000
G1 X-33.910 Y6.343 E94.32986 F3000
G1 X-33.910 Y6.713 E94.39145 F3000
G1 X-33.911 Y7.128 E94.46051 F3000
G1 X-33.913 Y7.531 E94.52746 F3000
G1 X-33.913 Y7.960 E94.59874 F3000
G1 X-33.916 Y8.375 E94.66786 F3000
G1 X-33.918 Y8.773 E94.73407 F3000
G1 X-33.919 Y9.184 E94.80234 F3000
G1 X-33.921 Y9.534 E94.86055 F3000
G1 X-33.921 Y9.895 E94.92058 F3000
G1 X-33.922 Y10.175 E94.96712 F3000
G1 X-33.924 Y10.446 E95.01227 F3000
G1 X-33.924 Y10.685 E95.05204 F3000
G1 X-33.925 Y10.917 E95.09062 F3000
G1 X-33.927 Y11.149 E95.12913 F3000
G1 X-33.927 Y11.388 E95.16884 F3000
G1 X-33.929 Y11.658 E95.21379 F3000
G1 X-33.929 Y11.937 E95.26013 F3000
G1 X-33.930 Y12.296 E95.31981 F3000
G1 X-33.932 Y12.644 E95.37771 F3000
G1 X-33.933 Y13.074 E95.44932 F3000
G1 X-33.936 Y13.492 E95.51880 F3000
G1 X-33.940 Y13.970 E95.59837 F3000
G1 X-33.942 Y14.465 E95.68063 F3000
G1 X-33.948 Y14.995 E95.76868 F3000
G1 X-33.951 Y15.546 E95.86043 F3000
G1 X-33.954 Y16.148 E95.96053 F3000
G1 X-33.962 Y16.719 E96.05542 F3000
G1 X-33.966 Y17.348 E96.16002 F3000
G1 X-33.975 Y17.931 E96.25708 F3000
G1 X-33.983 Y18.503 E96.35215 F3000
G1 X-33.987 Y19.133 E96.45695 F3000
G1 X-33.994 Y19.672 E96.54655 F3000
G1 X-33.997 Y20.273 E96.64655 F3000
G1 X-33.998 Y20.815 E96.73665 F3000
G1 X-34.003 Y21.301 E96.81743 F3000
G1 X-33.980 Y21.766 E96.89484 F3000
G1 X-33.963 Y22.190 E96.96549 F3000
G1 X-33.903 Y22.542 E97.02493 F3000
G1 X-33.833 Y22.916 E97.08807 F3000
G1 X-33.708 Y23.181 E97.13685 F3000
G1 X-33.571 Y23.452 E97.18729 F3000
G1 X-33.348 Y23.611 E97.23293 F3000
G1 X-33.135 Y23.773 E97.27740 F3000
G1 X-32.793 Y23.850 E97.33563 F3000
G1 X-32.450 Y23.932 E97.39426 F3000
G1 X-31.935 Y23.960 E97.48014 F3000
G1 X-31.445 Y23.985 E97.56168 F3000
G1 X-30.716 Y23.985 E97.68299 F3000
G1 X-30.045 Y23.984 E97.79451 F3000
G1 X-29.157 Y23.985 E97.94213 F3000
G1 X-28.177 Y23.985 E98.10524 F3000
G1 X-27.162 Y23.985 E98.27391 F3000
G1 X-26.045 Y23.985 E98.45965 F3000
G1 X-24.906 Y23.986 E98.64909 F3000
G1 X-23.858 Y23.986 E98.82348 F3000
G1 X-22.805 Y23.987 E98.99861 F3000
G1 X-21.819 Y23.987 E99.16244 F3000
G1 X-21.001 Y23.987 E99.29861 F3000
G1 X-20.137 Y23.988 E99.44227 F3000
G1 X-19.399 Y23.988 E99.56494 F3000
G1 X-18.626 Y23.988 E99.69349 F3000
G1 X-17.848 Y23.988 E99.82286 F3000
G1 X-17.104 Y23.988 E99.94663 F3000
G1 X-16.226 Y23.988 E100.09256 F3000
G1 X-15.387 Y23.988 E100.23223 F3000
G1 X-14.361 Y23.988 E100.40270 F3000
G1 X-13.290 Y23.988 E100.58081 F3000
G1 X-12.165 Y23.988 E100.76806 F3000
G1 X-10.988 Y23.988 E100.96369 F3000
G1 X-9.795 Y23.988 E101.16219 F3000
G1 X-8.652 Y23.988 E101.35218 F3000
G1 X-7.529 Y23.988 E101.53889 F3000
G1 X-6.455 Y23.988 E101.71760 F3000
G1 X-5.532 Y23.988 E101.87099 F3000
G1 X-4.569 Y23.988 E102.03125 F3000
G1 X-3.760 Y23.988 E102.16566 F3000
G1 X-2.916 Y23.988 E102.30608 F3000
G1 X-2.151 Y23.988 E102.43327 F3000
G1 X-1.419 Y23.988 E102.55502 F3000
G1 X-0.694 Y23.988 E102.67561 F3000
G1 X0.000 Y23.988 E102.79102 F3000
G1 X0.694 Y23.988 E102.90644 F3000
G1 X1.419 Y23.988 E103.02702 F3000
G1 X2.151 Y23.988 E103.14877 F3000
G1 X2.916 Y23.988 E103.27597 F3000
G1 X3.760 Y23.988 E103.41639 F3000
G1 X4.569 Y23.988 E103.55079 F3000
G1 X5.532 Y23.988 E103.71105 F3000
G1 X6.455 Y23.988 E103.86444 F3000
G1 X7.529 Y23.988 E104.04315 F3000
G1 X8.652 Y23.988 E104.22986 F3000
G1 X9.795 Y23.988 E104.41986 F3000
G1 X10.988 Y23.988 E104.61836 F3000
G1 X12.165 Y23.988 E104.81399 F3000
G1 X13.290 Y23.988 E105.00124 F3000
G1 X14.361 Y23.988 E105.17935 F3000
G1 X15.387 Y23.988 E105.34982 F3000
G1 X16.226 Y23.988 E105.48949 F3000
G1 X17.104 Y23.988 E105.63541 F3000
G1 X17.848 Y23.988 E105.75918 F3000
G1 X18.626 Y23.988 E105.88855 F3000
G1 X19.399 Y23.988 E106.01710 F3000
G1 X20.137 Y23.988 E106.13977 F3000
G1 X21.001 Y23.987 E106.28344 F3000
G1 X21.819 Y23.987 E106.41960 F3000
G1 X22.805 Y23.987 E106.58344 F3000
G1 X23.858 Y23.986 E106.75857 F3000
G1 X24.906 Y23.986 E106.93296 F3000
G1 X26.045 Y23.985 E107.12240 F3000
G1 X27.162 Y23.985 E107.30813 F3000
G1 X28.177 Y23.985 E107.47681 F3000
G1 X29.157 Y23.985 E107.63991 F3000
G1 X30.045 Y23.984 E107.78754 F3000
G1 X30.716 Y23.985 E107.89906 F3000
G1 X31.445 Y23.985 E108.02036 F3000
G1 X31.935 Y23.960 E108.10191 F3000
G1 X32.450 Y23.932 E108.18778 F3000
G1 X32.793 Y23.850 E108.24641 F3000
G1 X33.135 Y23.773 E108.30464 F3000
G1 X33.348 Y23.611 E108.34912 F3000
G1 X33.571 Y23.452 E108.39476 F3000
G1 X33.708 Y23.181 E108.44519 F3000
G1 X33.833 Y22.916 E108.49398 F3000
G1 X33.903 Y22.542 E108.55711 F3000
G1 X33.963 Y22.190 E108.61656 F3000
G1 X33.980 Y21.766 E108.68720 F3000
G1 X34.003 Y21.301 E108.76461 F3000
G1 X33.998 Y20.815 E108.84540 F3000
G1 X33.997 Y20.273 E108.93549 F3000
G1 X33.994 Y19.672 E109.03550 F3000
G1 X33.987 Y19.133 E109.12509 F3000
G1 X33.983 Y18.503 E109.22990 F3000
G1 X33.975 Y17.931 E109.32496 F3000
G1 X33.966 Y17.348 E109.42202 F3000
G1 X33.962 Y16.719 E109.52663 F3000
G1 X33.954 Y16.148 E109.62151 F3000
G1 X33.951 Y15.546 E109.72162 F3000
G1 X33.948 Y14.995 E109.81336 F3000
G1 X33.942 Y14.465 E109.90142 F3000
G1 X33.940 Y13.970 E109.98368 F3000
G1 X33.936 Y13.492 E110.06325 F3000
G1 X33.933 Y13.074 E110.13273 F3000
G1 X33.932 Y12.644 E110.20434 F3000
G1 X33.930 Y12.296 E110.26223 F3000
G1 X33.929 Y11.937 E110.32191 F3000
G1 X33.929 Y11.658 E110.36826 F3000
G1 X33.927 Y11.388 E110.41321 F3000
G1 X33.927 Y11.149 E110.45291 F3000
G1 X33.925 Y10.917 E110.49143 F3000
G1 X33.924 Y10.685 E110.53000 F3000
G1 X33.924 Y10.446 E110.56978 F3000
G1 X33.922 Y10.175 E110.61492 F3000
G1 X33.921 Y9.895 E110.66147 F3000
G1 X33.921 Y9.534 E110.72150 F3000
G1 X33.919 Y9.184 E110.77971 F3000
G1 X33.918 Y8.773 E110.84798 F3000
G1 X33.916 Y8.375 E110.91418 F3000
G1 X33.913 Y7.960 E110.98330 F3000
G1 X33.913 Y7.531 E111.05458 F3000
G1 X33.911 Y7.128 E111.12154 F3000
G1 X33.910 Y6.713 E111.19059 F3000
G1 X33.910 Y6.343 E111.25218 F3000
G1 X33.909 Y5.984 E111.31190 F3000
G1 X33.906 Y5.460 E111.39907 F3000
G1 X33.902 Y4.954 E111.48310 F3000
G1 X33.893 Y4.109 E111.62373 F3000
G1 X33.884 Y3.237 E111.76875 F3000
G1 X33.866 Y1.852 E111.99910 F3000
G1 X33.848 Y0.443 E112.23343 F3000
G1 X33.817 Y-1.706 E112.59083 F3000
G1 X33.788 Y-3.815 E112.94160 F3000
G1 X33.751 Y-6.310 E113.35646 F3000
G1 X33.715 Y-8.825 E113.77485 F3000
G1 X33.676 Y-11.453 E114.21195 F3000
G1 X33.640 Y-13.876 E114.61482 F3000
G1 X33.606 Y-16.196 E115.00072 F3000
G1 X33.575 Y-18.256 E115.34332 F3000
G1 X33.554 Y-19.662 E115.57715 F3000
G1 X33.530 Y-21.256 E115.84226 F3000
G1 X33.506 Y-22.165 E115.99353 F3000
G1 X33.478 Y-23.237 E116.17180 F3000
G1 X33.431 Y-23.967 E116.29356 F3000
G1 X33.390 Y-24.559 E116.39224 F3000
G1 X33.308 Y-25.131 E116.48837 F3000
G1 X33.238 Y-25.584 E116.56453 F3000
G1 X33.125 Y-26.062 E116.64616 F3000
G1 X32.992 Y-26.671 E116.74981 F3000
G1 X32.839 Y-27.147 E116.83298 F3000
G1 X32.661 Y-27.749 E116.93740 F3000
G1 X32.442 Y-28.302 E117.03632 F3000
G1 X32.250 Y-28.748 E117.11715 F3000
G1 X31.991 Y-29.221 E117.20679 F3000
G1 X31.768 Y-29.601 E117.28005 F3000
G1 X31.520 Y-29.881 E117.34228 F3000
G1 X31.220 Y-30.236 E117.41961 F3000
G1 X30.922 Y-30.433 E117.47889 F3000
G1 X30.540 Y-30.690 E117.55549 F3000
G1 X30.033 Y-30.868 E117.64492 F3000
G1 X29.663 Y-30.998 E117.71003 F3000
G1 X28.997 Y-31.111 E117.82245 F3000
G1 X28.522 Y-31.193 E117.90256 F3000
G1 X27.911 Y-31.242 E118.00455 F3000
G1 X27.050 Y-31.311 E118.14815 F3000
G1 X26.329 Y-31.337 E118.26812 F3000
G1 X25.372 Y-31.372 E118.42741 F3000
G1 X24.427 Y-31.385 E118.58452 F3000
G1 X23.613 Y-31.395 E118.71996 F3000
G1 X22.727 Y-31.396 E118.86733 F3000
G1 X21.899 Y-31.397 E119.00500 F3000
G1 X21.141 Y-31.397 E119.13106 F3000
G1 X20.357 Y-31.398 E119.26147 F3000
; LAYER:3
; Z:3.500
G0 Z3.500 F600
G0 X33.037 Y23.813 F9000
G1 X33.001 Y23.822 E119.26770 F3000
G1 X32.373 Y23.973 E119.37502 F3000
G1 X31.452 Y24.022 E119.52838 F3000
G1 X31.389 Y24.026 E119.53894 F3000
G1 X30.101 Y24.025 E119.75306 F3000
G1 X30.008 Y24.025 E119.76864 F3000
G1 X29.880 Y24.025 E119.78992 F3000
G1 X28.153 Y24.025 E120.07708 F3000
G1 X28.007 Y24.025 E120.10140 F3000
G1 X26.031 Y24.026 E120.42989 F3000
G1 X23.991 Y24.027 E120.76920 F3000
G1 X23.850 Y24.027 E120.79267 F3000
G1 X21.942 Y24.027 E121.10993 F3000
G1 X21.816 Y24.027 E121.13099 F3000
G1 X21.711 Y24.027 E121.14835 F3000
G1 X20.135 Y24.028 E121.41043 F3000
G1 X20.044 Y24.028 E121.42568 F3000
G1 X18.626 Y24.028 E121.66146 F3000
G1 X17.195 Y24.028 E121.89939 F3000
G1 X17.104 Y24.028 E121.91453 F3000
G1 X15.489 Y24.028 E122.18303 F3000
G1 X15.387 Y24.028 E122.20013 F3000
G1 X15.261 Y24.028 E122.22099 F3000
G1 X13.290 Y24.028 E122.54871 F3000
G1 X13.153 Y24.028 E122.57163 F3000
G1 X10.988 Y24.028 E122.93159 F3000
G1 X8.792 Y24.028 E123.29683 F3000
G1 X8.652 Y24.028 E123.32009 F3000
G1 X6.586 Y24.028 E123.66363 F3000
G1 X6.455 Y24.028 E123.68550 F3000
G1 X6.342 Y24.028 E123.70428 F3000
G1 X4.569 Y24.028 E123.99915 F3000
G1 X4.470 Y24.028 E124.01560 F3000
G1 X2.916 Y24.028 E124.27398 F3000
G1 X1.509 Y24.028 E124.50802 F3000
G1 X1.419 Y24.028 E124.52292 F3000
G1 X0.085 Y24.028 E124.74480 F3000
G1 X0.000 Y24.028 E124.75892 F3000
G1 X-0.085 Y24.028 E124.77305 F3000
G1 X-1.419 Y24.028 E124.99493 F3000
G1 X-1.509 Y24.028 E125.00983 F3000
G1 X-2.916 Y24.028 E125.24387 F3000
G1 X-4.470 Y24.028 E125.50225 F3000
G1 X-4.569 Y24.028 E125.51870 F3000
G1 X-6.342 Y24.028 E125.81357 F3000
G1 X-6.455 Y24.028 E125.83235 F3000
G1 X-6.586 Y24.028 E125.85422 F3000
G1 X-8.652 Y24.028 E126.19776 F3000
G1 X-8.792 Y24.028 E126.22102 F3000
G1 X-10.988 Y24.028 E126.58626 F3000
G1 X-13.153 Y24.028 E126.94622 F3000
G1 X-13.290 Y24.028 E126.96914 F3000
G1 X-15.261 Y24.028 E127.29686 F3000
G1 X-15.387 Y24.028 E127.31772 F3000
G1 X-15.489 Y24.028 E127.33482 F3000
G1 X-17.104 Y24.028 E127.60332 F3000
G1 X-17.195 Y24.028 E127.61845 F3000
G1 X-18.626 Y24.028 E127.85639 F3000
G1 X-20.044 Y24.028 E128.09217 F3000
G1 X-20.135 Y24.028 E128.10742 F3000
G1 X-21.711 Y24.027 E128.36950 F3000
G1 X-21.816 Y24.027 E128.38686 F3000
G1 X-21.942 Y24.027 E128.40792 F3000
G1 X-23.850 Y24.027 E128.72518 F3000
G1 X-23.991 Y24.027 E128.74865 F3000
G1 X-26.031 Y24.026 E129.08796 F3000
G1 X-28.007 Y24.025 E129.41645 F3000
G1 X-28.153 Y24.025 E129.44077 F3000
G1 X-29.880 Y24.025 E129.72793 F3000
G1 X-30.008 Y24.025 E129.74921 F3000
G1 X-30.101 Y24.025 E129.76479 F3000
G1 X-31.389 Y24.026 E129.97891 F3000
G1 X-31.452 Y24.022 E129.98947 F3000
G1 X-32.373 Y23.973 E130.14283 F3000
G1 X-33.001 Y23.822 E130.25015 F3000
G1 X-33.037 Y23.813 E130.25638 F3000
G1 X-33.436 Y23.508 E130.33992 F3000
G1 X-33.468 Y23.463 E130.34902 F3000
G1 X-33.707 Y22.955 E130.44251 F3000
G1 X-33.712 Y22.922 E130.44801 F3000
G1 X-33.830 Y22.228 E130.56506 F3000
G1 X-33.866 Y21.367 E130.70839 F3000
G1 X-33.857 Y20.338 E130.87953 F3000
G1 X-33.857 Y20.306 E130.88493 F3000
G1 X-33.856 Y20.269 E130.89097 F3000
G1 X-33.841 Y19.160 E131.07552 F3000
G1 X-33.840 Y19.120 E131.08213 F3000
G1 X-33.823 Y17.951 E131.27657 F3000
G1 X-33.806 Y16.780 E131.47126 F3000
G1 X-33.804 Y16.731 E131.47943 F3000
G1 X-33.789 Y15.605 E131.66675 F3000
G1 X-33.787 Y15.553 E131.67542 F3000
G1 X-33.786 Y15.505 E131.68343 F3000
G1 X-33.775 Y14.468 E131.85584 F3000
G1 X-33.774 Y14.423 E131.86338 F3000
G1 X-33.766 Y13.493 E132.01799 F3000
G1 X-33.760 Y12.684 E132.15243 F3000
G1 X-33.760 Y12.644 E132.15919 F3000
G1 X-33.756 Y11.970 E132.27117 F3000
G1 X-33.755 Y11.910 E132.28115 F3000
G1 X-33.752 Y11.388 E132.36809 F3000
G1 X-33.752 Y11.365 E132.37182 F3000
G1 X-33.749 Y10.917 E132.44631 F3000
G1 X-33.747 Y10.469 E132.52092 F3000
G1 X-33.743 Y9.921 E132.61198 F3000
G1 X-33.743 Y9.861 E132.62200 F3000
G1 X-33.739 Y9.184 E132.73460 F3000
G1 X-33.738 Y9.145 E132.74102 F3000
G1 X-33.734 Y8.375 E132.86907 F3000
G1 X-33.730 Y7.571 E133.00277 F3000
G1 X-33.726 Y6.752 E133.13899 F3000
G1 X-33.726 Y6.713 E133.14548 F3000
G1 X-33.726 Y6.678 E133.15127 F3000
G1 X-33.724 Y5.984 E133.26679 F3000
G1 X-33.724 Y5.935 E133.27488 F3000
G1 X-33.717 Y4.958 E133.43741 F3000
G1 X-33.700 Y3.336 E133.70707 F3000
G1 X-33.699 Y3.251 E133.72131 F3000
G1 X-33.666 Y0.631 E134.15705 F3000
G1 X-33.664 Y0.478 E134.18242 F3000
G1 X-33.661 Y0.237 E134.22254 F3000
G1 X-33.605 Y-3.743 E134.88453 F3000
G1 X-33.600 Y-4.077 E134.93998 F3000
G1 X-33.534 Y-8.709 E135.71037 F3000
G1 X-33.467 Y-13.278 E136.47034 F3000
G1 X-33.461 Y-13.715 E136.54295 F3000
G1 X-33.404 Y-17.626 E137.19352 F3000
G1 X-33.398 Y-18.060 E137.26557 F3000
G1 X-33.394 Y-18.376 E137.31813 F3000
G1 X-33.355 Y-21.043 E137.76183 F3000
G1 X-33.349 Y-21.275 E137.80031 F3000
G1 X-33.304 Y-23.026 E138.09161 F3000
G1 X-33.228 Y-24.194 E138.28639 F3000
G1 X-33.218 Y-24.365 E138.31480 F3000
G1 X-33.086 Y-25.280 E138.46849 F3000
G1 X-33.069 Y-25.419 E138.49178 F3000
G1 X-33.041 Y-25.568 E138.51697 F3000
G1 X-32.829 Y-26.544 E138.68307 F3000
G1 X-32.792 Y-26.687 E138.70773 F3000
G1 X-32.504 Y-27.663 E138.87689 F3000
G1 X-32.143 Y-28.574 E139.03980 F3000
G1 X-32.099 Y-28.700 E139.06212 F3000
G1 X-31.674 Y-29.474 E139.20889 F3000
G1 X-31.621 Y-29.582 E139.22890 F3000
G1 X-31.558 Y-29.660 E139.24559 F3000
G1 X-31.075 Y-30.233 E139.37016 F3000
G1 X-30.991 Y-30.291 E139.38722 F3000
G1 X-30.397 Y-30.692 E139.50633 F3000
G1 X-29.646 Y-30.955 E139.63871 F3000
G1 X-29.523 Y-30.998 E139.66037 F3000
G1 X-28.549 Y-31.164 E139.82472 F3000
G1 X-28.388 Y-31.190 E139.85172 F3000
G1 X-28.191 Y-31.206 E139.88465 F3000
G1 X-26.929 Y-31.308 E140.09519 F3000
G1 X-26.728 Y-31.315 E140.12863 F3000
G1 X-25.268 Y-31.369 E140.37169 F3000
G1 X-23.681 Y-31.390 E140.63564 F3000
G1 X-23.527 Y-31.392 E140.66118 F3000
G1 X-21.948 Y-31.395 E140.92376 F3000
G1 X-21.832 Y-31.396 E140.94314 F3000
G1 X-21.733 Y-31.396 E140.95955 F3000
G1 X-20.307 Y-31.398 E141.19670 F3000
G1 X-20.226 Y-31.398 E141.21013 F3000
G1 X-18.823 Y-31.399 E141.44341 F3000
G1 X-17.325 Y-31.399 E141.69252 F3000
G1 X-17.251 Y-31.399 E141.70485 F3000
G1 X-15.544 Y-31.399 E141.98869 F3000
G1 X-15.460 Y-31.399 E142.00269 F3000
G1 X-15.359 Y-31.399 E142.01951 F3000
G1 X-13.320 Y-31.399 E142.35863 F3000
G1 X-13.209 Y-31.399 E142.37713 F3000
G1 X-10.995 Y-31.399 E142.74518 F3000
G1 X-8.769 Y-31.399 E143.11542 F3000
G1 X-8.652 Y-31.399 E143.13490 F3000
G1 X-6.567 Y-31.399 E143.48159 F3000
G1 X-6.455 Y-31.399 E143.50032 F3000
G1 X-6.358 Y-31.399 E143.51641 F3000
G1 X-4.569 Y-31.399 E143.81397 F3000
G1 X-4.482 Y-31.399 E143.82835 F3000
G1 X-2.916 Y-31.399 E144.08880 F3000
G1 X-1.499 Y-31.399 E144.32438 F3000
G1 X-1.419 Y-31.399 E144.33774 F3000
G1 X-0.076 Y-31.399 E144.56103 F3000
G1 X0.000 Y-31.399 E144.57374 F3000
G1 X0.076 Y-31.399 E144.58645 F3000
G1 X1.419 Y-31.399 E144.80974 F3000
G1 X1.499 Y-31.399 E144.82310 F3000
G1 X2.916 Y-31.399 E145.05869 F3000
G1 X4.482 Y-31.399 E145.31913 F3000
G1 X4.569 Y-31.399 E145.33351 F3000
G1 X6.358 Y-31.399 E145.63107 F3000
G1 X6.455 Y-31.399 E145.64716 F3000
G1 X6.567 Y-31.399 E145.66589 F3000
G1 X8.652 Y-31.399 E146.01258 F3000
G1 X8.769 Y-31.399 E146.03206 F3000
G1 X10.995 Y-31.399 E146.40230 F3000
G1 X13.209 Y-31.399 E146.77035 F3000
G1 X13.320 Y-31.399 E146.78885 F3000
G1 X15.359 Y-31.399 E147.12797 F3000
G1 X15.460 Y-31.399 E147.14479 F3000
G1 X15.544 Y-31.399 E147.15879 F3000
G1 X17.251 Y-31.399 E147.44263 F3000
G1 X17.325 Y-31.399 E147.45496 F3000
G1 X18.823 Y-31.399 E147.70407 F3000
G1 X20.226 Y-31.398 E147.93735 F3000
G1 X20.307 Y-31.398 E147.95078 F3000
G1 X21.733 Y-31.396 E148.18793 F3000
G1 X21.832 Y-31.396 E148.20434 F3000
G1 X21.948 Y-31.395 E148.22372 F3000
G1 X23.527 Y-31.392 E148.48630 F3000
G1 X23.681 Y-31.390 E148.51184 F3000
G1 X25.268 Y-31.369 E148.77579 F3000
G1 X26.728 Y-31.315 E149.01885 F3000
G1 X26.929 Y-31.308 E149.05229 F3000
G1 X28.191 Y-31.206 E149.26283 F3000
G1 X28.388 Y-31.190 E149.29576 F3000
G1 X28.549 Y-31.164 E149.32276 F3000
G1 X29.523 Y-30.998 E149.48711 F3000
G1 X29.646 Y-30.955 E149.50877 F3000
G1 X30.397 Y-30.692 E149.64115 F3000
G1 X30.991 Y-30.291 E149.76026 F3000
G1 X31.075 Y-30.233 E149.77732 F3000
G1 X31.558 Y-29.660 E149.90189 F3000
G1 X31.621 Y-29.582 E149.91858 F3000
G1 X31.674 Y-29.474 E149.93859 F3000
G1 X32.099 Y-28.700 E150.08536 F3000
G1 X32.143 Y-28.574 E150.10768 F3000
G1 X32.504 Y-27.663 E150.27059 F3000
G1 X32.792 Y-26.687 E150.43975 F3000
G1 X32.829 Y-26.544 E150.46441 F3000
G1 X33.041 Y-25.568 E150.63051 F3000
G1 X33.069 Y-25.419 E150.65570 F3000
G1 X33.086 Y-25.280 E150.67899 F3000
G1 X33.218 Y-24.365 E150.83268 F3000
G1 X33.228 Y-24.194 E150.86109 F3000
G1 X33.304 Y-23.026 E151.05587 F3000
G1 X33.349 Y-21.275 E151.34717 F3000
G1 X33.355 Y-21.043 E151.38565 F3000
G1 X33.394 Y-18.376 E151.82935 F3000
G1 X33.398 Y-18.060 E151.88191 F3000
G1 X33.404 Y-17.626 E151.95396 F3000
G1 X33.461 Y-13.715 E152.60453 F3000
G1 X33.467 Y-13.278 E152.67714 F3000
G1 X33.534 Y-8.709 E153.43711 F3000
G1 X33.600 Y-4.077 E154.20750 F3000
G1 X33.605 Y-3.743 E154.26295 F3000
G1 X33.661 Y0.237 E154.92494 F3000
G1 X33.664 Y0.478 E154.96506 F3000
G1 X33.666 Y0.631 E154.99043 F3000
G1 X33.699 Y3.251 E155.42617 F3000
G1 X33.700 Y3.336 E155.44042 F3000
G1 X33.717 Y4.958 E155.71007 F3000
G1 X33.724 Y5.935 E155.87260 F3000
G1 X33.724 Y5.984 E155.88069 F3000
G1 X33.726 Y6.678 E155.99621 F3000
G1 X33.726 Y6.752 E156.00849 F3000
G1 X33.730 Y7.531 E156.13801 F3000
G1 X33.730 Y7.571 E156.14471 F3000
G1 X33.734 Y8.375 E156.27841 F3000
G1 X33.738 Y9.145 E156.40646 F3000
G1 X33.739 Y9.184 E156.41288 F3000
G1 X33.743 Y9.861 E156.52548 F3000
G1 X33.743 Y9.895 E156.53112 F3000
G1 X33.743 Y9.921 E156.53550 F3000
G1 X33.746 Y10.446 E156.62282 F3000
G1 X33.747 Y10.469 E156.62656 F3000
G1 X33.749 Y10.917 E156.70117 F3000
G1 X33.752 Y11.365 E156.77566 F3000
G1 X33.752 Y11.388 E156.77939 F3000
G1 X33.755 Y11.910 E156.86633 F3000
G1 X33.756 Y11.937 E156.87070 F3000
G1 X33.756 Y11.970 E156.87631 F3000
G1 X33.760 Y12.644 E156.98829 F3000
G1 X33.760 Y12.684 E156.99505 F3000
G1 X33.766 Y13.493 E157.12949 F3000
G1 X33.774 Y14.423 E157.28410 F3000
G1 X33.775 Y14.468 E157.29164 F3000
G1 X33.786 Y15.505 E157.46405 F3000
G1 X33.787 Y15.553 E157.47206 F3000
G1 X33.789 Y15.605 E157.48073 F3000
G1 X33.804 Y16.731 E157.66805 F3000
G1 X33.806 Y16.780 E157.67622 F3000
G1 X33.823 Y17.951 E157.87091 F3000
G1 X33.840 Y19.120 E158.06535 F3000
G1 X33.841 Y19.160 E158.07196 F3000
G1 X33.856 Y20.269 E158.25651 F3000
G1 X33.857 Y20.306 E158.26255 F3000
G1 X33.857 Y20.338 E158.26795 F3000
G1 X33.867 Y21.337 E158.43405 F3000
G1 X33.866 Y21.367 E158.43910 F3000
G1 X33.830 Y22.228 E158.58242 F3000
G1 X33.712 Y22.922 E158.69948 F3000
G1 X33.707 Y22.955 E158.70498 F3000
G1 X33.468 Y23.463 E158.79846 F3000
G1 X33.456 Y23.491 E158.80348 F3000
G1 X33.436 Y23.508 E158.80782 F3000
G1 X33.037 Y23.813 E158.89136 F3000
; LAYER:4
; Z:4.500
G0 Z4.500 F600
G0 X32.937 Y23.865 F9000
G1 X32.675 Y23.933 E158.93645 F3000
G1 X32.294 Y24.025 E159.00165 F3000
G1 X31.734 Y24.055 E159.09484 F3000
G1 X31.331 Y24.078 E159.16211 F3000
G1 X30.550 Y24.078 E159.29189 F3000
G1 X29.968 Y24.077 E159.38869 F3000
G1 X29.173 Y24.077 E159.52090 F3000
G1 X28.127 Y24.077 E159.69479 F3000
G1 X27.214 Y24.078 E159.84676 F3000
G1 X26.016 Y24.078 E160.04593 F3000
G1 X24.779 Y24.078 E160.25166 F3000
G1 X23.841 Y24.079 E160.40758 F3000
G1 X22.683 Y24.079 E160.60026 F3000
G1 X21.811 Y24.079 E160.74518 F3000
G1 X21.093 Y24.080 E160.86463 F3000
G1 X20.133 Y24.080 E161.02420 F3000
G1 X19.489 Y24.080 E161.13139 F3000
G1 X18.625 Y24.080 E161.27500 F3000
G1 X17.754 Y24.080 E161.41993 F3000
G1 X17.104 Y24.080 E161.52801 F3000
G1 X16.120 Y24.080 E161.69157 F3000
G1 X15.387 Y24.080 E161.81360 F3000
G1 X14.491 Y24.080 E161.96254 F3000
G1 X13.290 Y24.080 E162.16218 F3000
G1 X12.307 Y24.080 E162.32578 F3000
G1 X10.988 Y24.080 E162.54507 F3000
G1 X9.650 Y24.080 E162.76757 F3000
G1 X8.652 Y24.080 E162.93356 F3000
G1 X7.394 Y24.080 E163.14284 F3000
G1 X6.455 Y24.080 E163.29898 F3000
G1 X5.649 Y24.080 E163.43299 F3000
G1 X4.569 Y24.080 E163.61263 F3000
G1 X3.863 Y24.080 E163.73005 F3000
G1 X2.916 Y24.080 E163.88745 F3000
G1 X2.059 Y24.080 E164.03003 F3000
G1 X1.419 Y24.080 E164.13640 F3000
G1 X0.606 Y24.080 E164.27156 F3000
G1 X0.000 Y24.080 E164.37240 F3000
G1 X-0.606 Y24.080 E164.47323 F3000
G1 X-1.419 Y24.080 E164.60840 F3000
G1 X-2.059 Y24.080 E164.71477 F3000
G1 X-2.916 Y24.080 E164.85734 F3000
G1 X-3.863 Y24.080 E165.01474 F3000
G1 X-4.569 Y24.080 E165.13217 F3000
G1 X-5.649 Y24.080 E165.31181 F3000
G1 X-6.455 Y24.080 E165.44582 F3000
G1 X-7.394 Y24.080 E165.60195 F3000
G1 X-8.652 Y24.080 E165.81124 F3000
G1 X-9.650 Y24.080 E165.97723 F3000
G1 X-10.988 Y24.080 E166.19973 F3000
G1 X-12.307 Y24.080 E166.41902 F3000
G1 X-13.290 Y24.080 E166.58261 F3000
G1 X-14.491 Y24.080 E166.78226 F3000
G1 X-15.387 Y24.080 E166.93120 F3000
G1 X-16.120 Y24.080 E167.05322 F3000
G1 X-17.104 Y24.080 E167.21679 F3000
G1 X-17.754 Y24.080 E167.32487 F3000
G1 X-18.625 Y24.080 E167.46979 F3000
G1 X-19.489 Y24.080 E167.61341 F3000
G1 X-20.133 Y24.080 E167.72060 F3000
G1 X-21.093 Y24.080 E167.88016 F3000
G1 X-21.811 Y24.079 E167.99961 F3000
G1 X-22.683 Y24.079 E168.14454 F3000
G1 X-23.841 Y24.079 E168.33721 F3000
G1 X-24.779 Y24.078 E168.49313 F3000
G1 X-26.016 Y24.078 E168.69886 F3000
G1 X-27.214 Y24.078 E168.89803 F3000
G1 X-28.127 Y24.077 E169.05000 F3000
G1 X-29.173 Y24.077 E169.22390 F3000
G1 X-29.968 Y24.077 E169.35611 F3000
G1 X-30.550 Y24.078 E169.45291 F3000
G1 X-31.331 Y24.078 E169.58268 F3000
G1 X-31.734 Y24.055 E169.64996 F3000
G1 X-32.294 Y24.025 E169.74314 F3000
G1 X-32.675 Y23.933 E169.80835 F3000
G1 X-32.937 Y23.865 E169.85344 F3000
G1 X-33.181 Y23.679 E169.90438 F3000
G1 X-33.340 Y23.543 E169.93915 F3000
G1 X-33.433 Y23.320 E169.97936 F3000
G1 X-33.580 Y23.006 E170.03697 F3000
G1 X-33.624 Y22.709 E170.08698 F3000
G1 X-33.697 Y22.279 E170.15952 F3000
G1 X-33.719 Y21.745 E170.24833 F3000
G1 X-33.729 Y21.385 E170.30829 F3000
G1 X-33.723 Y20.763 E170.41166 F3000
G1 X-33.715 Y20.349 E170.48061 F3000
G1 X-33.703 Y19.886 E170.55753 F3000
G1 X-33.694 Y19.195 E170.67253 F3000
G1 X-33.680 Y18.703 E170.75436 F3000
G1 X-33.670 Y17.977 E170.87517 F3000
G1 X-33.659 Y17.249 E170.99614 F3000
G1 X-33.644 Y16.748 E171.07963 F3000
G1 X-33.635 Y16.050 E171.19558 F3000
G1 X-33.622 Y15.561 E171.27696 F3000
G1 X-33.612 Y15.110 E171.35209 F3000
G1 X-33.605 Y14.471 E171.45820 F3000
G1 X-33.598 Y14.066 E171.52572 F3000
G1 X-33.593 Y13.494 E171.62077 F3000
G1 X-33.589 Y12.997 E171.70343 F3000
G1 X-33.584 Y12.644 E171.76214 F3000
G1 X-33.582 Y12.230 E171.83095 F3000
G1 X-33.578 Y11.937 E171.87975 F3000
G1 X-33.576 Y11.709 E171.91763 F3000
G1 X-33.574 Y11.388 E171.97106 F3000
G1 X-33.572 Y11.193 E172.00351 F3000
G1 X-33.570 Y10.917 E172.04929 F3000
G1 X-33.568 Y10.642 E172.09514 F3000
G1 X-33.566 Y10.446 E172.12765 F3000
G1 X-33.564 Y10.124 E172.18131 F3000
G1 X-33.562 Y9.895 E172.21934 F3000
G1 X-33.558 Y9.600 E172.26839 F3000
G1 X-33.556 Y9.184 E172.33758 F3000
G1 X-33.552 Y8.848 E172.39336 F3000
G1 X-33.549 Y8.375 E172.47206 F3000
G1 X-33.547 Y7.881 E172.55423 F3000
G1 X-33.543 Y7.531 E172.61246 F3000
G1 X-33.541 Y7.052 E172.69206 F3000
G1 X-33.538 Y6.713 E172.74848 F3000
G1 X-33.537 Y6.411 E172.79879 F3000
G1 X-33.535 Y5.984 E172.86979 F3000
G1 X-33.532 Y5.561 E172.94007 F3000
G1 X-33.528 Y4.961 E173.03980 F3000
G1 X-33.518 Y3.966 E173.20526 F3000
G1 X-33.511 Y3.265 E173.32187 F3000
G1 X-33.490 Y1.665 E173.58796 F3000
G1 X-33.476 Y0.515 E173.77928 F3000
G1 X-33.453 Y-1.304 E174.08175 F3000
G1 X-33.420 Y-3.668 E174.47504 F3000
G1 X-33.390 Y-5.899 E174.84602 F3000
G1 X-33.351 Y-8.588 E175.29318 F3000
G1 X-33.312 Y-11.240 E175.73430 F3000
G1 X-33.281 Y-13.548 E176.11812 F3000
G1 X-33.248 Y-15.759 E176.48585 F3000
G1 X-33.220 Y-17.857 E176.83479 F3000
G1 X-33.199 Y-19.387 E177.08937 F3000
G1 X-33.178 Y-20.826 E177.32859 F3000
G1 X-33.153 Y-21.881 E177.50422 F3000
G1 X-33.129 Y-22.812 E177.65900 F3000
G1 X-33.089 Y-23.433 E177.76249 F3000
G1 X-33.046 Y-24.170 E177.88537 F3000
G1 X-32.976 Y-24.653 E177.96644 F3000
G1 X-32.902 Y-25.256 E178.06741 F3000
G1 X-32.782 Y-25.901 E178.17659 F3000
G1 X-32.670 Y-26.420 E178.26486 F3000
G1 X-32.508 Y-27.057 E178.37414 F3000
G1 X-32.353 Y-27.580 E178.46491 F3000
G1 X-32.160 Y-28.069 E178.55233 F3000
G1 X-31.956 Y-28.655 E178.65555 F3000
G1 X-31.727 Y-29.074 E178.73493 F3000
G1 X-31.483 Y-29.565 E178.82616 F3000
G1 X-31.197 Y-29.923 E178.90230 F3000
G1 X-30.937 Y-30.230 E178.96926 F3000
G1 X-30.573 Y-30.481 E179.04274 F3000
G1 X-30.257 Y-30.694 E179.10608 F3000
G1 X-29.858 Y-30.834 E179.17648 F3000
G1 X-29.383 Y-30.999 E179.26007 F3000
G1 X-28.868 Y-31.086 E179.34695 F3000
G1 X-28.253 Y-31.188 E179.45063 F3000
G1 X-27.495 Y-31.248 E179.57711 F3000
G1 X-26.805 Y-31.304 E179.69218 F3000
G1 X-25.986 Y-31.335 E179.82853 F3000
G1 X-25.160 Y-31.366 E179.96599 F3000
G1 X-24.262 Y-31.378 E180.11527 F3000
G1 X-23.438 Y-31.390 E180.25239 F3000
G1 X-22.515 Y-31.392 E180.40586 F3000
G1 X-21.761 Y-31.395 E180.53116 F3000
G1 X-21.123 Y-31.396 E180.63727 F3000
G1 X-20.255 Y-31.397 E180.78170 F3000
G1 X-19.649 Y-31.398 E180.88243 F3000
G1 X-18.788 Y-31.398 E181.02566 F3000
G1 X-17.868 Y-31.399 E181.17863 F3000
G1 X-17.230 Y-31.399 E181.28477 F3000
G1 X-16.178 Y-31.399 E181.45970 F3000
G1 X-15.450 Y-31.399 E181.58082 F3000
G1 X-14.575 Y-31.399 E181.72633 F3000
G1 X-13.316 Y-31.399 E181.93568 F3000
G1 X-12.361 Y-31.399 E182.09446 F3000
G1 X-10.994 Y-31.399 E182.32171 F3000
G1 X-9.620 Y-31.399 E182.55029 F3000
G1 X-8.652 Y-31.399 E182.71125 F3000
G1 X-7.365 Y-31.399 E182.92526 F3000
G1 X-6.455 Y-31.399 E183.07666 F3000
G1 X-5.673 Y-31.399 E183.20672 F3000
G1 X-4.569 Y-31.399 E183.39031 F3000
G1 X-3.882 Y-31.399 E183.50448 F3000
G1 X-2.916 Y-31.399 E183.66514 F3000
G1 X-2.042 Y-31.399 E183.81047 F3000
G1 X-1.419 Y-31.399 E183.91408 F3000
G1 X-0.591 Y-31.399 E184.05181 F3000
G1 X0.000 Y-31.399 E184.15008 F3000
G1 X0.591 Y-31.399 E184.24836 F3000
G1 X1.419 Y-31.399 E184.38609 F3000
G1 X2.042 Y-31.399 E184.48970 F3000
G1 X2.916 Y-31.399 E184.63503 F3000
G1 X3.882 Y-31.399 E184.79569 F3000
G1 X4.569 Y-31.399 E184.90985 F3000
G1 X5.673 Y-31.399 E185.09344 F3000
G1 X6.455 Y-31.399 E185.22351 F3000
G1 X7.365 Y-31.399 E185.37491 F3000
G1 X8.652 Y-31.399 E185.58892 F3000
G1 X9.620 Y-31.399 E185.74987 F3000
G1 X10.994 Y-31.399 E185.97846 F3000
G1 X12.361 Y-31.399 E186.20571 F3000
G1 X13.316 Y-31.399 E186.36448 F3000
G1 X14.575 Y-31.399 E186.57384 F3000
G1 X15.450 Y-31.399 E186.71935 F3000
G1 X16.178 Y-31.399 E186.84047 F3000
G1 X17.230 Y-31.399 E187.01540 F3000
G1 X17.868 Y-31.399 E187.12154 F3000
G1 X18.788 Y-31.398 E187.27450 F3000
G1 X19.649 Y-31.398 E187.41774 F3000
G1 X20.255 Y-31.397 E187.51846 F3000
G1 X21.123 Y-31.396 E187.66290 F3000
G1 X21.761 Y-31.395 E187.76901 F3000
G1 X22.515 Y-31.392 E187.89431 F3000
G1 X23.438 Y-31.390 E188.04778 F3000
G1 X24.262 Y-31.378 E188.18490 F3000
G1 X25.160 Y-31.366 E188.33418 F3000
G1 X25.986 Y-31.335 E188.47164 F3000
G1 X26.805 Y-31.304 E188.60798 F3000
G1 X27.495 Y-31.248 E188.72306 F3000
G1 X28.253 Y-31.188 E188.84953 F3000
G1 X28.868 Y-31.086 E188.95322 F3000
G1 X29.383 Y-30.999 E189.04010 F3000
G1 X29.858 Y-30.834 E189.12369 F3000
G1 X30.257 Y-30.694 E189.19409 F3000
G1 X30.573 Y-30.481 E189.25743 F3000
G1 X30.937 Y-30.230 E189.33090 F3000
G1 X31.197 Y-29.923 E189.39787 F3000
G1 X31.483 Y-29.565 E189.47401 F3000
G1 X31.727 Y-29.074 E189.56524 F3000
G1 X31.956 Y-28.655 E189.64462 F3000
G1 X32.160 Y-28.069 E189.74784 F3000
G1 X32.353 Y-27.580 E189.83525 F3000
G1 X32.508 Y-27.057 E189.92603 F3000
G1 X32.670 Y-26.420 E190.03531 F3000
G1 X32.782 Y-25.901 E190.12358 F3000
G1 X32.902 Y-25.256 E190.23276 F3000
G1 X32.976 Y-24.653 E190.33373 F3000
G1 X33.046 Y-24.170 E190.41480 F3000
G1 X33.089 Y-23.433 E190.53768 F3000
G1 X33.129 Y-22.812 E190.64117 F3000
G1 X33.153 Y-21.881 E190.79595 F3000
G1 X33.178 Y-20.826 E190.97158 F3000
G1 X33.199 Y-19.387 E191.21079 F3000
G1 X33.220 Y-17.857 E191.46538 F3000
G1 X33.248 Y-15.759 E191.81432 F3000
G1 X33.281 Y-13.548 E192.18204 F3000
G1 X33.312 Y-11.240 E192.56587 F3000
G1 X33.351 Y-8.588 E193.00698 F3000
G1 X33.390 Y-5.899 E193.45415 F3000
G1 X33.420 Y-3.668 E193.82513 F3000
G1 X33.453 Y-1.304 E194.21842 F3000
G1 X33.476 Y0.515 E194.52089 F3000
G1 X33.490 Y1.665 E194.71221 F3000
G1 X33.511 Y3.265 E194.97830 F3000
G1 X33.518 Y3.966 E195.09491 F3000
G1 X33.528 Y4.961 E195.26037 F3000
G1 X33.532 Y5.561 E195.36010 F3000
G1 X33.535 Y5.984 E195.43038 F3000
G1 X33.537 Y6.411 E195.50138 F3000
G1 X33.538 Y6.713 E195.55169 F3000
G1 X33.541 Y7.052 E195.60810 F3000
G1 X33.543 Y7.531 E195.68770 F3000
G1 X33.547 Y7.881 E195.74594 F3000
G1 X33.549 Y8.375 E195.82811 F3000
G1 X33.552 Y8.848 E195.90681 F3000
G1 X33.556 Y9.184 E195.96258 F3000
G1 X33.558 Y9.600 E196.03178 F3000
G1 X33.562 Y9.895 E196.08083 F3000
G1 X33.564 Y10.124 E196.11886 F3000
G1 X33.566 Y10.446 E196.17252 F3000
G1 X33.568 Y10.642 E196.20502 F3000
G1 X33.570 Y10.917 E196.25088 F3000
G1 X33.572 Y11.193 E196.29665 F3000
G1 X33.574 Y11.388 E196.32911 F3000
G1 X33.576 Y11.709 E196.38254 F3000
G1 X33.578 Y11.937 E196.42042 F3000
G1 X33.582 Y12.230 E196.46922 F3000
G1 X33.584 Y12.644 E196.53803 F3000
G1 X33.589 Y12.997 E196.59674 F3000
G1 X33.593 Y13.494 E196.67940 F3000
G1 X33.598 Y14.066 E196.77445 F3000
G1 X33.605 Y14.471 E196.84197 F3000
G1 X33.612 Y15.110 E196.94808 F3000
G1 X33.622 Y15.561 E197.02320 F3000
G1 X33.635 Y16.050 E197.10459 F3000
G1 X33.644 Y16.748 E197.22054 F3000
G1 X33.659 Y17.249 E197.30403 F3000
G1 X33.670 Y17.977 E197.42499 F3000
G1 X33.680 Y18.703 E197.54581 F3000
G1 X33.694 Y19.195 E197.62764 F3000
G1 X33.703 Y19.886 E197.74264 F3000
G1 X33.715 Y20.349 E197.81956 F3000
G1 X33.723 Y20.763 E197.88851 F3000
G1 X33.729 Y21.385 E197.99188 F3000
G1 X33.719 Y21.745 E198.05184 F3000
G1 X33.697 Y22.279 E198.14065 F3000
G1 X33.624 Y22.709 E198.21318 F3000
G1 X33.580 Y23.006 E198.26320 F3000
G1 X33.433 Y23.320 E198.32081 F3000
G1 X33.340 Y23.543 E198.36102 F3000
G1 X33.181 Y23.679 E198.39578 F3000
G1 X32.937 Y23.865 E198.44673 F3000
; LAYER:5
; Z:5.500
G0 Z5.500 F600
G0 X32.838 Y23.917 F9000
G1 X32.350 Y24.045 E198.53067 F3000
G1 X32.215 Y24.077 E198.55377 F3000
G1 X32.017 Y24.088 E198.58678 F3000
G1 X31.272 Y24.130 E198.71077 F3000
G1 X30.999 Y24.130 E198.75620 F3000
G1 X29.929 Y24.130 E198.93422 F3000
G1 X28.466 Y24.130 E199.17736 F3000
G1 X28.102 Y24.130 E199.23799 F3000
G1 X26.420 Y24.130 E199.51761 F3000
G1 X26.000 Y24.130 E199.58746 F3000
G1 X25.567 Y24.130 E199.65961 F3000
G1 X23.833 Y24.131 E199.94798 F3000
G1 X23.423 Y24.131 E200.01607 F3000
G1 X21.807 Y24.132 E200.28486 F3000
G1 X20.475 Y24.132 E200.50640 F3000
G1 X20.132 Y24.132 E200.56344 F3000
G1 X18.934 Y24.132 E200.76258 F3000
G1 X18.625 Y24.132 E200.81403 F3000
G1 X18.313 Y24.132 E200.86595 F3000
G1 X17.104 Y24.132 E201.06696 F3000
G1 X16.751 Y24.132 E201.12560 F3000
G1 X15.387 Y24.132 E201.35256 F3000
G1 X13.721 Y24.132 E201.62957 F3000
G1 X13.290 Y24.132 E201.70114 F3000
G1 X11.461 Y24.132 E202.00541 F3000
G1 X10.988 Y24.132 E202.08402 F3000
G1 X10.509 Y24.132 E202.16378 F3000
G1 X8.652 Y24.132 E202.47251 F3000
G1 X8.201 Y24.132 E202.54754 F3000
G1 X6.455 Y24.132 E202.83793 F3000
G1 X4.956 Y24.132 E203.08719 F3000
G1 X4.569 Y24.132 E203.15158 F3000
G1 X3.255 Y24.132 E203.36998 F3000
G1 X2.916 Y24.132 E203.42641 F3000
G1 X2.609 Y24.132 E203.47752 F3000
G1 X1.419 Y24.132 E203.67535 F3000
G1 X1.128 Y24.132 E203.72380 F3000
G1 X0.000 Y24.132 E203.91135 F3000
G1 X-1.128 Y24.132 E204.09890 F3000
G1 X-1.419 Y24.132 E204.14735 F3000
G1 X-2.609 Y24.132 E204.34519 F3000
G1 X-2.916 Y24.132 E204.39630 F3000
G1 X-3.255 Y24.132 E204.45272 F3000
G1 X-4.569 Y24.132 E204.67112 F3000
G1 X-4.956 Y24.132 E204.73552 F3000
G1 X-6.455 Y24.132 E204.98477 F3000
G1 X-8.201 Y24.132 E205.27517 F3000
G1 X-8.652 Y24.132 E205.35019 F3000
G1 X-10.509 Y24.132 E205.65892 F3000
G1 X-10.988 Y24.132 E205.73869 F3000
G1 X-11.461 Y24.132 E205.81729 F3000
G1 X-13.290 Y24.132 E206.12157 F3000
G1 X-13.721 Y24.132 E206.19314 F3000
G1 X-15.387 Y24.132 E206.47015 F3000
G1 X-16.751 Y24.132 E206.69711 F3000
G1 X-17.104 Y24.132 E206.75574 F3000
G1 X-18.313 Y24.132 E206.95676 F3000
G1 X-18.625 Y24.132 E207.00867 F3000
G1 X-18.934 Y24.132 E207.06012 F3000
G1 X-20.132 Y24.132 E207.25927 F3000
G1 X-20.475 Y24.132 E207.31631 F3000
G1 X-21.807 Y24.132 E207.53785 F3000
G1 X-23.423 Y24.131 E207.80663 F3000
G1 X-23.833 Y24.131 E207.87473 F3000
G1 X-25.567 Y24.130 E208.16309 F3000
G1 X-26.000 Y24.130 E208.23524 F3000
G1 X-26.420 Y24.130 E208.30510 F3000
G1 X-28.102 Y24.130 E208.58472 F3000
G1 X-28.466 Y24.130 E208.64535 F3000
G1 X-29.929 Y24.130 E208.88849 F3000
G1 X-30.999 Y24.130 E209.06651 F3000
G1 X-31.272 Y24.130 E209.11194 F3000
G1 X-32.017 Y24.088 E209.23593 F3000
G1 X-32.215 Y24.077 E209.26894 F3000
G1 X-32.350 Y24.045 E209.29203 F3000
G1 X-32.838 Y23.917 E209.37598 F3000
G1 X-32.926 Y23.850 E209.39433 F3000
G1 X-33.224 Y23.595 E209.45953 F3000
G1 X-33.398 Y23.176 E209.53491 F3000
G1 X-33.453 Y23.058 E209.55665 F3000
G1 X-33.535 Y22.496 E209.65119 F3000
G1 X-33.564 Y22.330 E209.67920 F3000
G1 X-33.572 Y22.123 E209.71350 F3000
G1 X-33.591 Y21.433 E209.82837 F3000
G1 X-33.589 Y21.189 E209.86901 F3000
G1 X-33.574 Y20.392 E210.00150 F3000
G1 X-33.551 Y19.504 E210.14931 F3000
G1 X-33.547 Y19.230 E210.19476 F3000
G1 X-33.520 Y18.286 E210.35181 F3000
G1 X-33.516 Y18.003 E210.39900 F3000
G1 X-33.512 Y17.719 E210.44624 F3000
G1 X-33.484 Y16.764 E210.60506 F3000
G1 X-33.481 Y16.496 E210.64964 F3000
G1 X-33.456 Y15.570 E210.80373 F3000
G1 X-33.437 Y14.715 E210.94597 F3000
G1 X-33.435 Y14.475 E210.98579 F3000
G1 X-33.421 Y13.709 E211.11328 F3000
G1 X-33.419 Y13.495 E211.14878 F3000
G1 X-33.418 Y13.309 E211.17965 F3000
G1 X-33.409 Y12.644 E211.29030 F3000
G1 X-33.408 Y12.490 E211.31596 F3000
G1 X-33.401 Y11.937 E211.40793 F3000
G1 X-33.396 Y11.508 E211.47934 F3000
G1 X-33.396 Y11.388 E211.49926 F3000
G1 X-33.391 Y11.020 E211.56043 F3000
G1 X-33.391 Y10.917 E211.57749 F3000
G1 X-33.390 Y10.815 E211.59459 F3000
G1 X-33.386 Y10.446 E211.65585 F3000
G1 X-33.385 Y10.326 E211.67586 F3000
G1 X-33.380 Y9.895 E211.74755 F3000
G1 X-33.373 Y9.339 E211.83999 F3000
G1 X-33.373 Y9.184 E211.86579 F3000
G1 X-33.365 Y8.552 E211.97093 F3000
G1 X-33.364 Y8.375 E212.00027 F3000
G1 X-33.363 Y8.191 E212.03091 F3000
G1 X-33.357 Y7.531 E212.14068 F3000
G1 X-33.356 Y7.353 E212.17036 F3000
G1 X-33.351 Y6.713 E212.27669 F3000
G1 X-33.347 Y6.143 E212.37153 F3000
G1 X-33.347 Y5.984 E212.39801 F3000
G1 X-33.341 Y5.187 E212.53048 F3000
G1 X-33.339 Y4.965 E212.56741 F3000
G1 X-33.336 Y4.597 E212.62868 F3000
G1 X-33.322 Y3.280 E212.84765 F3000
G1 X-33.315 Y2.700 E212.94408 F3000
G1 X-33.289 Y0.552 E213.30135 F3000
G1 X-33.245 Y-2.844 E213.86619 F3000
G1 X-33.234 Y-3.593 E213.99077 F3000
G1 X-33.179 Y-7.721 E214.67727 F3000
G1 X-33.168 Y-8.466 E214.80122 F3000
G1 X-33.157 Y-9.201 E214.92348 F3000
G1 X-33.101 Y-13.380 E215.61852 F3000
G1 X-33.093 Y-13.891 E215.70340 F3000
G1 X-33.042 Y-17.654 E216.32923 F3000
G1 X-33.005 Y-20.399 E216.78584 F3000
G1 X-33.002 Y-20.608 E216.82057 F3000
G1 X-32.957 Y-22.488 E217.13334 F3000
G1 X-32.954 Y-22.598 E217.15161 F3000
G1 X-32.950 Y-22.671 E217.16382 F3000
G1 X-32.874 Y-23.976 E217.38117 F3000
G1 X-32.867 Y-24.026 E217.38961 F3000
G1 X-32.735 Y-25.092 E217.56826 F3000
G1 X-32.524 Y-26.235 E217.76143 F3000
G1 X-32.510 Y-26.296 E217.77186 F3000
G1 X-32.224 Y-27.426 E217.96577 F3000
G1 X-32.203 Y-27.498 E217.97816 F3000
G1 X-32.176 Y-27.564 E217.99008 F3000
G1 X-31.813 Y-28.610 E218.17420 F3000
G1 X-31.779 Y-28.673 E218.18619 F3000
G1 X-31.345 Y-29.549 E218.34864 F3000
G1 X-30.835 Y-30.185 E218.48423 F3000
G1 X-30.799 Y-30.228 E218.49359 F3000
G1 X-30.155 Y-30.671 E218.62348 F3000
G1 X-30.118 Y-30.696 E218.63105 F3000
G1 X-30.070 Y-30.713 E218.63947 F3000
G1 X-29.243 Y-30.999 E218.78500 F3000
G1 X-29.187 Y-31.009 E218.79440 F3000
G1 X-28.117 Y-31.185 E218.97477 F3000
G1 X-26.798 Y-31.291 E219.19479 F3000
G1 X-26.681 Y-31.300 E219.21440 F3000
G1 X-25.243 Y-31.355 E219.45365 F3000
G1 X-25.052 Y-31.362 E219.48552 F3000
G1 X-24.844 Y-31.365 E219.52013 F3000
G1 X-23.348 Y-31.388 E219.76882 F3000
G1 X-23.081 Y-31.388 E219.81319 F3000
G1 X-21.691 Y-31.393 E220.04441 F3000
G1 X-20.514 Y-31.396 E220.24021 F3000
G1 X-20.203 Y-31.397 E220.29193 F3000
G1 X-19.072 Y-31.398 E220.47994 F3000
G1 X-18.752 Y-31.398 E220.53315 F3000
G1 X-18.411 Y-31.398 E220.58997 F3000
G1 X-17.208 Y-31.399 E220.78991 F3000
G1 X-16.811 Y-31.399 E220.85592 F3000
G1 X-15.439 Y-31.399 E221.08417 F3000
G1 X-13.790 Y-31.399 E221.35837 F3000
G1 X-13.311 Y-31.399 E221.43796 F3000
G1 X-11.513 Y-31.399 E221.73702 F3000
G1 X-10.993 Y-31.399 E221.82345 F3000
G1 X-10.471 Y-31.399 E221.91039 F3000
G1 X-8.652 Y-31.399 E222.21281 F3000
G1 X-8.163 Y-31.399 E222.29416 F3000
G1 X-6.455 Y-31.399 E222.57823 F3000
G1 X-4.987 Y-31.399 E222.82226 F3000
G1 X-4.569 Y-31.399 E222.89188 F3000
G1 X-3.282 Y-31.399 E223.10583 F3000
G1 X-2.916 Y-31.399 E223.16670 F3000
G1 X-2.585 Y-31.399 E223.22177 F3000
G1 X-1.419 Y-31.399 E223.41565 F3000
G1 X-1.106 Y-31.399 E223.46780 F3000
G1 X0.000 Y-31.399 E223.65165 F3000
G1 X1.106 Y-31.399 E223.83550 F3000
G1 X1.419 Y-31.399 E223.88765 F3000
G1 X2.585 Y-31.399 E224.08153 F3000
G1 X2.916 Y-31.399 E224.13659 F3000
G1 X3.282 Y-31.399 E224.19747 F3000
G1 X4.569 Y-31.399 E224.41142 F3000
G1 X4.987 Y-31.399 E224.48104 F3000
G1 X6.455 Y-31.399 E224.72507 F3000
G1 X8.163 Y-31.399 E225.00914 F3000
G1 X8.652 Y-31.399 E225.09049 F3000
G1 X10.471 Y-31.399 E225.39291 F3000
G1 X10.993 Y-31.399 E225.47985 F3000
G1 X11.513 Y-31.399 E225.56628 F3000
G1 X13.311 Y-31.399 E225.86534 F3000
G1 X13.790 Y-31.399 E225.94493 F3000
G1 X15.439 Y-31.399 E226.21913 F3000
G1 X16.811 Y-31.399 E226.44738 F3000
G1 X17.208 Y-31.399 E226.51339 F3000
G1 X18.411 Y-31.398 E226.71333 F3000
G1 X18.752 Y-31.398 E226.77015 F3000
G1 X19.072 Y-31.398 E226.82336 F3000
G1 X20.203 Y-31.397 E227.01137 F3000
G1 X20.514 Y-31.396 E227.06309 F3000
G1 X21.691 Y-31.393 E227.25889 F3000
G1 X23.081 Y-31.388 E227.49011 F3000
G1 X23.348 Y-31.388 E227.53448 F3000
G1 X24.844 Y-31.365 E227.78317 F3000
G1 X25.052 Y-31.362 E227.81778 F3000
G1 X25.243 Y-31.355 E227.84965 F3000
G1 X26.681 Y-31.300 E228.08890 F3000
G1 X26.798 Y-31.291 E228.10851 F3000
G1 X28.117 Y-31.185 E228.32853 F3000
G1 X29.187 Y-31.009 E228.50890 F3000
G1 X29.243 Y-30.999 E228.51830 F3000
G1 X30.070 Y-30.713 E228.66383 F3000
G1 X30.118 Y-30.696 E228.67225 F3000
G1 X30.155 Y-30.671 E228.67982 F3000
G1 X30.799 Y-30.228 E228.80971 F3000
G1 X30.835 Y-30.185 E228.81907 F3000
G1 X31.345 Y-29.549 E228.95466 F3000
G1 X31.779 Y-28.673 E229.11711 F3000
G1 X31.813 Y-28.610 E229.12910 F3000
G1 X32.176 Y-27.564 E229.31322 F3000
G1 X32.203 Y-27.498 E229.32514 F3000
G1 X32.224 Y-27.426 E229.33753 F3000
G1 X32.510 Y-26.296 E229.53144 F3000
G1 X32.524 Y-26.235 E229.54187 F3000
G1 X32.735 Y-25.092 E229.73504 F3000
G1 X32.867 Y-24.026 E229.91369 F3000
G1 X32.874 Y-23.976 E229.92213 F3000
G1 X32.950 Y-22.671 E230.13948 F3000
G1 X32.954 Y-22.598 E230.15169 F3000
G1 X32.957 Y-22.488 E230.16996 F3000
G1 X33.002 Y-20.608 E230.48273 F3000
G1 X33.005 Y-20.399 E230.51746 F3000
G1 X33.042 Y-17.654 E230.97407 F3000
G1 X33.093 Y-13.891 E231.59990 F3000
G1 X33.101 Y-13.380 E231.68478 F3000
G1 X33.157 Y-9.201 E232.37982 F3000
G1 X33.168 Y-8.466 E232.50208 F3000
G1 X33.179 Y-7.721 E232.62603 F3000
G1 X33.234 Y-3.593 E233.31253 F3000
G1 X33.245 Y-2.844 E233.43711 F3000
G1 X33.289 Y0.552 E234.00195 F3000
G1 X33.315 Y2.700 E234.35921 F3000
G1 X33.322 Y3.280 E234.45565 F3000
G1 X33.336 Y4.597 E234.67462 F3000
G1 X33.339 Y4.965 E234.73589 F3000
G1 X33.341 Y5.187 E234.77282 F3000
G1 X33.347 Y5.984 E234.90529 F3000
G1 X33.347 Y6.143 E234.93177 F3000
G1 X33.351 Y6.713 E235.02661 F3000
G1 X33.356 Y7.353 E235.13294 F3000
G1 X33.357 Y7.531 E235.16262 F3000
G1 X33.363 Y8.191 E235.27239 F3000
G1 X33.364 Y8.375 E235.30303 F3000
G1 X33.365 Y8.552 E235.33237 F3000
G1 X33.373 Y9.184 E235.43751 F3000
G1 X33.373 Y9.339 E235.46331 F3000
G1 X33.380 Y9.895 E235.55575 F3000
G1 X33.385 Y10.326 E235.62744 F3000
G1 X33.386 Y10.446 E235.64745 F3000
G1 X33.390 Y10.815 E235.70871 F3000
G1 X33.391 Y10.917 E235.72581 F3000
G1 X33.391 Y11.020 E235.74287 F3000
G1 X33.396 Y11.388 E235.80404 F3000
G1 X33.396 Y11.508 E235.82396 F3000
G1 X33.401 Y11.937 E235.89537 F3000
G1 X33.408 Y12.490 E235.98734 F3000
G1 X33.409 Y12.644 E236.01300 F3000
G1 X33.418 Y13.309 E236.12365 F3000
G1 X33.419 Y13.495 E236.15452 F3000
G1 X33.421 Y13.709 E236.19002 F3000
G1 X33.435 Y14.475 E236.31751 F3000
G1 X33.437 Y14.715 E236.35733 F3000
G1 X33.456 Y15.570 E236.49957 F3000
G1 X33.481 Y16.496 E236.65366 F3000
G1 X33.484 Y16.764 E236.69824 F3000
G1 X33.512 Y17.719 E236.85706 F3000
G1 X33.516 Y18.003 E236.90430 F3000
G1 X33.520 Y18.286 E236.95149 F3000
G1 X33.547 Y19.230 E237.10854 F3000
G1 X33.551 Y19.504 E237.15399 F3000
G1 X33.574 Y20.392 E237.30180 F3000
G1 X33.589 Y21.189 E237.43429 F3000
G1 X33.591 Y21.433 E237.47493 F3000
G1 X33.572 Y22.123 E237.58980 F3000
G1 X33.564 Y22.330 E237.62410 F3000
G1 X33.535 Y22.496 E237.65211 F3000
G1 X33.453 Y23.058 E237.74664 F3000
G1 X33.398 Y23.176 E237.76839 F3000
G1 X33.224 Y23.595 E237.84377 F3000
G1 X32.926 Y23.850 E237.90897 F3000
G1 X32.838 Y23.917 E237.92732 F3000
; LAYER:6
; Z:6.500
G0 Z6.500 F600
G0 X32.738 Y23.971 F9000
G1 X32.664 Y23.993 E237.94018 F3000
G1 X32.135 Y24.131 E238.03113 F3000
G1 X31.336 Y24.177 E238.16420 F3000
G1 X31.213 Y24.185 E238.18466 F3000
G1 X30.071 Y24.184 E238.37457 F3000
G1 X29.889 Y24.184 E238.40499 F3000
G1 X29.633 Y24.184 E238.44741 F3000
G1 X28.076 Y24.184 E238.70642 F3000
G1 X27.780 Y24.184 E238.75560 F3000
G1 X25.985 Y24.185 E239.05420 F3000
G1 X24.124 Y24.185 E239.36357 F3000
G1 X23.824 Y24.185 E239.41356 F3000
G1 X22.081 Y24.186 E239.70343 F3000
G1 X21.802 Y24.186 E239.74971 F3000
G1 X21.572 Y24.186 E239.78798 F3000
G1 X20.130 Y24.186 E240.02785 F3000
G1 X19.924 Y24.186 E240.06211 F3000
G1 X18.624 Y24.186 E240.27822 F3000
G1 X17.311 Y24.186 E240.49658 F3000
G1 X17.104 Y24.186 E240.53108 F3000
G1 X15.621 Y24.186 E240.77768 F3000
G1 X15.387 Y24.186 E240.81667 F3000
G1 X15.100 Y24.186 E240.86426 F3000
G1 X13.290 Y24.186 E241.16525 F3000
G1 X12.976 Y24.186 E241.21752 F3000
G1 X10.988 Y24.186 E241.54814 F3000
G1 X8.971 Y24.186 E241.88360 F3000
G1 X8.652 Y24.186 E241.93663 F3000
G1 X6.755 Y24.186 E242.25216 F3000
G1 X6.455 Y24.186 E242.30205 F3000
G1 X6.197 Y24.186 E242.34486 F3000
G1 X4.569 Y24.186 E242.61570 F3000
G1 X4.343 Y24.186 E242.65321 F3000
G1 X2.916 Y24.186 E242.89052 F3000
G1 X1.623 Y24.186 E243.10548 F3000
G1 X1.419 Y24.186 E243.13947 F3000
G1 X0.194 Y24.186 E243.34325 F3000
G1 X0.000 Y24.186 E243.37547 F3000
G1 X-0.194 Y24.186 E243.40769 F3000
G1 X-1.419 Y24.186 E243.61147 F3000
G1 X-1.623 Y24.186 E243.64545 F3000
G1 X-2.916 Y24.186 E243.86041 F3000
G1 X-4.343 Y24.186 E244.09772 F3000
G1 X-4.569 Y24.186 E244.13524 F3000
G1 X-6.197 Y24.186 E244.40607 F3000
G1 X-6.455 Y24.186 E244.44889 F3000
G1 X-6.755 Y24.186 E244.49878 F3000
G1 X-8.652 Y24.186 E244.81431 F3000
G1 X-8.971 Y24.186 E244.86734 F3000
G1 X-10.988 Y24.186 E245.20280 F3000
G1 X-12.976 Y24.186 E245.53342 F3000
G1 X-13.290 Y24.186 E245.58568 F3000
G1 X-15.100 Y24.186 E245.88668 F3000
G1 X-15.387 Y24.186 E245.93427 F3000
G1 X-15.621 Y24.186 E245.97325 F3000
G1 X-17.104 Y24.186 E246.21986 F3000
G1 X-17.311 Y24.186 E246.25435 F3000
G1 X-18.624 Y24.186 E246.47272 F3000
G1 X-19.924 Y24.186 E246.68883 F3000
G1 X-20.130 Y24.186 E246.72309 F3000
G1 X-21.572 Y24.186 E246.96296 F3000
G1 X-21.802 Y24.186 E247.00123 F3000
G1 X-22.081 Y24.186 E247.04751 F3000
G1 X-23.824 Y24.185 E247.33738 F3000
G1 X-24.124 Y24.185 E247.38736 F3000
G1 X-25.985 Y24.185 E247.69674 F3000
G1 X-27.780 Y24.184 E247.99534 F3000
G1 X-28.076 Y24.184 E248.04452 F3000
G1 X-29.633 Y24.184 E248.30353 F3000
G1 X-29.889 Y24.184 E248.34595 F3000
G1 X-30.071 Y24.184 E248.37637 F3000
G1 X-31.213 Y24.185 E248.56627 F3000
G1 X-31.336 Y24.177 E248.58673 F3000
G1 X-32.135 Y24.131 E248.71981 F3000
G1 X-32.664 Y23.993 E248.81075 F3000
G1 X-32.738 Y23.971 E248.82361 F3000
G1 X-33.065 Y23.691 E248.89524 F3000
G1 X-33.107 Y23.649 E248.90507 F3000
G1 X-33.131 Y23.580 E248.91719 F3000
G1 X-33.326 Y23.112 E249.00157 F3000
G1 X-33.336 Y23.023 E249.01635 F3000
G1 X-33.430 Y22.382 E249.12415 F3000
G1 X-33.452 Y21.582 E249.25729 F3000
G1 X-33.453 Y21.483 E249.27375 F3000
G1 X-33.435 Y20.549 E249.42907 F3000
G1 X-33.432 Y20.437 E249.44773 F3000
G1 X-33.427 Y20.311 E249.46870 F3000
G1 X-33.400 Y19.267 E249.64237 F3000
G1 X-33.394 Y19.131 E249.66495 F3000
G1 X-33.362 Y18.029 E249.84826 F3000
G1 X-33.331 Y16.928 E250.03152 F3000
G1 X-33.324 Y16.781 E250.05597 F3000
G1 X-33.296 Y15.725 E250.23158 F3000
G1 X-33.289 Y15.578 E250.25604 F3000
G1 X-33.285 Y15.444 E250.27847 F3000
G1 X-33.264 Y14.479 E250.43895 F3000
G1 X-33.260 Y14.356 E250.45931 F3000
G1 X-33.245 Y13.496 E250.60239 F3000
G1 X-33.235 Y12.751 E250.72626 F3000
G1 X-33.233 Y12.644 E250.74407 F3000
G1 X-33.225 Y12.026 E250.84696 F3000
G1 X-33.224 Y11.937 E250.86172 F3000
G1 X-33.222 Y11.868 E250.87317 F3000
G1 X-33.217 Y11.388 E250.95306 F3000
G1 X-33.215 Y11.329 E250.96287 F3000
G1 X-33.211 Y10.917 E251.03130 F3000
G1 X-33.206 Y10.505 E251.09984 F3000
G1 X-33.205 Y10.446 E251.10967 F3000
G1 X-33.199 Y9.964 E251.18987 F3000
G1 X-33.198 Y9.895 E251.20136 F3000
G1 X-33.196 Y9.806 E251.21619 F3000
G1 X-33.189 Y9.184 E251.31961 F3000
G1 X-33.187 Y9.082 E251.33647 F3000
G1 X-33.179 Y8.375 E251.45410 F3000
G1 X-33.171 Y7.637 E251.57691 F3000
G1 X-33.169 Y7.531 E251.59450 F3000
G1 X-33.163 Y6.816 E251.71347 F3000
G1 X-33.162 Y6.713 E251.73052 F3000
G1 X-33.161 Y6.622 E251.74572 F3000
G1 X-33.157 Y5.984 E251.85183 F3000
G1 X-33.156 Y5.857 E251.87284 F3000
G1 X-33.150 Y4.969 E252.02063 F3000
G1 X-33.135 Y3.513 E252.26276 F3000
G1 X-33.133 Y3.295 E252.29903 F3000
G1 X-33.105 Y0.971 E252.68542 F3000
G1 X-33.101 Y0.589 E252.74899 F3000
G1 X-33.094 Y-0.025 E252.85106 F3000
G1 X-33.048 Y-3.518 E253.43200 F3000
G1 X-33.038 Y-4.360 E253.57207 F3000
G1 X-32.985 Y-8.344 E254.23468 F3000
G1 X-32.933 Y-12.160 E254.86938 F3000
G1 X-32.920 Y-13.212 E255.04430 F3000
G1 X-32.876 Y-16.409 E255.57602 F3000
G1 X-32.864 Y-17.449 E255.74906 F3000
G1 X-32.854 Y-18.235 E255.87973 F3000
G1 X-32.825 Y-20.389 E256.23804 F3000
G1 X-32.813 Y-20.970 E256.33468 F3000
G1 X-32.780 Y-22.384 E256.56988 F3000
G1 X-32.724 Y-23.347 E256.73018 F3000
G1 X-32.702 Y-23.783 E256.80280 F3000
G1 X-32.606 Y-24.560 E256.93307 F3000
G1 X-32.569 Y-24.931 E256.99508 F3000
G1 X-32.509 Y-25.332 E257.06252 F3000
G1 X-32.353 Y-26.174 E257.20492 F3000
G1 X-32.271 Y-26.566 E257.27145 F3000
G1 X-32.055 Y-27.417 E257.41751 F3000
G1 X-31.777 Y-28.218 E257.55854 F3000
G1 X-31.674 Y-28.567 E257.61901 F3000
G1 X-31.337 Y-29.247 E257.74524 F3000
G1 X-31.210 Y-29.533 E257.79733 F3000
G1 X-31.057 Y-29.735 E257.83946 F3000
G1 X-30.664 Y-30.227 E257.94418 F3000
G1 X-30.466 Y-30.365 E257.98427 F3000
G1 X-29.980 Y-30.699 E258.08241 F3000
G1 X-29.364 Y-30.913 E258.19071 F3000
G1 X-29.103 Y-31.001 E258.23652 F3000
G1 X-28.308 Y-31.132 E258.37062 F3000
G1 X-27.980 Y-31.183 E258.42570 F3000
G1 X-27.590 Y-31.214 E258.49085 F3000
G1 X-26.555 Y-31.297 E258.66350 F3000
G1 X-26.162 Y-31.313 E258.72889 F3000
G1 X-24.941 Y-31.359 E258.93204 F3000
G1 X-23.582 Y-31.380 E259.15806 F3000
G1 X-23.255 Y-31.386 E259.21250 F3000
G1 X-21.874 Y-31.391 E259.44213 F3000
G1 X-21.617 Y-31.392 E259.48499 F3000
G1 X-21.404 Y-31.393 E259.52030 F3000
G1 X-20.148 Y-31.396 E259.72925 F3000
G1 X-19.964 Y-31.397 E259.75977 F3000
G1 X-18.716 Y-31.398 E259.96729 F3000
G1 X-17.367 Y-31.399 E260.19166 F3000
G1 X-17.189 Y-31.399 E260.22123 F3000
G1 X-15.635 Y-31.399 E260.47977 F3000
G1 X-15.432 Y-31.399 E260.51346 F3000
G1 X-15.184 Y-31.399 E260.55474 F3000
G1 X-13.310 Y-31.399 E260.86641 F3000
G1 X-13.036 Y-31.399 E260.91198 F3000
G1 X-10.993 Y-31.399 E261.25171 F3000
G1 X-8.929 Y-31.399 E261.59503 F3000
G1 X-8.652 Y-31.399 E261.64101 F3000
G1 X-6.715 Y-31.399 E261.96306 F3000
G1 X-6.455 Y-31.399 E262.00643 F3000
G1 X-6.231 Y-31.399 E262.04361 F3000
G1 X-4.569 Y-31.399 E262.32008 F3000
G1 X-4.372 Y-31.399 E262.35272 F3000
G1 X-2.916 Y-31.399 E262.59491 F3000
G1 X-1.597 Y-31.399 E262.81419 F3000
G1 X-1.419 Y-31.399 E262.84385 F3000
G1 X-0.169 Y-31.399 E263.05173 F3000
G1 X0.000 Y-31.399 E263.07985 F3000
G1 X0.169 Y-31.399 E263.10797 F3000
G1 X1.419 Y-31.399 E263.31585 F3000
G1 X1.597 Y-31.399 E263.34551 F3000
G1 X2.916 Y-31.399 E263.56480 F3000
G1 X4.372 Y-31.399 E263.80698 F3000
G1 X4.569 Y-31.399 E263.83962 F3000
G1 X6.231 Y-31.399 E264.11609 F3000
G1 X6.455 Y-31.399 E264.15327 F3000
G1 X6.715 Y-31.399 E264.19664 F3000
G1 X8.652 Y-31.399 E264.51869 F3000
G1 X8.929 Y-31.399 E264.56467 F3000
G1 X10.993 Y-31.399 E264.90799 F3000
G1 X13.036 Y-31.399 E265.24772 F3000
G1 X13.310 Y-31.399 E265.29329 F3000
G1 X15.184 Y-31.399 E265.60496 F3000
G1 X15.432 Y-31.399 E265.64624 F3000
G1 X15.635 Y-31.399 E265.67993 F3000
G1 X17.189 Y-31.399 E265.93847 F3000
G1 X17.367 Y-31.399 E265.96804 F3000
G1 X18.716 Y-31.398 E266.19241 F3000
G1 X19.964 Y-31.397 E266.39993 F3000
G1 X20.148 Y-31.396 E266.43045 F3000
G1 X21.404 Y-31.393 E266.63940 F3000
G1 X21.617 Y-31.392 E266.67471 F3000
G1 X21.874 Y-31.391 E266.71758 F3000
G1 X23.255 Y-31.386 E266.94720 F3000
G1 X23.582 Y-31.380 E267.00164 F3000
G1 X24.941 Y-31.359 E267.22766 F3000
G1 X26.162 Y-31.313 E267.43081 F3000
G1 X26.555 Y-31.297 E267.49620 F3000
G1 X27.590 Y-31.214 E267.66885 F3000
G1 X27.980 Y-31.183 E267.73400 F3000
G1 X28.308 Y-31.132 E267.78909 F3000
G1 X29.103 Y-31.001 E267.92319 F3000
G1 X29.364 Y-30.913 E267.96899 F3000
G1 X29.980 Y-30.699 E268.07729 F3000
G1 X30.466 Y-30.365 E268.17544 F3000
G1 X30.664 Y-30.227 E268.21552 F3000
G1 X31.057 Y-29.735 E268.32025 F3000
G1 X31.210 Y-29.533 E268.36237 F3000
G1 X31.337 Y-29.247 E268.41447 F3000
G1 X31.674 Y-28.567 E268.54069 F3000
G1 X31.777 Y-28.218 E268.60116 F3000
G1 X32.055 Y-27.417 E268.74219 F3000
G1 X32.271 Y-26.566 E268.88826 F3000
G1 X32.353 Y-26.174 E268.95478 F3000
G1 X32.509 Y-25.332 E269.09718 F3000
G1 X32.569 Y-24.931 E269.16462 F3000
G1 X32.606 Y-24.560 E269.22663 F3000
G1 X32.703 Y-23.783 E269.35691 F3000
G1 X32.724 Y-23.347 E269.42952 F3000
G1 X32.780 Y-22.384 E269.58983 F3000
G1 X32.813 Y-20.970 E269.82502 F3000
G1 X32.825 Y-20.389 E269.92166 F3000
G1 X32.854 Y-18.235 E270.27997 F3000
G1 X32.864 Y-17.449 E270.41065 F3000
G1 X32.876 Y-16.409 E270.58368 F3000
G1 X32.920 Y-13.212 E271.11541 F3000
G1 X32.933 Y-12.160 E271.29032 F3000
G1 X32.985 Y-8.344 E271.92502 F3000
G1 X33.038 Y-4.360 E272.58764 F3000
G1 X33.048 Y-3.518 E272.72770 F3000
G1 X33.094 Y-0.025 E273.30865 F3000
G1 X33.101 Y0.589 E273.41072 F3000
G1 X33.105 Y0.971 E273.47428 F3000
G1 X33.133 Y3.295 E273.86067 F3000
G1 X33.135 Y3.513 E273.89695 F3000
G1 X33.150 Y4.969 E274.13908 F3000
G1 X33.156 Y5.857 E274.28686 F3000
G1 X33.157 Y5.984 E274.30787 F3000
G1 X33.161 Y6.622 E274.41398 F3000
G1 X33.162 Y6.713 E274.42918 F3000
G1 X33.163 Y6.816 E274.44623 F3000
G1 X33.169 Y7.531 E274.56520 F3000
G1 X33.171 Y7.637 E274.58280 F3000
G1 X33.179 Y8.375 E274.70561 F3000
G1 X33.187 Y9.082 E274.82324 F3000
G1 X33.189 Y9.184 E274.84009 F3000
G1 X33.196 Y9.806 E274.94352 F3000
G1 X33.198 Y9.895 E274.95834 F3000
G1 X33.199 Y9.964 E274.96983 F3000
G1 X33.205 Y10.446 E275.05004 F3000
G1 X33.206 Y10.505 E275.05986 F3000
G1 X33.211 Y10.917 E275.12840 F3000
G1 X33.215 Y11.329 E275.19684 F3000
G1 X33.217 Y11.388 E275.20665 F3000
G1 X33.222 Y11.868 E275.28653 F3000
G1 X33.224 Y11.937 E275.29799 F3000
G1 X33.225 Y12.026 E275.31274 F3000
G1 X33.233 Y12.644 E275.41564 F3000
G1 X33.235 Y12.751 E275.43344 F3000
G1 X33.245 Y13.496 E275.55732 F3000
G1 X33.260 Y14.356 E275.70039 F3000
G1 X33.264 Y14.479 E275.72075 F3000
G1 X33.285 Y15.444 E275.88123 F3000
G1 X33.289 Y15.578 E275.90366 F3000
G1 X33.296 Y15.725 E275.92813 F3000
G1 X33.324 Y16.781 E276.10373 F3000
G1 X33.331 Y16.928 E276.12818 F3000
G1 X33.362 Y18.029 E276.31145 F3000
G1 X33.394 Y19.131 E276.49475 F3000
G1 X33.400 Y19.267 E276.51734 F3000
G1 X33.427 Y20.311 E276.69100 F3000
G1 X33.432 Y20.437 E276.71197 F3000
G1 X33.435 Y20.549 E276.73063 F3000
G1 X33.453 Y21.483 E276.88595 F3000
G1 X33.452 Y21.582 E276.90241 F3000
G1 X33.430 Y22.382 E277.03556 F3000
G1 X33.336 Y23.023 E277.14336 F3000
G1 X33.326 Y23.112 E277.15814 F3000
G1 X33.131 Y23.580 E277.24251 F3000
G1 X33.107 Y23.649 E277.25463 F3000
G1 X33.065 Y23.691 E277.26447 F3000
G1 X32.738 Y23.971 E277.33609 F3000
; LAYER:7
; Z:7.500
G0 Z7.500 F600
G0 X32.638 Y24.028 F9000
G1 X32.394 Y24.100 E277.37840 F3000
G1 X32.055 Y24.189 E277.43667 F3000
G1 X31.543 Y24.218 E277.52193 F3000
G1 X31.154 Y24.242 E277.58675 F3000
G1 X30.424 Y24.242 E277.70821 F3000
G1 X29.848 Y24.242 E277.80394 F3000
G1 X29.045 Y24.242 E277.93742 F3000
G1 X28.050 Y24.242 E278.10301 F3000
G1 X27.117 Y24.242 E278.25804 F3000
G1 X25.969 Y24.242 E278.44908 F3000
G1 X24.778 Y24.242 E278.64702 F3000
G1 X23.815 Y24.243 E278.80727 F3000
G1 X22.698 Y24.243 E278.99292 F3000
G1 X21.798 Y24.243 E279.14267 F3000
G1 X21.053 Y24.243 E279.26649 F3000
G1 X20.128 Y24.243 E279.42035 F3000
G1 X19.458 Y24.243 E279.53183 F3000
G1 X18.624 Y24.244 E279.67050 F3000
G1 X17.781 Y24.244 E279.81060 F3000
G1 X17.104 Y24.244 E279.92328 F3000
G1 X16.152 Y24.244 E280.08152 F3000
G1 X15.387 Y24.244 E280.20887 F3000
G1 X14.452 Y24.244 E280.36431 F3000
G1 X13.290 Y24.244 E280.55745 F3000
G1 X12.264 Y24.244 E280.72819 F3000
G1 X10.988 Y24.244 E280.94034 F3000
G1 X9.694 Y24.244 E281.15559 F3000
G1 X8.652 Y24.244 E281.32883 F3000
G1 X7.435 Y24.244 E281.53130 F3000
G1 X6.455 Y24.244 E281.69425 F3000
G1 X5.614 Y24.244 E281.83411 F3000
G1 X4.569 Y24.244 E282.00790 F3000
G1 X3.832 Y24.244 E282.13045 F3000
G1 X2.916 Y24.244 E282.28272 F3000
G1 X2.087 Y24.244 E282.42066 F3000
G1 X1.419 Y24.244 E282.53167 F3000
G1 X0.633 Y24.244 E282.66243 F3000
G1 X0.000 Y24.244 E282.76767 F3000
G1 X-0.633 Y24.244 E282.87291 F3000
G1 X-1.419 Y24.244 E283.00367 F3000
G1 X-2.087 Y24.244 E283.11468 F3000
G1 X-2.916 Y24.244 E283.25261 F3000
G1 X-3.832 Y24.244 E283.40489 F3000
G1 X-4.569 Y24.244 E283.52744 F3000
G1 X-5.614 Y24.244 E283.70123 F3000
G1 X-6.455 Y24.244 E283.84109 F3000
G1 X-7.435 Y24.244 E284.00404 F3000
G1 X-8.652 Y24.244 E284.20651 F3000
G1 X-9.694 Y24.244 E284.37974 F3000
G1 X-10.988 Y24.244 E284.59500 F3000
G1 X-12.264 Y24.244 E284.80715 F3000
G1 X-13.290 Y24.244 E284.97788 F3000
G1 X-14.452 Y24.244 E285.17103 F3000
G1 X-15.387 Y24.244 E285.32647 F3000
G1 X-16.152 Y24.244 E285.45382 F3000
G1 X-17.104 Y24.244 E285.61206 F3000
G1 X-17.781 Y24.244 E285.72474 F3000
G1 X-18.624 Y24.244 E285.86484 F3000
G1 X-19.458 Y24.243 E286.00350 F3000
G1 X-20.128 Y24.243 E286.11499 F3000
G1 X-21.053 Y24.243 E286.26885 F3000
G1 X-21.798 Y24.243 E286.39267 F3000
G1 X-22.698 Y24.243 E286.54241 F3000
G1 X-23.815 Y24.243 E286.72806 F3000
G1 X-24.778 Y24.242 E286.88831 F3000
G1 X-25.969 Y24.242 E287.08625 F3000
G1 X-27.117 Y24.242 E287.27730 F3000
G1 X-28.050 Y24.242 E287.43233 F3000
G1 X-29.045 Y24.242 E287.59792 F3000
G1 X-29.848 Y24.242 E287.73140 F3000
G1 X-30.424 Y24.242 E287.82712 F3000
G1 X-31.154 Y24.242 E287.94859 F3000
G1 X-31.543 Y24.218 E288.01340 F3000
G1 X-32.055 Y24.189 E288.09867 F3000
G1 X-32.394 Y24.100 E288.15694 F3000
G1 X-32.638 Y24.028 E288.19925 F3000
G1 X-32.848 Y23.848 E288.24527 F3000
G1 X-32.990 Y23.706 E288.27868 F3000
G1 X-33.072 Y23.472 E288.31983 F3000
G1 X-33.198 Y23.169 E288.37457 F3000
G1 X-33.234 Y22.856 E288.42687 F3000
G1 X-33.295 Y22.438 E288.49719 F3000
G1 X-33.310 Y21.916 E288.58404 F3000
G1 X-33.315 Y21.536 E288.64724 F3000
G1 X-33.303 Y20.924 E288.74902 F3000
G1 X-33.289 Y20.484 E288.82213 F3000
G1 X-33.269 Y19.991 E288.90429 F3000
G1 X-33.251 Y19.306 E289.01824 F3000
G1 X-33.228 Y18.779 E289.10598 F3000
G1 X-33.207 Y18.058 E289.22589 F3000
G1 X-33.187 Y17.337 E289.34578 F3000
G1 X-33.162 Y16.799 E289.43538 F3000
G1 X-33.144 Y16.111 E289.54980 F3000
G1 X-33.122 Y15.588 E289.63694 F3000
G1 X-33.106 Y15.108 E289.71681 F3000
G1 X-33.092 Y14.483 E289.82075 F3000
G1 X-33.080 Y14.054 E289.89210 F3000
G1 X-33.070 Y13.498 E289.98465 F3000
G1 X-33.064 Y13.016 E290.06479 F3000
G1 X-33.055 Y12.645 E290.12651 F3000
G1 X-33.051 Y12.245 E290.19305 F3000
G1 X-33.045 Y11.937 E290.24418 F3000
G1 X-33.040 Y11.698 E290.28388 F3000
G1 X-33.036 Y11.388 E290.33554 F3000
G1 X-33.033 Y11.183 E290.36954 F3000
G1 X-33.029 Y10.917 E290.41379 F3000
G1 X-33.026 Y10.651 E290.45811 F3000
G1 X-33.022 Y10.446 E290.49216 F3000
G1 X-33.019 Y10.134 E290.54402 F3000
G1 X-33.014 Y9.895 E290.58386 F3000
G1 X-33.008 Y9.586 E290.63523 F3000
G1 X-33.003 Y9.184 E290.70211 F3000
G1 X-32.997 Y8.833 E290.76054 F3000
G1 X-32.992 Y8.375 E290.83660 F3000
G1 X-32.987 Y7.898 E290.91601 F3000
G1 X-32.981 Y7.531 E290.97701 F3000
G1 X-32.977 Y7.068 E291.05394 F3000
G1 X-32.972 Y6.713 E291.11303 F3000
G1 X-32.969 Y6.396 E291.16573 F3000
G1 X-32.967 Y5.984 E291.23434 F3000
G1 X-32.963 Y5.546 E291.30717 F3000
G1 X-32.959 Y4.972 E291.40252 F3000
G1 X-32.949 Y4.033 E291.55875 F3000
G1 X-32.943 Y3.310 E291.67907 F3000
G1 X-32.925 Y1.821 E291.92670 F3000
G1 X-32.912 Y0.627 E292.12525 F3000
G1 X-32.890 Y-1.290 E292.44408 F3000
G1 X-32.862 Y-3.441 E292.80183 F3000
G1 X-32.833 Y-5.854 E293.20303 F3000
G1 X-32.801 Y-8.221 E293.59673 F3000
G1 X-32.770 Y-10.488 E293.97384 F3000
G1 X-32.739 Y-13.043 E294.39866 F3000
G1 X-32.714 Y-14.862 E294.70118 F3000
G1 X-32.685 Y-17.245 E295.09751 F3000
G1 X-32.664 Y-19.044 E295.39680 F3000
G1 X-32.649 Y-20.171 E295.58418 F3000
G1 X-32.622 Y-21.452 E295.79722 F3000
G1 X-32.605 Y-22.171 E295.91684 F3000
G1 X-32.577 Y-22.660 E295.99836 F3000
G1 X-32.531 Y-23.590 E296.15314 F3000
G1 X-32.483 Y-23.979 E296.21843 F3000
G1 X-32.403 Y-24.770 E296.35063 F3000
G1 X-32.275 Y-25.625 E296.49441 F3000
G1 X-32.196 Y-26.053 E296.56673 F3000
G1 X-32.020 Y-26.897 E296.71007 F3000
G1 X-31.908 Y-27.337 E296.78563 F3000
G1 X-31.764 Y-27.752 E296.85859 F3000
G1 X-31.535 Y-28.524 E296.99260 F3000
G1 X-31.358 Y-28.882 E297.05895 F3000
G1 X-31.076 Y-29.519 E297.17481 F3000
G1 X-30.736 Y-29.968 E297.26850 F3000
G1 X-30.529 Y-30.226 E297.32357 F3000
G1 X-30.095 Y-30.528 E297.41153 F3000
G1 X-29.842 Y-30.703 E297.46261 F3000
G1 X-29.522 Y-30.814 E297.51897 F3000
G1 X-28.964 Y-31.002 E297.61691 F3000
G1 X-28.551 Y-31.070 E297.68653 F3000
G1 X-27.844 Y-31.181 E297.80554 F3000
G1 X-27.000 Y-31.248 E297.94629 F3000
G1 X-26.429 Y-31.293 E298.04154 F3000
G1 X-25.542 Y-31.329 E298.18923 F3000
G1 X-24.830 Y-31.356 E298.30760 F3000
G1 X-24.038 Y-31.368 E298.43930 F3000
G1 X-23.160 Y-31.383 E298.58549 F3000
G1 X-22.310 Y-31.387 E298.72674 F3000
G1 X-21.538 Y-31.391 E298.85515 F3000
G1 X-20.902 Y-31.394 E298.96093 F3000
G1 X-20.090 Y-31.396 E299.09603 F3000
G1 X-19.491 Y-31.397 E299.19557 F3000
G1 X-18.680 Y-31.398 E299.33036 F3000
G1 X-17.804 Y-31.399 E299.47609 F3000
G1 X-17.175 Y-31.399 E299.58073 F3000
G1 X-16.156 Y-31.399 E299.75023 F3000
G1 X-15.432 Y-31.399 E299.87053 F3000
G1 X-14.546 Y-31.399 E300.01794 F3000
G1 X-13.313 Y-31.399 E300.22300 F3000
G1 X-12.330 Y-31.399 E300.38644 F3000
G1 X-10.994 Y-31.399 E300.60867 F3000
G1 X-9.643 Y-31.399 E300.83325 F3000
G1 X-8.652 Y-31.399 E300.99809 F3000
G1 X-7.387 Y-31.399 E301.20840 F3000
G1 X-6.455 Y-31.399 E301.36351 F3000
G1 X-5.655 Y-31.399 E301.49649 F3000
G1 X-4.569 Y-31.399 E301.67716 F3000
G1 X-3.868 Y-31.399 E301.79368 F3000
G1 X-2.916 Y-31.399 E301.95199 F3000
G1 X-2.054 Y-31.399 E302.09532 F3000
G1 X-1.419 Y-31.399 E302.20093 F3000
G1 X-0.602 Y-31.399 E302.33683 F3000
G1 X0.000 Y-31.399 E302.43693 F3000
G1 X0.602 Y-31.399 E302.53703 F3000
G1 X1.419 Y-31.399 E302.67293 F3000
G1 X2.054 Y-31.399 E302.77854 F3000
G1 X2.916 Y-31.399 E302.92188 F3000
G1 X3.868 Y-31.399 E303.08018 F3000
G1 X4.569 Y-31.399 E303.19670 F3000
G1 X5.655 Y-31.399 E303.37737 F3000
G1 X6.455 Y-31.399 E303.51035 F3000
G1 X7.387 Y-31.399 E303.66546 F3000
G1 X8.652 Y-31.399 E303.87577 F3000
G1 X9.643 Y-31.399 E304.04062 F3000
G1 X10.994 Y-31.399 E304.26519 F3000
G1 X12.330 Y-31.399 E304.48742 F3000
G1 X13.313 Y-31.399 E304.65086 F3000
G1 X14.546 Y-31.399 E304.85593 F3000
G1 X15.432 Y-31.399 E305.00333 F3000
G1 X16.156 Y-31.399 E305.12363 F3000
G1 X17.175 Y-31.399 E305.29313 F3000
G1 X17.804 Y-31.399 E305.39777 F3000
G1 X18.680 Y-31.398 E305.54350 F3000
G1 X19.491 Y-31.397 E305.67829 F3000
G1 X20.090 Y-31.396 E305.77784 F3000
G1 X20.902 Y-31.394 E305.91294 F3000
G1 X21.538 Y-31.391 E306.01872 F3000
G1 X22.310 Y-31.387 E306.14713 F3000
G1 X23.160 Y-31.383 E306.28838 F3000
G1 X24.038 Y-31.368 E306.43456 F3000
G1 X24.830 Y-31.356 E306.56626 F3000
G1 X25.542 Y-31.329 E306.68463 F3000
G1 X26.429 Y-31.293 E306.83232 F3000
G1 X27.000 Y-31.248 E306.92757 F3000
G1 X27.844 Y-31.181 E307.06833 F3000
G1 X28.551 Y-31.070 E307.18734 F3000
G1 X28.964 Y-31.002 E307.25695 F3000
G1 X29.522 Y-30.814 E307.35489 F3000
G1 X29.842 Y-30.703 E307.41126 F3000
G1 X30.095 Y-30.528 E307.46233 F3000
G1 X30.529 Y-30.226 E307.55029 F3000
G1 X30.736 Y-29.968 E307.60537 F3000
G1 X31.076 Y-29.519 E307.69906 F3000
G1 X31.358 Y-28.882 E307.81491 F3000
G1 X31.535 Y-28.524 E307.88126 F3000
G1 X31.764 Y-27.752 E308.01527 F3000
G1 X31.908 Y-27.337 E308.08823 F3000
G1 X32.020 Y-26.897 E308.16379 F3000
G1 X32.196 Y-26.053 E308.30713 F3000
G1 X32.275 Y-25.625 E308.37945 F3000
G1 X32.403 Y-24.770 E308.52323 F3000
G1 X32.483 Y-23.979 E308.65543 F3000
G1 X32.531 Y-23.590 E308.72073 F3000
G1 X32.577 Y-22.660 E308.87550 F3000
G1 X32.605 Y-22.171 E308.95703 F3000
G1 X32.622 Y-21.452 E309.07664 F3000
G1 X32.649 Y-20.171 E309.28969 F3000
G1 X32.664 Y-19.044 E309.47706 F3000
G1 X32.685 Y-17.245 E309.77636 F3000
G1 X32.714 Y-14.862 E310.17269 F3000
G1 X32.739 Y-13.043 E310.47520 F3000
G1 X32.770 Y-10.488 E310.90003 F3000
G1 X32.801 Y-8.221 E311.27714 F3000
G1 X32.833 Y-5.854 E311.67083 F3000
G1 X32.862 Y-3.441 E312.07203 F3000
G1 X32.890 Y-1.290 E312.42978 F3000
G1 X32.912 Y0.627 E312.74861 F3000
G1 X32.925 Y1.821 E312.94717 F3000
G1 X32.943 Y3.310 E313.19480 F3000
G1 X32.949 Y4.033 E313.31512 F3000
G1 X32.959 Y4.972 E313.47134 F3000
G1 X32.963 Y5.546 E313.56670 F3000
G1 X32.967 Y5.984 E313.63952 F3000
G1 X32.969 Y6.396 E313.70814 F3000
G1 X32.972 Y6.713 E313.76083 F3000
G1 X32.977 Y7.068 E313.81992 F3000
G1 X32.981 Y7.531 E313.89685 F3000
G1 X32.987 Y7.898 E313.95785 F3000
G1 X32.992 Y8.375 E314.03726 F3000
G1 X32.997 Y8.833 E314.11333 F3000
G1 X33.003 Y9.184 E314.17175 F3000
G1 X33.008 Y9.586 E314.23863 F3000
G1 X33.014 Y9.895 E314.29000 F3000
G1 X33.019 Y10.134 E314.32984 F3000
G1 X33.022 Y10.446 E314.38171 F3000
G1 X33.026 Y10.651 E314.41575 F3000
G1 X33.029 Y10.917 E314.46007 F3000
G1 X33.033 Y11.183 E314.50433 F3000
G1 X33.036 Y11.388 E314.53833 F3000
G1 X33.040 Y11.698 E314.58998 F3000
G1 X33.045 Y11.937 E314.62968 F3000
G1 X33.051 Y12.245 E314.68082 F3000
G1 X33.055 Y12.645 E314.74735 F3000
G1 X33.064 Y13.016 E314.80908 F3000
G1 X33.070 Y13.498 E314.88921 F3000
G1 X33.080 Y14.054 E314.98176 F3000
G1 X33.092 Y14.483 E315.05312 F3000
G1 X33.106 Y15.108 E315.15705 F3000
G1 X33.122 Y15.588 E315.23693 F3000
G1 X33.144 Y16.111 E315.32406 F3000
G1 X33.162 Y16.799 E315.43848 F3000
G1 X33.187 Y17.337 E315.52809 F3000
G1 X33.207 Y18.058 E315.64797 F3000
G1 X33.228 Y18.779 E315.76788 F3000
G1 X33.251 Y19.306 E315.85563 F3000
G1 X33.269 Y19.991 E315.96957 F3000
G1 X33.289 Y20.484 E316.05173 F3000
G1 X33.303 Y20.924 E316.12484 F3000
G1 X33.315 Y21.536 E316.22662 F3000
G1 X33.310 Y21.916 E316.28982 F3000
G1 X33.295 Y22.438 E316.37668 F3000
G1 X33.234 Y22.856 E316.44700 F3000
G1 X33.198 Y23.169 E316.49930 F3000
G1 X33.072 Y23.472 E316.55403 F3000
G1 X32.990 Y23.706 E316.59519 F3000
G1 X32.848 Y23.848 E316.62859 F3000
G1 X32.638 Y24.028 E316.67462 F3000
; LAYER:8
; Z:8.500
G0 Z8.500 F600
G0 X32.537 Y24.085 F9000
G1 X32.123 Y24.207 E316.74637 F3000
G1 X31.975 Y24.246 E316.77197 F3000
G1 X31.750 Y24.259 E316.80943 F3000
G1 X31.095 Y24.299 E316.91859 F3000
G1 X30.776 Y24.299 E316.97162 F3000
G1 X29.807 Y24.299 E317.13265 F3000
G1 X28.457 Y24.299 E317.35719 F3000
G1 X28.023 Y24.299 E317.42936 F3000
G1 X26.454 Y24.299 E317.69023 F3000
G1 X25.952 Y24.299 E317.77373 F3000
G1 X25.432 Y24.300 E317.86023 F3000
G1 X23.806 Y24.300 E318.13074 F3000
G1 X23.316 Y24.300 E318.21218 F3000
G1 X21.793 Y24.300 E318.46538 F3000
G1 X20.534 Y24.301 E318.67476 F3000
G1 X20.126 Y24.301 E318.74261 F3000
G1 X18.992 Y24.301 E318.93132 F3000
G1 X18.623 Y24.301 E318.99253 F3000
G1 X18.252 Y24.301 E319.05438 F3000
G1 X17.104 Y24.301 E319.24524 F3000
G1 X16.684 Y24.301 E319.31512 F3000
G1 X15.387 Y24.301 E319.53083 F3000
G1 X13.803 Y24.301 E319.79413 F3000
G1 X13.290 Y24.301 E319.87942 F3000
G1 X11.551 Y24.301 E320.16862 F3000
G1 X10.988 Y24.301 E320.26230 F3000
G1 X10.417 Y24.301 E320.35735 F3000
G1 X8.652 Y24.301 E320.65079 F3000
G1 X8.114 Y24.301 E320.74020 F3000
G1 X6.455 Y24.301 E321.01621 F3000
G1 X5.030 Y24.301 E321.25312 F3000
G1 X4.569 Y24.301 E321.32986 F3000
G1 X3.320 Y24.301 E321.53744 F3000
G1 X2.916 Y24.301 E321.60469 F3000
G1 X2.550 Y24.301 E321.66560 F3000
G1 X1.419 Y24.301 E321.85363 F3000
G1 X1.072 Y24.301 E321.91137 F3000
G1 X0.000 Y24.301 E322.08963 F3000
G1 X-1.072 Y24.301 E322.26789 F3000
G1 X-1.419 Y24.301 E322.32563 F3000
G1 X-2.550 Y24.301 E322.51367 F3000
G1 X-2.916 Y24.301 E322.57458 F3000
G1 X-3.320 Y24.301 E322.64182 F3000
G1 X-4.569 Y24.301 E322.84940 F3000
G1 X-5.030 Y24.301 E322.92614 F3000
G1 X-6.455 Y24.301 E323.16305 F3000
G1 X-8.114 Y24.301 E323.43906 F3000
G1 X-8.652 Y24.301 E323.52847 F3000
G1 X-10.417 Y24.301 E323.82191 F3000
G1 X-10.988 Y24.301 E323.91696 F3000
G1 X-11.551 Y24.301 E324.01064 F3000
G1 X-13.290 Y24.301 E324.29985 F3000
G1 X-13.803 Y24.301 E324.38513 F3000
G1 X-15.387 Y24.301 E324.64843 F3000
G1 X-16.684 Y24.301 E324.86415 F3000
G1 X-17.104 Y24.301 E324.93402 F3000
G1 X-18.252 Y24.301 E325.12488 F3000
G1 X-18.623 Y24.301 E325.18673 F3000
G1 X-18.992 Y24.301 E325.24794 F3000
G1 X-20.126 Y24.301 E325.43665 F3000
G1 X-20.534 Y24.301 E325.50450 F3000
G1 X-21.793 Y24.300 E325.71388 F3000
G1 X-23.316 Y24.300 E325.96709 F3000
G1 X-23.806 Y24.300 E326.04852 F3000
G1 X-25.432 Y24.300 E326.31903 F3000
G1 X-25.952 Y24.299 E326.40553 F3000
G1 X-26.454 Y24.299 E326.48903 F3000
G1 X-28.023 Y24.299 E326.74990 F3000
G1 X-28.457 Y24.299 E326.82207 F3000
G1 X-29.807 Y24.299 E327.04661 F3000
G1 X-30.776 Y24.299 E327.20764 F3000
G1 X-31.095 Y24.299 E327.26067 F3000
G1 X-31.750 Y24.259 E327.36983 F3000
G1 X-31.975 Y24.246 E327.40729 F3000
G1 X-32.123 Y24.207 E327.43289 F3000
G1 X-32.537 Y24.085 E327.50464 F3000
G1 X-32.631 Y24.005 E327.52507 F3000
G1 X-32.873 Y23.763 E327.58204 F3000
G1 X-33.012 Y23.365 E327.65223 F3000
G1 X-33.070 Y23.225 E327.67733 F3000
G1 X-33.133 Y22.689 E327.76715 F3000
G1 X-33.161 Y22.493 E327.79999 F3000
G1 X-33.168 Y22.250 E327.84056 F3000
G1 X-33.176 Y21.588 E327.95050 F3000
G1 X-33.170 Y21.299 E327.99873 F3000
G1 X-33.146 Y20.532 E328.12629 F3000
G1 X-33.111 Y19.671 E328.26964 F3000
G1 X-33.103 Y19.345 E328.32387 F3000
G1 X-33.062 Y18.426 E328.47678 F3000
G1 X-33.053 Y18.086 E328.53329 F3000
G1 X-33.043 Y17.747 E328.58980 F3000
G1 X-33.001 Y16.817 E328.74455 F3000
G1 X-32.992 Y16.497 E328.79779 F3000
G1 X-32.955 Y15.597 E328.94759 F3000
G1 X-32.926 Y14.772 E329.08492 F3000
G1 X-32.920 Y14.487 E329.13231 F3000
G1 X-32.900 Y13.751 E329.25465 F3000
G1 X-32.895 Y13.499 E329.29669 F3000
G1 X-32.892 Y13.280 E329.33308 F3000
G1 X-32.878 Y12.645 E329.43872 F3000
G1 X-32.876 Y12.463 E329.46889 F3000
G1 X-32.866 Y11.937 E329.55641 F3000
G1 X-32.858 Y11.529 E329.62435 F3000
G1 X-32.856 Y11.388 E329.64778 F3000
G1 X-32.850 Y11.038 E329.70597 F3000
G1 X-32.848 Y10.917 E329.72604 F3000
G1 X-32.847 Y10.797 E329.74614 F3000
G1 X-32.840 Y10.446 E329.80442 F3000
G1 X-32.838 Y10.305 E329.82794 F3000
G1 X-32.831 Y9.895 E329.89612 F3000
G1 X-32.820 Y9.366 E329.98405 F3000
G1 X-32.818 Y9.184 E330.01438 F3000
G1 X-32.807 Y8.583 E330.11437 F3000
G1 X-32.805 Y8.375 E330.14887 F3000
G1 X-32.803 Y8.159 E330.18489 F3000
G1 X-32.792 Y7.531 E330.28928 F3000
G1 X-32.791 Y7.321 E330.32418 F3000
G1 X-32.782 Y6.713 E330.42530 F3000
G1 X-32.777 Y6.171 E330.51550 F3000
G1 X-32.776 Y5.984 E330.54662 F3000
G1 X-32.770 Y5.234 E330.67126 F3000
G1 X-32.768 Y4.976 E330.71418 F3000
G1 X-32.764 Y4.553 E330.78451 F3000
G1 X-32.752 Y3.324 E330.98887 F3000
G1 X-32.744 Y2.670 E331.09774 F3000
G1 X-32.723 Y0.664 E331.43128 F3000
G1 X-32.685 Y-2.556 E331.96687 F3000
G1 X-32.675 Y-3.365 E332.10142 F3000
G1 X-32.627 Y-7.348 E332.76376 F3000
G1 X-32.617 Y-8.098 E332.88853 F3000
G1 X-32.607 Y-8.816 E333.00805 F3000
G1 X-32.558 Y-12.873 E333.68279 F3000
G1 X-32.552 Y-13.314 E333.75610 F3000
G1 X-32.507 Y-17.040 E334.37572 F3000
G1 X-32.474 Y-19.853 E334.84364 F3000
G1 X-32.472 Y-19.952 E334.86008 F3000
G1 X-32.431 Y-21.933 E335.18953 F3000
G1 X-32.430 Y-21.974 E335.19631 F3000
G1 X-32.360 Y-23.397 E335.43324 F3000
G1 X-32.359 Y-23.399 E335.43356 F3000
G1 X-32.237 Y-24.609 E335.63594 F3000
G1 X-32.042 Y-25.918 E335.85606 F3000
G1 X-32.039 Y-25.932 E335.85830 F3000
G1 X-31.768 Y-27.228 E336.07846 F3000
G1 X-31.751 Y-27.285 E336.08839 F3000
G1 X-31.397 Y-28.481 E336.29595 F3000
G1 X-31.379 Y-28.516 E336.30243 F3000
G1 X-30.942 Y-29.504 E336.48204 F3000
G1 X-30.415 Y-30.200 E336.62729 F3000
G1 X-30.394 Y-30.226 E336.63272 F3000
G1 X-29.724 Y-30.692 E336.76855 F3000
G1 X-29.679 Y-30.715 E336.77691 F3000
G1 X-28.824 Y-31.004 E336.92698 F3000
G1 X-28.794 Y-31.009 E336.93212 F3000
G1 X-27.707 Y-31.179 E337.11505 F3000
G1 X-26.410 Y-31.281 E337.33140 F3000
G1 X-26.303 Y-31.290 E337.34926 F3000
G1 X-24.921 Y-31.345 E337.57925 F3000
G1 X-24.719 Y-31.353 E337.61284 F3000
G1 X-24.494 Y-31.356 E337.65022 F3000
G1 X-23.064 Y-31.381 E337.88815 F3000
G1 X-22.746 Y-31.382 E337.94103 F3000
G1 X-21.459 Y-31.390 E338.15498 F3000
G1 X-20.400 Y-31.395 E338.33123 F3000
G1 X-20.031 Y-31.396 E338.39248 F3000
G1 X-19.018 Y-31.398 E338.56105 F3000
G1 X-18.644 Y-31.398 E338.62311 F3000
G1 X-18.241 Y-31.398 E338.69020 F3000
G1 X-17.160 Y-31.399 E338.86991 F3000
G1 X-16.677 Y-31.399 E338.95037 F3000
G1 X-15.432 Y-31.399 E339.15728 F3000
G1 X-13.908 Y-31.399 E339.41081 F3000
G1 X-13.316 Y-31.399 E339.50927 F3000
G1 X-11.624 Y-31.399 E339.79057 F3000
G1 X-10.994 Y-31.399 E339.89530 F3000
G1 X-10.358 Y-31.399 E340.00114 F3000
G1 X-8.652 Y-31.399 E340.28485 F3000
G1 X-8.059 Y-31.399 E340.38341 F3000
G1 X-6.455 Y-31.399 E340.65027 F3000
G1 X-5.079 Y-31.399 E340.87905 F3000
G1 X-4.569 Y-31.399 E340.96392 F3000
G1 X-3.364 Y-31.399 E341.16433 F3000
G1 X-2.916 Y-31.399 E341.23875 F3000
G1 X-2.511 Y-31.399 E341.30613 F3000
G1 X-1.419 Y-31.399 E341.48769 F3000
G1 X-1.035 Y-31.399 E341.55161 F3000
G1 X0.000 Y-31.399 E341.72369 F3000
G1 X1.035 Y-31.399 E341.89577 F3000
G1 X1.419 Y-31.399 E341.95969 F3000
G1 X2.511 Y-31.399 E342.14125 F3000
G1 X2.916 Y-31.399 E342.20863 F3000
G1 X3.364 Y-31.399 E342.28305 F3000
G1 X4.569 Y-31.399 E342.48346 F3000
G1 X5.079 Y-31.399 E342.56833 F3000
G1 X6.455 Y-31.399 E342.79711 F3000
G1 X8.059 Y-31.399 E343.06397 F3000
G1 X8.652 Y-31.399 E343.16253 F3000
G1 X10.358 Y-31.399 E343.44624 F3000
G1 X10.994 Y-31.399 E343.55208 F3000
G1 X11.624 Y-31.399 E343.65681 F3000
G1 X13.316 Y-31.399 E343.93811 F3000
G1 X13.908 Y-31.399 E344.03657 F3000
G1 X15.432 Y-31.399 E344.29010 F3000
G1 X16.677 Y-31.399 E344.49701 F3000
G1 X17.160 Y-31.399 E344.57747 F3000
G1 X18.241 Y-31.398 E344.75718 F3000
G1 X18.644 Y-31.398 E344.82427 F3000
G1 X19.018 Y-31.398 E344.88633 F3000
G1 X20.031 Y-31.396 E345.05490 F3000
G1 X20.400 Y-31.395 E345.11615 F3000
G1 X21.459 Y-31.390 E345.29240 F3000
G1 X22.746 Y-31.382 E345.50635 F3000
G1 X23.064 Y-31.381 E345.55923 F3000
G1 X24.494 Y-31.356 E345.79716 F3000
G1 X24.719 Y-31.353 E345.83454 F3000
G1 X24.921 Y-31.345 E345.86813 F3000
G1 X26.303 Y-31.290 E346.09812 F3000
G1 X26.410 Y-31.281 E346.11597 F3000
G1 X27.707 Y-31.179 E346.33233 F3000
G1 X28.794 Y-31.009 E346.51526 F3000
G1 X29.679 Y-30.715 E346.67040 F3000
G1 X29.724 Y-30.692 E346.67876 F3000
G1 X30.394 Y-30.226 E346.81459 F3000
G1 X30.415 Y-30.200 E346.82002 F3000
G1 X30.942 Y-29.504 E346.96528 F3000
G1 X31.379 Y-28.516 E347.14489 F3000
G1 X31.751 Y-27.285 E347.35883 F3000
G1 X31.761 Y-27.257 E347.36371 F3000
G1 X31.768 Y-27.228 E347.36877 F3000
G1 X32.039 Y-25.932 E347.58892 F3000
G1 X32.042 Y-25.918 E347.59117 F3000
G1 X32.237 Y-24.609 E347.81129 F3000
G1 X32.359 Y-23.399 E348.01367 F3000
G1 X32.430 Y-21.974 E348.25092 F3000
G1 X32.431 Y-21.933 E348.25770 F3000
G1 X32.472 Y-19.952 E348.58715 F3000
G1 X32.474 Y-19.853 E348.60358 F3000
G1 X32.507 Y-17.040 E349.07151 F3000
G1 X32.552 Y-13.314 E349.69113 F3000
G1 X32.558 Y-12.873 E349.76444 F3000
G1 X32.607 Y-8.816 E350.43918 F3000
G1 X32.617 Y-8.098 E350.55869 F3000
G1 X32.627 Y-7.348 E350.68347 F3000
G1 X32.675 Y-3.365 E351.34580 F3000
G1 X32.685 Y-2.556 E351.48036 F3000
G1 X32.723 Y0.664 E352.01594 F3000
G1 X32.744 Y2.670 E352.34949 F3000
G1 X32.752 Y3.324 E352.45836 F3000
G1 X32.764 Y4.553 E352.66272 F3000
G1 X32.768 Y4.976 E352.73305 F3000
G1 X32.770 Y5.234 E352.77597 F3000
G1 X32.776 Y5.984 E352.90061 F3000
G1 X32.777 Y6.171 E352.93173 F3000
G1 X32.782 Y6.713 E353.02192 F3000
G1 X32.791 Y7.321 E353.12305 F3000
G1 X32.792 Y7.531 E353.15795 F3000
G1 X32.803 Y8.159 E353.26234 F3000
G1 X32.805 Y8.375 E353.29836 F3000
G1 X32.807 Y8.583 E353.33286 F3000
G1 X32.818 Y9.184 E353.43285 F3000
G1 X32.820 Y9.366 E353.46318 F3000
G1 X32.831 Y9.895 E353.55111 F3000
G1 X32.838 Y10.305 E353.61929 F3000
G1 X32.840 Y10.446 E353.64281 F3000
G1 X32.847 Y10.797 E353.70109 F3000
G1 X32.848 Y10.917 E353.72119 F3000
G1 X32.850 Y11.038 E353.74125 F3000
G1 X32.856 Y11.388 E353.79945 F3000
G1 X32.858 Y11.529 E353.82287 F3000
G1 X32.866 Y11.937 E353.89082 F3000
G1 X32.876 Y12.463 E353.97833 F3000
G1 X32.878 Y12.645 E354.00851 F3000
G1 X32.892 Y13.280 E354.11415 F3000
G1 X32.895 Y13.499 E354.15054 F3000
G1 X32.900 Y13.751 E354.19258 F3000
G1 X32.920 Y14.487 E354.31492 F3000
G1 X32.926 Y14.772 E354.36231 F3000
G1 X32.955 Y15.597 E354.49964 F3000
G1 X32.992 Y16.497 E354.64944 F3000
G1 X33.001 Y16.817 E354.70268 F3000
G1 X33.043 Y17.747 E354.85743 F3000
G1 X33.053 Y18.086 E354.91394 F3000
G1 X33.062 Y18.426 E354.97045 F3000
G1 X33.103 Y19.345 E355.12336 F3000
G1 X33.111 Y19.671 E355.17759 F3000
G1 X33.146 Y20.532 E355.32094 F3000
G1 X33.170 Y21.299 E355.44850 F3000
G1 X33.176 Y21.588 E355.49673 F3000
G1 X33.168 Y22.250 E355.60666 F3000
G1 X33.161 Y22.493 E355.64723 F3000
G1 X33.133 Y22.689 E355.68008 F3000
G1 X33.070 Y23.225 E355.76989 F3000
G1 X33.012 Y23.365 E355.79500 F3000
G1 X32.873 Y23.763 E355.86518 F3000
G1 X32.631 Y24.005 E355.92216 F3000
G1 X32.537 Y24.085 E355.94258 F3000
; LAYER:9
; Z:9.500
G0 Z9.500 F600
G0 X31.035 Y24.357 F9000
G1 X31.841 Y24.307 E356.07688 F3000
G1 X31.894 Y24.304 E356.08575 F3000
G1 X31.926 Y24.293 E356.09135 F3000
G1 X32.437 Y24.143 E356.17988 F3000
G1 X32.453 Y24.123 E356.18419 F3000
G1 X32.755 Y23.820 E356.25530 F3000
G1 X32.935 Y23.308 E356.34559 F3000
G1 X33.024 Y22.578 E356.46796 F3000
G1 X33.027 Y22.549 E356.47267 F3000
G1 X33.026 Y22.515 E356.47840 F3000
G1 X33.037 Y21.642 E356.62365 F3000
G1 X33.036 Y21.609 E356.62909 F3000
G1 X33.003 Y20.580 E356.80034 F3000
G1 X32.956 Y19.418 E356.99367 F3000
G1 X32.900 Y18.158 E357.20342 F3000
G1 X32.898 Y18.115 E357.21060 F3000
G1 X32.895 Y18.071 E357.21794 F3000
G1 X32.839 Y16.835 E357.42364 F3000
G1 X32.836 Y16.785 E357.43206 F3000
G1 X32.787 Y15.606 E357.62817 F3000
G1 X32.751 Y14.547 E357.80445 F3000
G1 X32.748 Y14.491 E357.81381 F3000
G1 X32.722 Y13.552 E357.97007 F3000
G1 X32.720 Y13.500 E357.97865 F3000
G1 X32.719 Y13.456 E357.98604 F3000
G1 X32.700 Y12.645 E358.12086 F3000
G1 X32.699 Y12.608 E358.12703 F3000
G1 X32.687 Y11.937 E358.23858 F3000
G1 X32.677 Y11.417 E358.32517 F3000
G1 X32.667 Y10.942 E358.40413 F3000
G1 X32.667 Y10.917 E358.40823 F3000
G1 X32.666 Y10.893 E358.41234 F3000
G1 X32.657 Y10.446 E358.48661 F3000
G1 X32.657 Y10.417 E358.49142 F3000
G1 X32.647 Y9.895 E358.57832 F3000
G1 X32.634 Y9.221 E358.69038 F3000
G1 X32.619 Y8.418 E358.82403 F3000
G1 X32.617 Y8.331 E358.83843 F3000
G1 X32.603 Y7.531 E358.97150 F3000
G1 X32.603 Y7.488 E358.97862 F3000
G1 X32.592 Y6.713 E359.10752 F3000
G1 X32.585 Y6.022 E359.22248 F3000
G1 X32.577 Y5.035 E359.38659 F3000
G1 X32.577 Y4.980 E359.39578 F3000
G1 X32.576 Y4.889 E359.41094 F3000
G1 X32.562 Y3.339 E359.66860 F3000
G1 X32.560 Y3.163 E359.69795 F3000
G1 X32.534 Y0.702 E360.10724 F3000
G1 X32.492 Y-2.825 E360.69381 F3000
G1 X32.488 Y-3.289 E360.77094 F3000
G1 X32.440 Y-7.236 E361.42740 F3000
G1 X32.432 Y-7.975 E361.55027 F3000
G1 X32.424 Y-8.822 E361.69110 F3000
G1 X32.377 Y-12.705 E362.33692 F3000
G1 X32.367 Y-13.657 E362.49533 F3000
G1 X32.329 Y-16.836 E363.02408 F3000
G1 X32.304 Y-18.904 E363.36795 F3000
G1 X32.296 Y-19.736 E363.50627 F3000
G1 X32.267 Y-21.107 E363.73441 F3000
G1 X32.256 Y-21.746 E363.84069 F3000
G1 X32.236 Y-22.240 E363.92290 F3000
G1 X32.189 Y-23.207 E364.08381 F3000
G1 X32.153 Y-23.646 E364.15710 F3000
G1 X32.072 Y-24.452 E364.29175 F3000
G1 X31.939 Y-25.339 E364.44092 F3000
G1 X31.883 Y-25.813 E364.52039 F3000
G1 X31.693 Y-26.721 E364.67462 F3000
G1 X31.615 Y-27.179 E364.75196 F3000
G1 X31.512 Y-27.589 E364.82214 F3000
G1 X31.260 Y-28.441 E364.96993 F3000
G1 X31.131 Y-28.767 E365.02832 F3000
G1 X30.810 Y-29.491 E365.15996 F3000
G1 X30.423 Y-30.002 E365.26651 F3000
G1 X30.261 Y-30.226 E365.31258 F3000
G1 X29.778 Y-30.563 E365.41043 F3000
G1 X29.567 Y-30.710 E365.45328 F3000
G1 X29.299 Y-30.798 E365.50027 F3000
G1 X28.685 Y-31.006 E365.60807 F3000
G1 X28.354 Y-31.055 E365.66369 F3000
G1 X27.569 Y-31.177 E365.79571 F3000
G1 X26.535 Y-31.259 E365.96830 F3000
G1 X26.176 Y-31.287 E366.02819 F3000
G1 X24.924 Y-31.337 E366.23645 F3000
G1 X24.606 Y-31.350 E366.28949 F3000
G1 X24.330 Y-31.355 E366.33536 F3000
G1 X22.964 Y-31.379 E366.56250 F3000
G1 X22.793 Y-31.381 E366.59108 F3000
G1 X21.377 Y-31.390 E366.82642 F3000
G1 X20.038 Y-31.395 E367.04913 F3000
G1 X19.971 Y-31.395 E367.06029 F3000
G1 X18.663 Y-31.398 E367.27778 F3000
G1 X18.608 Y-31.398 E367.28691 F3000
G1 X18.551 Y-31.398 E367.29642 F3000
G1 X17.147 Y-31.399 E367.52993 F3000
G1 X17.102 Y-31.399 E367.53739 F3000
G1 X15.434 Y-31.399 E367.81488 F3000
G1 X13.366 Y-31.399 E368.15871 F3000
G1 X13.320 Y-31.399 E368.16642 F3000
G1 X11.070 Y-31.399 E368.54055 F3000
G1 X10.996 Y-31.399 E368.55293 F3000
G1 X10.917 Y-31.399 E368.56595 F3000
G1 X8.652 Y-31.399 E368.94267 F3000
G1 X8.573 Y-31.399 E368.95578 F3000
G1 X6.455 Y-31.399 E369.30808 F3000
G1 X4.634 Y-31.399 E369.61083 F3000
G1 X4.569 Y-31.399 E369.62173 F3000
G1 X2.973 Y-31.399 E369.88713 F3000
G1 X2.916 Y-31.399 E369.89656 F3000
G1 X2.865 Y-31.399 E369.90509 F3000
G1 X1.419 Y-31.399 E370.14550 F3000
G1 X1.371 Y-31.399 E370.15352 F3000
G1 X0.000 Y-31.399 E370.38150 F3000
G1 X-1.371 Y-31.399 E370.60949 F3000
G1 X-1.419 Y-31.399 E370.61751 F3000
G1 X-2.865 Y-31.399 E370.85792 F3000
G1 X-2.916 Y-31.399 E370.86645 F3000
G1 X-2.973 Y-31.399 E370.87588 F3000
G1 X-4.569 Y-31.399 E371.14127 F3000
G1 X-4.634 Y-31.399 E371.15218 F3000
G1 X-6.455 Y-31.399 E371.45493 F3000
G1 X-8.573 Y-31.399 E371.80723 F3000
G1 X-8.652 Y-31.399 E371.82034 F3000
G1 X-10.917 Y-31.399 E372.19706 F3000
G1 X-10.996 Y-31.399 E372.21008 F3000
G1 X-11.070 Y-31.399 E372.22246 F3000
G1 X-13.320 Y-31.399 E372.59659 F3000
G1 X-13.366 Y-31.399 E372.60430 F3000
G1 X-15.434 Y-31.399 E372.94812 F3000
G1 X-17.102 Y-31.399 E373.22562 F3000
G1 X-17.147 Y-31.399 E373.23308 F3000
G1 X-18.551 Y-31.398 E373.46659 F3000
G1 X-18.608 Y-31.398 E373.47610 F3000
G1 X-18.663 Y-31.398 E373.48523 F3000
G1 X-19.971 Y-31.395 E373.70272 F3000
G1 X-20.038 Y-31.395 E373.71388 F3000
G1 X-21.377 Y-31.390 E373.93659 F3000
G1 X-22.793 Y-31.381 E374.17193 F3000
G1 X-22.964 Y-31.379 E374.20051 F3000
G1 X-24.330 Y-31.355 E374.42764 F3000
G1 X-24.606 Y-31.350 E374.47352 F3000
G1 X-24.924 Y-31.337 E374.52656 F3000
G1 X-26.176 Y-31.287 E374.73482 F3000
G1 X-26.535 Y-31.259 E374.79471 F3000
G1 X-27.569 Y-31.177 E374.96730 F3000
G1 X-28.354 Y-31.055 E375.09932 F3000
G1 X-28.685 Y-31.006 E375.15494 F3000
G1 X-29.299 Y-30.798 E375.26274 F3000
G1 X-29.567 Y-30.710 E375.30973 F3000
G1 X-29.778 Y-30.563 E375.35257 F3000
G1 X-30.261 Y-30.226 E375.45042 F3000
G1 X-30.423 Y-30.002 E375.49650 F3000
G1 X-30.810 Y-29.491 E375.60305 F3000
G1 X-31.131 Y-28.767 E375.73469 F3000
G1 X-31.260 Y-28.441 E375.79308 F3000
G1 X-31.512 Y-27.589 E375.94087 F3000
G1 X-31.615 Y-27.179 E376.01105 F3000
G1 X-31.693 Y-26.721 E376.08839 F3000
G1 X-31.883 Y-25.813 E376.24262 F3000
G1 X-31.939 Y-25.339 E376.32209 F3000
G1 X-32.072 Y-24.452 E376.47126 F3000
G1 X-32.153 Y-23.646 E376.60591 F3000
G1 X-32.189 Y-23.207 E376.67920 F3000
G1 X-32.236 Y-22.240 E376.84010 F3000
G1 X-32.256 Y-21.746 E376.92232 F3000
G1 X-32.267 Y-21.107 E377.02860 F3000
G1 X-32.296 Y-19.736 E377.25674 F3000
G1 X-32.304 Y-18.904 E377.39506 F3000
G1 X-32.329 Y-16.836 E377.73893 F3000
G1 X-32.367 Y-13.657 E378.26768 F3000
G1 X-32.377 Y-12.705 E378.42609 F3000
G1 X-32.424 Y-8.822 E379.07191 F3000
G1 X-32.432 Y-7.975 E379.21274 F3000
G1 X-32.440 Y-7.236 E379.33561 F3000
G1 X-32.488 Y-3.289 E379.99207 F3000
G1 X-32.492 Y-2.825 E380.06920 F3000
G1 X-32.534 Y0.702 E380.65577 F3000
G1 X-32.560 Y3.163 E381.06506 F3000
G1 X-32.562 Y3.339 E381.09440 F3000
G1 X-32.576 Y4.889 E381.35207 F3000
G1 X-32.577 Y4.980 E381.36723 F3000
G1 X-32.577 Y5.035 E381.37641 F3000
G1 X-32.585 Y5.984 E381.53417 F3000
G1 X-32.585 Y6.022 E381.54053 F3000
G1 X-32.592 Y6.713 E381.65549 F3000
G1 X-32.603 Y7.488 E381.78439 F3000
G1 X-32.603 Y7.531 E381.79151 F3000
G1 X-32.617 Y8.331 E381.92457 F3000
G1 X-32.618 Y8.375 E381.93193 F3000
G1 X-32.619 Y8.418 E381.93898 F3000
G1 X-32.633 Y9.184 E382.06643 F3000
G1 X-32.634 Y9.221 E382.07262 F3000
G1 X-32.647 Y9.895 E382.18469 F3000
G1 X-32.657 Y10.417 E382.27159 F3000
G1 X-32.657 Y10.446 E382.27640 F3000
G1 X-32.666 Y10.893 E382.35067 F3000
G1 X-32.667 Y10.942 E382.35888 F3000
G1 X-32.676 Y11.388 E382.43304 F3000
G1 X-32.677 Y11.417 E382.43784 F3000
G1 X-32.687 Y11.937 E382.52443 F3000
G1 X-32.699 Y12.608 E382.63598 F3000
G1 X-32.700 Y12.645 E382.64215 F3000
G1 X-32.719 Y13.456 E382.77696 F3000
G1 X-32.720 Y13.500 E382.78436 F3000
G1 X-32.722 Y13.552 E382.79294 F3000
G1 X-32.748 Y14.491 E382.94920 F3000
G1 X-32.751 Y14.547 E382.95856 F3000
G1 X-32.787 Y15.606 E383.13483 F3000
G1 X-32.836 Y16.785 E383.33095 F3000
G1 X-32.839 Y16.835 E383.33937 F3000
G1 X-32.895 Y18.071 E383.54507 F3000
G1 X-32.898 Y18.115 E383.55241 F3000
G1 X-32.900 Y18.158 E383.55959 F3000
G1 X-32.955 Y19.384 E383.76360 F3000
G1 X-32.956 Y19.418 E383.76934 F3000
G1 X-33.003 Y20.580 E383.96267 F3000
G1 X-33.036 Y21.609 E384.13392 F3000
G1 X-33.037 Y21.642 E384.13936 F3000
G1 X-33.026 Y22.515 E384.28461 F3000
G1 X-33.027 Y22.549 E384.29033 F3000
G1 X-33.024 Y22.578 E384.29505 F3000
G1 X-32.942 Y23.282 E384.41305 F3000
G1 X-32.935 Y23.308 E384.41748 F3000
G1 X-32.755 Y23.820 E384.50777 F3000
G1 X-32.453 Y24.123 E384.57887 F3000
G1 X-32.437 Y24.143 E384.58318 F3000
G1 X-31.926 Y24.293 E384.67171 F3000
G1 X-31.894 Y24.304 E384.67732 F3000
G1 X-31.841 Y24.307 E384.68619 F3000
G1 X-31.035 Y24.357 E384.82048 F3000
G1 X-30.951 Y24.357 E384.83445 F3000
G1 X-29.767 Y24.357 E385.03140 F3000
G1 X-28.118 Y24.357 E385.30563 F3000
G1 X-27.997 Y24.357 E385.32574 F3000
G1 X-26.076 Y24.357 E385.64514 F3000
G1 X-25.936 Y24.357 E385.66840 F3000
G1 X-25.790 Y24.357 E385.69264 F3000
G1 X-23.796 Y24.358 E386.02424 F3000
G1 X-23.662 Y24.358 E386.04655 F3000
G1 X-21.789 Y24.358 E386.35812 F3000
G1 X-20.232 Y24.358 E386.61696 F3000
G1 X-20.124 Y24.358 E386.63489 F3000
G1 X-18.720 Y24.358 E386.86848 F3000
G1 X-18.623 Y24.358 E386.88458 F3000
G1 X-18.525 Y24.358 E386.90090 F3000
G1 X-17.104 Y24.359 E387.13721 F3000
G1 X-16.993 Y24.359 E387.15564 F3000
G1 X-15.387 Y24.359 E387.42281 F3000
G1 X-13.426 Y24.359 E387.74890 F3000
G1 X-13.290 Y24.359 E387.77139 F3000
G1 X-11.137 Y24.359 E388.12957 F3000
G1 X-10.988 Y24.359 E388.15427 F3000
G1 X-10.837 Y24.359 E388.17934 F3000
G1 X-8.652 Y24.359 E388.54277 F3000
G1 X-8.510 Y24.359 E388.56634 F3000
G1 X-6.455 Y24.359 E388.90818 F3000
G1 X-4.690 Y24.359 E389.20159 F3000
G1 X-4.569 Y24.359 E389.22183 F3000
G1 X-3.023 Y24.359 E389.47893 F3000
G1 X-2.916 Y24.359 E389.49666 F3000
G1 X-2.819 Y24.359 E389.51272 F3000
G1 X-1.419 Y24.359 E389.74560 F3000
G1 X-1.328 Y24.359 E389.76083 F3000
G1 X0.000 Y24.359 E389.98160 F3000
G1 X1.328 Y24.359 E390.20238 F3000
G1 X1.419 Y24.359 E390.21761 F3000
G1 X2.819 Y24.359 E390.45049 F3000
G1 X2.916 Y24.359 E390.46655 F3000
G1 X3.023 Y24.359 E390.48428 F3000
G1 X4.569 Y24.359 E390.74138 F3000
G1 X4.690 Y24.359 E390.76161 F3000
G1 X6.455 Y24.359 E391.05503 F3000
G1 X8.510 Y24.359 E391.39687 F3000
G1 X8.652 Y24.359 E391.42044 F3000
G1 X10.837 Y24.359 E391.78387 F3000
G1 X10.988 Y24.359 E391.80894 F3000
G1 X11.137 Y24.359 E391.83364 F3000
G1 X13.290 Y24.359 E392.19182 F3000
G1 X13.426 Y24.359 E392.21431 F3000
G1 X15.387 Y24.359 E392.54040 F3000
G1 X16.993 Y24.359 E392.80757 F3000
G1 X17.104 Y24.359 E392.82600 F3000
G1 X18.525 Y24.358 E393.06231 F3000
G1 X18.623 Y24.358 E393.07863 F3000
G1 X18.720 Y24.358 E393.09473 F3000
G1 X20.124 Y24.358 E393.32832 F3000
G1 X20.232 Y24.358 E393.34625 F3000
G1 X21.789 Y24.358 E393.60509 F3000
G1 X23.662 Y24.358 E393.91666 F3000
G1 X23.796 Y24.358 E393.93897 F3000
G1 X25.790 Y24.357 E394.27057 F3000
G1 X25.936 Y24.357 E394.29481 F3000
G1 X26.076 Y24.357 E394.31807 F3000
G1 X27.997 Y24.357 E394.63746 F3000
G1 X28.118 Y24.357 E394.65758 F3000
G1 X29.767 Y24.357 E394.93181 F3000
G1 X31.035 Y24.357 E395.14273 F3000
; LAYER:10
; Z:10.500
G0 Z10.500 F600
G0 X30.975 Y24.417 F9000
G1 X31.514 Y24.384 E395.23258 F3000
G1 X31.813 Y24.364 E395.28242 F3000
G1 X31.992 Y24.303 E395.31391 F3000
G1 X32.335 Y24.203 E395.37335 F3000
G1 X32.434 Y24.084 E395.39899 F3000
G1 X32.637 Y23.880 E395.44689 F3000
G1 X32.758 Y23.535 E395.50773 F3000
G1 X32.813 Y23.342 E395.54111 F3000
G1 X32.869 Y22.864 E395.62103 F3000
G1 X32.891 Y22.608 E395.66390 F3000
G1 X32.890 Y22.294 E395.71602 F3000
G1 X32.897 Y21.697 E395.81536 F3000
G1 X32.882 Y21.335 E395.87562 F3000
G1 X32.859 Y20.629 E395.99301 F3000
G1 X32.827 Y19.833 E396.12553 F3000
G1 X32.805 Y19.424 E396.19362 F3000
G1 X32.768 Y18.585 E396.33334 F3000
G1 X32.741 Y18.145 E396.40668 F3000
G1 X32.714 Y17.694 E396.48169 F3000
G1 X32.676 Y16.854 E396.62158 F3000
G1 X32.651 Y16.414 E396.69481 F3000
G1 X32.618 Y15.616 E396.82768 F3000
G1 X32.593 Y14.898 E396.94711 F3000
G1 X32.574 Y14.495 E397.01427 F3000
G1 X32.557 Y13.860 E397.11990 F3000
G1 X32.543 Y13.501 E397.17961 F3000
G1 X32.534 Y13.192 E397.23102 F3000
G1 X32.521 Y12.645 E397.32201 F3000
G1 X32.515 Y12.390 E397.36447 F3000
G1 X32.506 Y11.937 E397.43975 F3000
G1 X32.499 Y11.586 E397.49820 F3000
G1 X32.494 Y11.388 E397.53115 F3000
G1 X32.488 Y11.087 E397.58121 F3000
G1 X32.484 Y10.917 E397.60943 F3000
G1 X32.479 Y10.748 E397.63769 F3000
G1 X32.473 Y10.446 E397.68782 F3000
G1 X32.468 Y10.247 E397.72088 F3000
G1 X32.461 Y9.895 E397.77953 F3000
G1 X32.453 Y9.440 E397.85516 F3000
G1 X32.446 Y9.184 E397.89780 F3000
G1 X32.436 Y8.667 E397.98381 F3000
G1 X32.429 Y8.375 E398.03230 F3000
G1 X32.422 Y8.071 E398.08292 F3000
G1 X32.413 Y7.531 E398.17273 F3000
G1 X32.407 Y7.236 E398.22176 F3000
G1 X32.400 Y6.713 E398.30875 F3000
G1 X32.396 Y6.247 E398.38634 F3000
G1 X32.392 Y5.984 E398.43007 F3000
G1 X32.387 Y5.343 E398.53654 F3000
G1 X32.384 Y4.984 E398.59640 F3000
G1 X32.379 Y4.390 E398.69514 F3000
G1 X32.369 Y3.354 E398.86734 F3000
G1 X32.360 Y2.359 E399.03291 F3000
G1 X32.343 Y0.740 E399.30219 F3000
G1 X32.316 Y-1.581 E399.68808 F3000
G1 X32.299 Y-3.212 E399.95943 F3000
G1 X32.269 Y-5.734 E400.37892 F3000
G1 X32.247 Y-7.852 E400.73102 F3000
G1 X32.222 Y-10.278 E401.13458 F3000
G1 X32.195 Y-12.536 E401.51010 F3000
G1 X32.171 Y-14.889 E401.90140 F3000
G1 X32.150 Y-16.633 E402.19150 F3000
G1 X32.137 Y-17.768 E402.38016 F3000
G1 X32.119 Y-19.520 E402.67151 F3000
G1 X32.105 Y-20.235 E402.79046 F3000
G1 X32.082 Y-21.536 E403.00686 F3000
G1 X32.041 Y-22.541 E403.17425 F3000
G1 X32.018 Y-23.017 E403.25340 F3000
G1 X31.947 Y-23.898 E403.40035 F3000
G1 X31.907 Y-24.294 E403.46657 F3000
G1 X31.842 Y-24.730 E403.53993 F3000
G1 X31.728 Y-25.695 E403.70151 F3000
G1 X31.632 Y-26.150 E403.77879 F3000
G1 X31.470 Y-27.102 E403.93946 F3000
G1 X31.256 Y-27.952 E404.08523 F3000
G1 X31.123 Y-28.400 E404.16297 F3000
G1 X30.849 Y-29.093 E404.28683 F3000
G1 X30.679 Y-29.479 E404.35695 F3000
G1 X30.473 Y-29.751 E404.41371 F3000
G1 X30.128 Y-30.227 E404.51152 F3000
G1 X29.872 Y-30.406 E404.56340 F3000
G1 X29.431 Y-30.715 E404.65308 F3000
G1 X28.869 Y-30.899 E404.75144 F3000
G1 X28.545 Y-31.009 E404.80818 F3000
G1 X27.855 Y-31.110 E404.92422 F3000
G1 X27.432 Y-31.176 E404.99539 F3000
G1 X26.874 Y-31.220 E405.08843 F3000
G1 X26.048 Y-31.284 E405.22619 F3000
G1 X25.338 Y-31.312 E405.34451 F3000
G1 X24.491 Y-31.347 E405.48539 F3000
G1 X23.759 Y-31.362 E405.60725 F3000
G1 X22.859 Y-31.378 E405.75683 F3000
G1 X22.260 Y-31.383 E405.85655 F3000
G1 X21.285 Y-31.389 E406.01863 F3000
G1 X20.363 Y-31.393 E406.17202 F3000
G1 X19.902 Y-31.395 E406.24857 F3000
G1 X19.001 Y-31.397 E406.39845 F3000
G1 X18.572 Y-31.398 E406.46972 F3000
G1 X18.126 Y-31.398 E406.54403 F3000
G1 X17.146 Y-31.399 E406.70690 F3000
G1 X16.636 Y-31.399 E406.79177 F3000
G1 X15.454 Y-31.399 E406.98833 F3000
G1 X13.990 Y-31.399 E407.23187 F3000
G1 X13.337 Y-31.399 E407.34046 F3000
G1 X11.759 Y-31.399 E407.60273 F3000
G1 X11.000 Y-31.399 E407.72904 F3000
G1 X10.201 Y-31.399 E407.86185 F3000
G1 X8.652 Y-31.399 E408.11950 F3000
G1 X7.905 Y-31.399 E408.24377 F3000
G1 X6.455 Y-31.399 E408.48492 F3000
G1 X5.209 Y-31.399 E408.69215 F3000
G1 X4.569 Y-31.399 E408.79857 F3000
G1 X3.476 Y-31.399 E408.98036 F3000
G1 X2.916 Y-31.399 E409.07339 F3000
G1 X2.410 Y-31.399 E409.15751 F3000
G1 X1.419 Y-31.399 E409.32234 F3000
G1 X0.940 Y-31.399 E409.40201 F3000
G1 X0.000 Y-31.399 E409.55834 F3000
G1 X-0.940 Y-31.399 E409.71467 F3000
G1 X-1.419 Y-31.399 E409.79434 F3000
G1 X-2.410 Y-31.399 E409.95917 F3000
G1 X-2.916 Y-31.399 E410.04328 F3000
G1 X-3.476 Y-31.399 E410.13632 F3000
G1 X-4.569 Y-31.399 E410.31811 F3000
G1 X-5.209 Y-31.399 E410.42453 F3000
G1 X-6.455 Y-31.399 E410.63176 F3000
G1 X-7.905 Y-31.399 E410.87291 F3000
G1 X-8.652 Y-31.399 E410.99718 F3000
G1 X-10.201 Y-31.399 E411.25483 F3000
G1 X-11.000 Y-31.399 E411.38763 F3000
G1 X-11.759 Y-31.399 E411.51395 F3000
G1 X-13.337 Y-31.399 E411.77622 F3000
G1 X-13.990 Y-31.399 E411.88481 F3000
G1 X-15.454 Y-31.399 E412.12835 F3000
G1 X-16.636 Y-31.399 E412.32491 F3000
G1 X-17.146 Y-31.399 E412.40978 F3000
G1 X-18.126 Y-31.398 E412.57265 F3000
G1 X-18.572 Y-31.398 E412.64695 F3000
G1 X-19.001 Y-31.397 E412.71823 F3000
G1 X-19.902 Y-31.395 E412.86810 F3000
G1 X-20.363 Y-31.393 E412.94466 F3000
G1 X-21.285 Y-31.389 E413.09804 F3000
G1 X-22.260 Y-31.383 E413.26013 F3000
G1 X-22.859 Y-31.378 E413.35985 F3000
G1 X-23.759 Y-31.362 E413.50943 F3000
G1 X-24.491 Y-31.347 E413.63129 F3000
G1 X-25.338 Y-31.312 E413.77217 F3000
G1 X-26.048 Y-31.284 E413.89049 F3000
G1 X-26.874 Y-31.220 E414.02825 F3000
G1 X-27.432 Y-31.176 E414.12129 F3000
G1 X-27.855 Y-31.110 E414.19246 F3000
G1 X-28.545 Y-31.009 E414.30850 F3000
G1 X-28.869 Y-30.899 E414.36524 F3000
G1 X-29.431 Y-30.715 E414.46360 F3000
G1 X-29.872 Y-30.406 E414.55328 F3000
G1 X-30.128 Y-30.227 E414.60516 F3000
G1 X-30.473 Y-29.751 E414.70297 F3000
G1 X-30.679 Y-29.479 E414.75973 F3000
G1 X-30.849 Y-29.093 E414.82985 F3000
G1 X-31.123 Y-28.400 E414.95370 F3000
G1 X-31.256 Y-27.952 E415.03145 F3000
G1 X-31.470 Y-27.102 E415.17722 F3000
G1 X-31.632 Y-26.150 E415.33789 F3000
G1 X-31.728 Y-25.695 E415.41517 F3000
G1 X-31.842 Y-24.730 E415.57674 F3000
G1 X-31.907 Y-24.294 E415.65011 F3000
G1 X-31.947 Y-23.898 E415.71633 F3000
G1 X-32.018 Y-23.017 E415.86328 F3000
G1 X-32.041 Y-22.541 E415.94243 F3000
G1 X-32.082 Y-21.536 E416.10982 F3000
G1 X-32.105 Y-20.235 E416.32622 F3000
G1 X-32.119 Y-19.520 E416.44517 F3000
G1 X-32.137 Y-17.768 E416.73651 F3000
G1 X-32.150 Y-16.633 E416.92518 F3000
G1 X-32.171 Y-14.889 E417.21528 F3000
G1 X-32.195 Y-12.536 E417.60658 F3000
G1 X-32.222 Y-10.278 E417.98209 F3000
G1 X-32.247 Y-7.852 E418.38566 F3000
G1 X-32.269 Y-5.734 E418.73776 F3000
G1 X-32.299 Y-3.212 E419.15725 F3000
G1 X-32.316 Y-1.581 E419.42859 F3000
G1 X-32.343 Y0.740 E419.81449 F3000
G1 X-32.360 Y2.359 E420.08376 F3000
G1 X-32.369 Y3.354 E420.24934 F3000
G1 X-32.379 Y4.390 E420.42154 F3000
G1 X-32.384 Y4.984 E420.52028 F3000
G1 X-32.387 Y5.343 E420.58014 F3000
G1 X-32.392 Y5.984 E420.68661 F3000
G1 X-32.396 Y6.247 E420.73034 F3000
G1 X-32.400 Y6.713 E420.80793 F3000
G1 X-32.407 Y7.236 E420.89492 F3000
G1 X-32.413 Y7.531 E420.94395 F3000
G1 X-32.422 Y8.071 E421.03376 F3000
G1 X-32.429 Y8.375 E421.08438 F3000
G1 X-32.436 Y8.667 E421.13286 F3000
G1 X-32.446 Y9.184 E421.21888 F3000
G1 X-32.453 Y9.440 E421.26152 F3000
G1 X-32.461 Y9.895 E421.33715 F3000
G1 X-32.468 Y10.247 E421.39580 F3000
G1 X-32.473 Y10.446 E421.42886 F3000
G1 X-32.479 Y10.748 E421.47898 F3000
G1 X-32.484 Y10.917 E421.50724 F3000
G1 X-32.488 Y11.087 E421.53547 F3000
G1 X-32.494 Y11.388 E421.58552 F3000
G1 X-32.499 Y11.586 E421.61848 F3000
G1 X-32.506 Y11.937 E421.67693 F3000
G1 X-32.515 Y12.390 E421.75221 F3000
G1 X-32.521 Y12.645 E421.79467 F3000
G1 X-32.534 Y13.192 E421.88566 F3000
G1 X-32.543 Y13.501 E421.93706 F3000
G1 X-32.557 Y13.860 E421.99678 F3000
G1 X-32.574 Y14.495 E422.10241 F3000
G1 X-32.593 Y14.898 E422.16957 F3000
G1 X-32.618 Y15.616 E422.28899 F3000
G1 X-32.651 Y16.414 E422.42187 F3000
G1 X-32.676 Y16.854 E422.49510 F3000
G1 X-32.714 Y17.694 E422.63499 F3000
G1 X-32.741 Y18.145 E422.71000 F3000
G1 X-32.768 Y18.585 E422.78334 F3000
G1 X-32.805 Y19.424 E422.92306 F3000
G1 X-32.827 Y19.833 E422.99115 F3000
G1 X-32.859 Y20.629 E423.12367 F3000
G1 X-32.882 Y21.335 E423.24106 F3000
G1 X-32.897 Y21.697 E423.30132 F3000
G1 X-32.890 Y22.294 E423.40065 F3000
G1 X-32.891 Y22.608 E423.45278 F3000
G1 X-32.869 Y22.864 E423.49565 F3000
G1 X-32.813 Y23.342 E423.57557 F3000
G1 X-32.758 Y23.535 E423.60894 F3000
G1 X-32.637 Y23.880 E423.66978 F3000
G1 X-32.434 Y24.084 E423.71769 F3000
G1 X-32.335 Y24.203 E423.74333 F3000
G1 X-31.992 Y24.303 E423.80277 F3000
G1 X-31.813 Y24.364 E423.83426 F3000
G1 X-31.514 Y24.384 E423.88410 F3000
G1 X-30.975 Y24.417 E423.97395 F3000
G1 X-30.517 Y24.417 E424.04998 F3000
G1 X-29.725 Y24.417 E424.18172 F3000
G1 X-28.622 Y24.417 E424.36514 F3000
G1 X-27.970 Y24.417 E424.47367 F3000
G1 X-26.685 Y24.417 E424.68733 F3000
G1 X-25.920 Y24.417 E424.81459 F3000
G1 X-25.122 Y24.417 E424.94719 F3000
G1 X-23.787 Y24.418 E425.16923 F3000
G1 X-23.039 Y24.418 E425.29359 F3000
G1 X-21.784 Y24.418 E425.50233 F3000
G1 X-20.741 Y24.418 E425.67575 F3000
G1 X-20.123 Y24.418 E425.77864 F3000
G1 X-19.181 Y24.418 E425.93519 F3000
G1 X-18.623 Y24.418 E426.02810 F3000
G1 X-18.056 Y24.418 E426.12224 F3000
G1 X-17.104 Y24.418 E426.28065 F3000
G1 X-16.463 Y24.418 E426.38715 F3000
G1 X-15.387 Y24.418 E426.56624 F3000
G1 X-14.072 Y24.418 E426.78483 F3000
G1 X-13.290 Y24.418 E426.91483 F3000
G1 X-11.847 Y24.418 E427.15492 F3000
G1 X-10.988 Y24.418 E427.29771 F3000
G1 X-10.117 Y24.418 E427.44259 F3000
G1 X-8.652 Y24.418 E427.68620 F3000
G1 X-7.833 Y24.418 E427.82248 F3000
G1 X-6.455 Y24.418 E428.05162 F3000
G1 X-5.272 Y24.418 E428.24830 F3000
G1 X-4.569 Y24.418 E428.36527 F3000
G1 X-3.532 Y24.418 E428.53761 F3000
G1 X-2.916 Y24.418 E428.64010 F3000
G1 X-2.358 Y24.418 E428.73293 F3000
G1 X-1.419 Y24.418 E428.88904 F3000
G1 X-0.890 Y24.418 E428.97705 F3000
G1 X0.000 Y24.418 E429.12504 F3000
G1 X0.890 Y24.418 E429.27303 F3000
G1 X1.419 Y24.418 E429.36104 F3000
G1 X2.358 Y24.418 E429.51715 F3000
G1 X2.916 Y24.418 E429.60999 F3000
G1 X3.532 Y24.418 E429.71248 F3000
G1 X4.569 Y24.418 E429.88481 F3000
G1 X5.272 Y24.418 E430.00178 F3000
G1 X6.455 Y24.418 E430.19846 F3000
G1 X7.833 Y24.418 E430.42761 F3000
G1 X8.652 Y24.418 E430.56388 F3000
G1 X10.117 Y24.418 E430.80750 F3000
G1 X10.988 Y24.418 E430.95237 F3000
G1 X11.847 Y24.418 E431.09516 F3000
G1 X13.290 Y24.418 E431.33526 F3000
G1 X14.072 Y24.418 E431.46525 F3000
G1 X15.387 Y24.418 E431.68384 F3000
G1 X16.463 Y24.418 E431.86293 F3000
G1 X17.104 Y24.418 E431.96943 F3000
G1 X18.056 Y24.418 E432.12784 F3000
G1 X18.623 Y24.418 E432.22199 F3000
G1 X19.181 Y24.418 E432.31490 F3000
G1 X20.123 Y24.418 E432.47144 F3000
G1 X20.741 Y24.418 E432.57434 F3000
G1 X21.784 Y24.418 E432.74775 F3000
G1 X23.039 Y24.418 E432.95649 F3000
G1 X23.787 Y24.418 E433.08085 F3000
G1 X25.122 Y24.417 E433.30290 F3000
G1 X25.920 Y24.417 E433.43549 F3000
G1 X26.685 Y24.417 E433.56276 F3000
G1 X27.970 Y24.417 E433.77641 F3000
G1 X28.622 Y24.417 E433.88495 F3000
G1 X29.725 Y24.417 E434.06837 F3000
G1 X30.517 Y24.417 E434.20010 F3000
G1 X30.975 Y24.417 E434.27613 F3000
; LAYER:11
; Z:11.500
G0 Z11.500 F600
G0 X30.914 Y24.477 F9000
G1 X31.187 Y24.460 E434.32155 F3000
G1 X31.732 Y24.424 E434.41235 F3000
G1 X32.059 Y24.314 E434.46972 F3000
G1 X32.234 Y24.262 E434.50007 F3000
G1 X32.414 Y24.045 E434.54704 F3000
G1 X32.519 Y23.940 E434.57176 F3000
G1 X32.581 Y23.761 E434.60314 F3000
G1 X32.684 Y23.401 E434.66546 F3000
G1 X32.713 Y23.151 E434.70730 F3000
G1 X32.755 Y22.666 E434.78834 F3000
G1 X32.753 Y22.073 E434.88685 F3000
G1 X32.757 Y21.752 E434.94028 F3000
G1 X32.727 Y21.061 E435.05535 F3000
G1 X32.715 Y20.679 E435.11887 F3000
G1 X32.698 Y20.248 E435.19059 F3000
G1 X32.655 Y19.465 E435.32104 F3000
G1 X32.635 Y19.012 E435.39646 F3000
G1 X32.585 Y18.174 E435.53596 F3000
G1 X32.533 Y17.318 E435.67865 F3000
G1 X32.513 Y16.873 E435.75273 F3000
G1 X32.466 Y16.044 E435.89077 F3000
G1 X32.449 Y15.626 E435.96040 F3000
G1 X32.436 Y15.250 E436.02299 F3000
G1 X32.401 Y14.499 E436.14794 F3000
G1 X32.392 Y14.169 E436.20294 F3000
G1 X32.366 Y13.503 E436.31378 F3000
G1 X32.349 Y12.929 E436.40920 F3000
G1 X32.342 Y12.646 E436.45636 F3000
G1 X32.330 Y12.172 E436.53511 F3000
G1 X32.325 Y11.938 E436.57413 F3000
G1 X32.322 Y11.755 E436.60442 F3000
G1 X32.312 Y11.388 E436.66555 F3000
G1 X32.309 Y11.232 E436.69149 F3000
G1 X32.300 Y10.917 E436.74384 F3000
G1 X32.292 Y10.602 E436.79625 F3000
G1 X32.289 Y10.446 E436.82223 F3000
G1 X32.279 Y10.078 E436.88355 F3000
G1 X32.276 Y9.895 E436.91395 F3000
G1 X32.271 Y9.659 E436.95315 F3000
G1 X32.259 Y9.184 E437.03222 F3000
G1 X32.254 Y8.916 E437.07680 F3000
G1 X32.240 Y8.375 E437.16673 F3000
G1 X32.227 Y7.811 E437.26061 F3000
G1 X32.222 Y7.531 E437.30716 F3000
G1 X32.212 Y6.984 E437.39810 F3000
G1 X32.208 Y6.713 E437.44319 F3000
G1 X32.206 Y6.471 E437.48341 F3000
G1 X32.200 Y5.984 E437.56451 F3000
G1 X32.197 Y5.652 E437.61970 F3000
G1 X32.191 Y4.987 E437.73021 F3000
G1 X32.182 Y3.891 E437.91255 F3000
G1 X32.177 Y3.369 E437.99928 F3000
G1 X32.161 Y1.555 E438.30108 F3000
G1 X32.152 Y0.778 E438.43033 F3000
G1 X32.139 Y-0.336 E438.61557 F3000
G1 X32.111 Y-3.136 E439.08113 F3000
G1 X32.098 Y-4.233 E439.26364 F3000
G1 X32.063 Y-7.729 E439.84498 F3000
G1 X32.021 Y-11.735 E440.51127 F3000
G1 X32.014 Y-12.368 E440.61649 F3000
G1 X31.975 Y-16.121 E441.24068 F3000
G1 X31.972 Y-16.430 E441.29213 F3000
G1 X31.969 Y-16.631 E441.32559 F3000
G1 X31.943 Y-19.303 E441.76996 F3000
G1 X31.942 Y-19.362 E441.77971 F3000
G1 X31.908 Y-21.325 E442.10623 F3000
G1 X31.896 Y-21.612 E442.15406 F3000
G1 X31.847 Y-22.827 E442.35622 F3000
G1 X31.846 Y-22.844 E442.35903 F3000
G1 X31.742 Y-24.136 E442.57463 F3000
G1 X31.592 Y-25.405 E442.78705 F3000
G1 X31.572 Y-25.577 E442.81584 F3000
G1 X31.571 Y-25.579 E442.81618 F3000
G1 X31.324 Y-27.025 E443.06016 F3000
G1 X31.000 Y-28.316 E443.28153 F3000
G1 X30.986 Y-28.360 E443.28923 F3000
G1 X30.568 Y-29.419 E443.47855 F3000
G1 X30.547 Y-29.466 E443.48715 F3000
G1 X30.522 Y-29.500 E443.49411 F3000
G1 X29.995 Y-30.229 E443.64366 F3000
G1 X29.966 Y-30.249 E443.64957 F3000
G1 X29.294 Y-30.720 E443.78608 F3000
G1 X28.438 Y-31.000 E443.93582 F3000
G1 X28.406 Y-31.011 E443.94150 F3000
G1 X27.356 Y-31.165 E444.11796 F3000
G1 X27.295 Y-31.174 E444.12828 F3000
G1 X27.214 Y-31.181 E444.14178 F3000
G1 X25.921 Y-31.281 E444.35739 F3000
G1 X25.751 Y-31.288 E444.38577 F3000
G1 X24.376 Y-31.344 E444.61450 F3000
G1 X23.187 Y-31.368 E444.81233 F3000
G1 X22.754 Y-31.376 E444.88437 F3000
G1 X21.727 Y-31.385 E445.05524 F3000
G1 X21.192 Y-31.388 E445.14406 F3000
G1 X20.687 Y-31.390 E445.22812 F3000
G1 X19.833 Y-31.395 E445.37007 F3000
G1 X19.339 Y-31.396 E445.45232 F3000
G1 X18.536 Y-31.398 E445.58575 F3000
G1 X17.700 Y-31.399 E445.72485 F3000
G1 X17.145 Y-31.399 E445.81708 F3000
G1 X16.170 Y-31.399 E445.97936 F3000
G1 X15.474 Y-31.399 E446.09498 F3000
G1 X14.613 Y-31.399 E446.23823 F3000
G1 X13.353 Y-31.399 E446.44771 F3000
G1 X12.449 Y-31.399 E446.59812 F3000
G1 X11.004 Y-31.399 E446.83837 F3000
G1 X9.485 Y-31.399 E447.09096 F3000
G1 X8.652 Y-31.399 E447.22954 F3000
G1 X7.236 Y-31.399 E447.46496 F3000
G1 X6.455 Y-31.399 E447.59496 F3000
G1 X5.783 Y-31.399 E447.70667 F3000
G1 X4.569 Y-31.399 E447.90861 F3000
G1 X3.978 Y-31.399 E448.00680 F3000
G1 X2.916 Y-31.399 E448.18344 F3000
G1 X1.956 Y-31.399 E448.34314 F3000
G1 X1.419 Y-31.399 E448.43238 F3000
G1 X0.509 Y-31.399 E448.58371 F3000
G1 X0.000 Y-31.399 E448.66838 F3000
G1 X-0.509 Y-31.399 E448.75305 F3000
G1 X-1.419 Y-31.399 E448.90438 F3000
G1 X-1.956 Y-31.399 E448.99363 F3000
G1 X-2.916 Y-31.399 E449.15333 F3000
G1 X-3.978 Y-31.399 E449.32997 F3000
G1 X-4.569 Y-31.399 E449.42815 F3000
G1 X-5.783 Y-31.399 E449.63009 F3000
G1 X-6.455 Y-31.399 E449.74180 F3000
G1 X-7.236 Y-31.399 E449.87180 F3000
G1 X-8.652 Y-31.399 E450.10722 F3000
G1 X-9.485 Y-31.399 E450.24580 F3000
G1 X-11.004 Y-31.399 E450.49840 F3000
G1 X-12.449 Y-31.399 E450.73864 F3000
G1 X-13.353 Y-31.399 E450.88906 F3000
G1 X-14.613 Y-31.399 E451.09853 F3000
G1 X-15.474 Y-31.399 E451.24179 F3000
G1 X-16.170 Y-31.399 E451.35740 F3000
G1 X-17.145 Y-31.399 E451.51968 F3000
G1 X-17.700 Y-31.399 E451.61192 F3000
G1 X-18.536 Y-31.398 E451.75101 F3000
G1 X-19.339 Y-31.396 E451.88445 F3000
G1 X-19.833 Y-31.395 E451.96670 F3000
G1 X-20.687 Y-31.390 E452.10865 F3000
G1 X-21.192 Y-31.388 E452.19270 F3000
G1 X-21.727 Y-31.385 E452.28153 F3000
G1 X-22.754 Y-31.376 E452.45240 F3000
G1 X-23.187 Y-31.368 E452.52443 F3000
G1 X-24.376 Y-31.344 E452.72227 F3000
G1 X-25.751 Y-31.288 E452.95099 F3000
G1 X-25.921 Y-31.281 E452.97937 F3000
G1 X-27.214 Y-31.181 E453.19499 F3000
G1 X-27.295 Y-31.174 E453.20848 F3000
G1 X-27.356 Y-31.165 E453.21880 F3000
G1 X-28.406 Y-31.011 E453.39527 F3000
G1 X-28.438 Y-31.000 E453.40095 F3000
G1 X-29.294 Y-30.720 E453.55068 F3000
G1 X-29.966 Y-30.249 E453.68719 F3000
G1 X-29.995 Y-30.229 E453.69310 F3000
G1 X-30.522 Y-29.500 E453.84265 F3000
G1 X-30.547 Y-29.466 E453.84961 F3000
G1 X-30.568 Y-29.419 E453.85821 F3000
G1 X-30.986 Y-28.360 E454.04754 F3000
G1 X-31.000 Y-28.316 E454.05523 F3000
G1 X-31.324 Y-27.025 E454.27660 F3000
G1 X-31.571 Y-25.579 E454.52059 F3000
G1 X-31.592 Y-25.405 E454.54971 F3000
G1 X-31.742 Y-24.136 E454.76214 F3000
G1 X-31.846 Y-22.844 E454.97773 F3000
G1 X-31.896 Y-21.612 E455.18270 F3000
G1 X-31.908 Y-21.325 E455.23054 F3000
G1 X-31.942 Y-19.362 E455.55705 F3000
G1 X-31.943 Y-19.303 E455.56680 F3000
G1 X-31.969 Y-16.631 E456.01118 F3000
G1 X-31.972 Y-16.430 E456.04463 F3000
G1 X-31.975 Y-16.121 E456.09608 F3000
G1 X-32.014 Y-12.368 E456.72027 F3000
G1 X-32.021 Y-11.735 E456.82549 F3000
G1 X-32.063 Y-7.729 E457.49179 F3000
G1 X-32.098 Y-4.233 E458.07312 F3000
G1 X-32.111 Y-3.136 E458.25563 F3000
G1 X-32.139 Y-0.336 E458.72120 F3000
G1 X-32.152 Y0.778 E458.90643 F3000
G1 X-32.161 Y1.555 E459.03568 F3000
G1 X-32.177 Y3.369 E459.33748 F3000
G1 X-32.182 Y3.891 E459.42421 F3000
G1 X-32.191 Y4.987 E459.60655 F3000
G1 X-32.197 Y5.652 E459.71707 F3000
G1 X-32.200 Y5.984 E459.77225 F3000
G1 X-32.206 Y6.471 E459.85335 F3000
G1 X-32.208 Y6.713 E459.89357 F3000
G1 X-32.212 Y6.984 E459.93866 F3000
G1 X-32.222 Y7.531 E460.02960 F3000
G1 X-32.227 Y7.811 E460.07615 F3000
G1 X-32.240 Y8.375 E460.17003 F3000
G1 X-32.254 Y8.916 E460.25996 F3000
G1 X-32.259 Y9.184 E460.30454 F3000
G1 X-32.271 Y9.659 E460.38361 F3000
G1 X-32.276 Y9.895 E460.42281 F3000
G1 X-32.279 Y10.078 E460.45321 F3000
G1 X-32.289 Y10.446 E460.51453 F3000
G1 X-32.292 Y10.602 E460.54051 F3000
G1 X-32.300 Y10.917 E460.59292 F3000
G1 X-32.309 Y11.232 E460.64527 F3000
G1 X-32.312 Y11.388 E460.67121 F3000
G1 X-32.322 Y11.755 E460.73234 F3000
G1 X-32.325 Y11.938 E460.76263 F3000
G1 X-32.330 Y12.172 E460.80165 F3000
G1 X-32.342 Y12.646 E460.88040 F3000
G1 X-32.349 Y12.929 E460.92756 F3000
G1 X-32.366 Y13.503 E461.02298 F3000
G1 X-32.392 Y14.169 E461.13382 F3000
G1 X-32.401 Y14.499 E461.18882 F3000
G1 X-32.436 Y15.250 E461.31377 F3000
G1 X-32.449 Y15.626 E461.37636 F3000
G1 X-32.466 Y16.044 E461.44599 F3000
G1 X-32.513 Y16.873 E461.58403 F3000
G1 X-32.533 Y17.318 E461.65812 F3000
G1 X-32.585 Y18.174 E461.80080 F3000
G1 X-32.635 Y19.012 E461.94030 F3000
G1 X-32.655 Y19.465 E462.01572 F3000
G1 X-32.698 Y20.248 E462.14617 F3000
G1 X-32.715 Y20.679 E462.21789 F3000
G1 X-32.727 Y21.061 E462.28141 F3000
G1 X-32.757 Y21.752 E462.39649 F3000
G1 X-32.753 Y22.073 E462.44991 F3000
G1 X-32.755 Y22.666 E462.54842 F3000
G1 X-32.713 Y23.151 E462.62946 F3000
G1 X-32.684 Y23.401 E462.67130 F3000
G1 X-32.581 Y23.761 E462.73362 F3000
G1 X-32.519 Y23.940 E462.76501 F3000
G1 X-32.414 Y24.045 E462.78972 F3000
G1 X-32.234 Y24.262 E462.83669 F3000
G1 X-32.059 Y24.314 E462.86704 F3000
G1 X-31.732 Y24.424 E462.92441 F3000
G1 X-31.187 Y24.460 E463.01521 F3000
G1 X-30.914 Y24.477 E463.06063 F3000
G1 X-30.084 Y24.477 E463.19873 F3000
G1 X-29.684 Y24.477 E463.26524 F3000
G1 X-29.127 Y24.477 E463.35785 F3000
G1 X-27.943 Y24.477 E463.55481 F3000
G1 X-27.294 Y24.477 E463.66272 F3000
G1 X-25.903 Y24.477 E463.89399 F3000
G1 X-24.454 Y24.477 E464.13494 F3000
G1 X-23.778 Y24.477 E464.24743 F3000
G1 X-22.416 Y24.478 E464.47384 F3000
G1 X-21.779 Y24.478 E464.57975 F3000
G1 X-21.250 Y24.478 E464.66775 F3000
G1 X-20.121 Y24.478 E464.85560 F3000
G1 X-19.643 Y24.478 E464.93510 F3000
G1 X-18.622 Y24.478 E465.10482 F3000
G1 X-17.588 Y24.478 E465.27679 F3000
G1 X-17.104 Y24.478 E465.35730 F3000
G1 X-15.934 Y24.478 E465.55188 F3000
G1 X-15.387 Y24.478 E465.64289 F3000
G1 X-14.719 Y24.478 E465.75398 F3000
G1 X-13.290 Y24.478 E465.99147 F3000
G1 X-12.557 Y24.478 E466.11349 F3000
G1 X-10.988 Y24.478 E466.37435 F3000
G1 X-9.396 Y24.478 E466.63904 F3000
G1 X-8.652 Y24.478 E466.76285 F3000
G1 X-7.155 Y24.478 E467.01181 F3000
G1 X-6.455 Y24.478 E467.12827 F3000
G1 X-5.854 Y24.478 E467.22822 F3000
G1 X-4.569 Y24.478 E467.44192 F3000
G1 X-4.042 Y24.478 E467.52950 F3000
G1 X-2.916 Y24.478 E467.71674 F3000
G1 X-1.896 Y24.478 E467.88635 F3000
G1 X-1.419 Y24.478 E467.96569 F3000
G1 X-0.452 Y24.478 E468.12648 F3000
G1 X0.000 Y24.478 E468.20169 F3000
G1 X0.452 Y24.478 E468.27690 F3000
G1 X1.419 Y24.478 E468.43769 F3000
G1 X1.896 Y24.478 E468.51702 F3000
G1 X2.916 Y24.478 E468.68663 F3000
G1 X4.042 Y24.478 E468.87388 F3000
G1 X4.569 Y24.478 E468.96146 F3000
G1 X5.854 Y24.478 E469.17516 F3000
G1 X6.455 Y24.478 E469.27511 F3000
G1 X7.155 Y24.478 E469.39156 F3000
G1 X8.652 Y24.478 E469.64053 F3000
G1 X9.396 Y24.478 E469.76433 F3000
G1 X10.988 Y24.478 E470.02902 F3000
G1 X12.557 Y24.478 E470.28989 F3000
G1 X13.290 Y24.478 E470.41190 F3000
G1 X14.719 Y24.478 E470.64940 F3000
G1 X15.387 Y24.478 E470.76049 F3000
G1 X15.934 Y24.478 E470.85150 F3000
G1 X17.104 Y24.478 E471.04608 F3000
G1 X17.588 Y24.478 E471.12658 F3000
G1 X18.622 Y24.478 E471.29855 F3000
G1 X19.643 Y24.478 E471.46827 F3000
G1 X20.121 Y24.478 E471.54778 F3000
G1 X21.250 Y24.478 E471.73563 F3000
G1 X21.779 Y24.478 E471.82362 F3000
G1 X22.416 Y24.478 E471.92953 F3000
G1 X23.778 Y24.477 E472.15595 F3000
G1 X24.454 Y24.477 E472.26843 F3000
G1 X25.903 Y24.477 E472.50938 F3000
G1 X27.294 Y24.477 E472.74065 F3000
G1 X27.943 Y24.477 E472.84857 F3000
G1 X29.127 Y24.477 E473.04552 F3000
G1 X29.684 Y24.477 E473.13813 F3000
G1 X30.084 Y24.477 E473.20465 F3000
G1 X30.914 Y24.477 E473.34275 F3000
; LAYER:12
; Z:12.500
G0 Z12.500 F600
G0 X30.854 Y24.537 F9000
G1 X30.860 Y24.537 E473.34373 F3000
G1 X31.650 Y24.483 E473.47549 F3000
G1 X32.125 Y24.324 E473.55875 F3000
G1 X32.394 Y24.006 E473.62809 F3000
G1 X32.404 Y23.988 E473.63146 F3000
G1 X32.555 Y23.460 E473.72273 F3000
G1 X32.558 Y23.438 E473.72649 F3000
G1 X32.620 Y22.724 E473.84569 F3000
G1 X32.617 Y21.853 E473.99059 F3000
G1 X32.617 Y21.807 E473.99811 F3000
G1 X32.573 Y20.787 E474.16799 F3000
G1 X32.571 Y20.729 E474.17765 F3000
G1 X32.569 Y20.663 E474.18856 F3000
G1 X32.505 Y19.505 E474.38138 F3000
G1 X32.502 Y19.439 E474.39250 F3000
G1 X32.428 Y18.204 E474.59815 F3000
G1 X32.352 Y16.942 E474.80851 F3000
G1 X32.350 Y16.892 E474.81679 F3000
G1 X32.281 Y15.674 E475.01964 F3000
G1 X32.278 Y15.601 E475.03177 F3000
G1 X32.227 Y14.503 E475.21453 F3000
G1 X32.227 Y14.477 E475.21889 F3000
G1 X32.190 Y13.504 E475.38086 F3000
G1 X32.164 Y12.666 E475.52029 F3000
G1 X32.145 Y11.954 E475.63867 F3000
G1 X32.144 Y11.925 E475.64356 F3000
G1 X32.130 Y11.388 E475.73286 F3000
G1 X32.130 Y11.377 E475.73469 F3000
G1 X32.117 Y10.917 E475.81116 F3000
G1 X32.105 Y10.457 E475.88772 F3000
G1 X32.091 Y9.908 E475.97913 F3000
G1 X32.090 Y9.878 E475.98404 F3000
G1 X32.072 Y9.184 E476.09955 F3000
G1 X32.071 Y9.165 E476.10270 F3000
G1 X32.051 Y8.375 E476.23407 F3000
G1 X32.032 Y7.551 E476.37122 F3000
G1 X32.017 Y6.732 E476.50736 F3000
G1 X32.016 Y6.713 E476.51054 F3000
G1 X32.016 Y6.696 E476.51338 F3000
G1 X32.007 Y5.984 E476.63186 F3000
G1 X32.007 Y5.960 E476.63576 F3000
G1 X31.998 Y4.991 E476.79694 F3000
G1 X31.985 Y3.392 E477.06287 F3000
G1 X31.981 Y2.968 E477.13332 F3000
G1 X31.961 Y0.815 E477.49139 F3000
G1 X31.925 Y-2.759 E478.08590 F3000
G1 X31.923 Y-3.059 E478.13575 F3000
G1 X31.882 Y-6.971 E478.78633 F3000
G1 X31.877 Y-7.606 E478.89194 F3000
G1 X31.871 Y-8.361 E479.01741 F3000
G1 X31.832 Y-12.201 E479.65611 F3000
G1 X31.824 Y-13.174 E479.81798 F3000
G1 X31.793 Y-16.231 E480.32634 F3000
G1 X31.774 Y-18.166 E480.64816 F3000
G1 X31.767 Y-19.093 E480.80229 F3000
G1 X31.744 Y-20.381 E481.01648 F3000
G1 X31.734 Y-21.121 E481.13960 F3000
G1 X31.714 Y-21.714 E481.23835 F3000
G1 X31.677 Y-22.643 E481.39295 F3000
G1 X31.642 Y-23.187 E481.48350 F3000
G1 X31.577 Y-23.984 E481.61647 F3000
G1 X31.472 Y-24.874 E481.76551 F3000
G1 X31.417 Y-25.463 E481.86391 F3000
G1 X31.260 Y-26.387 E482.01976 F3000
G1 X31.180 Y-26.951 E482.11458 F3000
G1 X31.071 Y-27.449 E482.19928 F3000
G1 X30.851 Y-28.323 E482.34920 F3000
G1 X30.711 Y-28.712 E482.41799 F3000
G1 X30.417 Y-29.456 E482.55110 F3000
G1 X30.044 Y-29.973 E482.65704 F3000
G1 X29.863 Y-30.232 E482.70954 F3000
G1 X29.393 Y-30.562 E482.80503 F3000
G1 X29.158 Y-30.727 E482.85281 F3000
G1 X28.861 Y-30.821 E482.90459 F3000
G1 X28.267 Y-31.016 E483.00859 F3000
G1 X27.910 Y-31.064 E483.06852 F3000
G1 X27.157 Y-31.174 E483.19504 F3000
G1 X26.154 Y-31.252 E483.36230 F3000
G1 X25.793 Y-31.278 E483.42254 F3000
G1 X24.528 Y-31.330 E483.63304 F3000
G1 X24.262 Y-31.341 E483.67737 F3000
G1 X24.049 Y-31.346 E483.71281 F3000
G1 X22.649 Y-31.374 E483.94562 F3000
G1 X22.617 Y-31.374 E483.95099 F3000
G1 X22.261 Y-31.378 E484.01027 F3000
G1 X21.194 Y-31.387 E484.18773 F3000
G1 X21.100 Y-31.388 E484.20330 F3000
G1 X21.011 Y-31.388 E484.21802 F3000
G1 X19.765 Y-31.395 E484.42537 F3000
G1 X19.677 Y-31.395 E484.44000 F3000
G1 X18.501 Y-31.398 E484.63559 F3000
G1 X17.275 Y-31.399 E484.83947 F3000
G1 X17.145 Y-31.399 E484.86108 F3000
G1 X15.703 Y-31.399 E485.10077 F3000
G1 X15.495 Y-31.399 E485.13544 F3000
G1 X15.236 Y-31.399 E485.17840 F3000
G1 X13.370 Y-31.399 E485.48877 F3000
G1 X13.138 Y-31.399 E485.52732 F3000
G1 X11.009 Y-31.399 E485.88150 F3000
G1 X8.769 Y-31.399 E486.25388 F3000
G1 X8.652 Y-31.399 E486.27340 F3000
G1 X6.568 Y-31.399 E486.61997 F3000
G1 X6.455 Y-31.399 E486.63881 F3000
G1 X6.357 Y-31.399 E486.65501 F3000
G1 X4.569 Y-31.399 E486.95246 F3000
G1 X4.481 Y-31.399 E486.96705 F3000
G1 X2.916 Y-31.399 E487.22729 F3000
G1 X1.501 Y-31.399 E487.46257 F3000
G1 X1.419 Y-31.399 E487.47623 F3000
G1 X0.078 Y-31.399 E487.69922 F3000
G1 X0.000 Y-31.399 E487.71224 F3000
G1 X-0.078 Y-31.399 E487.72525 F3000
G1 X-1.419 Y-31.399 E487.94824 F3000
G1 X-1.501 Y-31.399 E487.96190 F3000
G1 X-2.916 Y-31.399 E488.19718 F3000
G1 X-4.481 Y-31.399 E488.45742 F3000
G1 X-4.569 Y-31.399 E488.47201 F3000
G1 X-6.357 Y-31.399 E488.76946 F3000
G1 X-6.455 Y-31.399 E488.78566 F3000
G1 X-6.568 Y-31.399 E488.80450 F3000
G1 X-8.652 Y-31.399 E489.15107 F3000
G1 X-8.769 Y-31.399 E489.17059 F3000
G1 X-11.009 Y-31.399 E489.54297 F3000
G1 X-13.138 Y-31.399 E489.89715 F3000
G1 X-13.370 Y-31.399 E489.93570 F3000
G1 X-15.236 Y-31.399 E490.24607 F3000
G1 X-15.495 Y-31.399 E490.28903 F3000
G1 X-15.703 Y-31.399 E490.32370 F3000
G1 X-17.145 Y-31.399 E490.56339 F3000
G1 X-17.275 Y-31.399 E490.58500 F3000
G1 X-18.501 Y-31.398 E490.78888 F3000
G1 X-19.677 Y-31.395 E490.98447 F3000
G1 X-19.765 Y-31.395 E490.99910 F3000
G1 X-21.011 Y-31.388 E491.20645 F3000
G1 X-21.100 Y-31.388 E491.22118 F3000
G1 X-21.194 Y-31.387 E491.23674 F3000
G1 X-22.261 Y-31.378 E491.41420 F3000
G1 X-22.617 Y-31.374 E491.47348 F3000
G1 X-22.649 Y-31.374 E491.47885 F3000
G1 X-24.049 Y-31.346 E491.71166 F3000
G1 X-24.262 Y-31.341 E491.74711 F3000
G1 X-24.528 Y-31.330 E491.79143 F3000
G1 X-25.793 Y-31.278 E492.00193 F3000
G1 X-26.154 Y-31.252 E492.06217 F3000
G1 X-27.157 Y-31.174 E492.22943 F3000
G1 X-27.910 Y-31.064 E492.35595 F3000
G1 X-28.267 Y-31.016 E492.41589 F3000
G1 X-28.861 Y-30.821 E492.51988 F3000
G1 X-29.158 Y-30.727 E492.57166 F3000
G1 X-29.393 Y-30.562 E492.61944 F3000
G1 X-29.863 Y-30.232 E492.71493 F3000
G1 X-30.044 Y-29.973 E492.76744 F3000
G1 X-30.417 Y-29.456 E492.87337 F3000
G1 X-30.711 Y-28.712 E493.00648 F3000
G1 X-30.851 Y-28.323 E493.07527 F3000
G1 X-31.071 Y-27.449 E493.22519 F3000
G1 X-31.180 Y-26.951 E493.30990 F3000
G1 X-31.260 Y-26.387 E493.40472 F3000
G1 X-31.417 Y-25.463 E493.56056 F3000
G1 X-31.472 Y-24.874 E493.65896 F3000
G1 X-31.577 Y-23.984 E493.80800 F3000
G1 X-31.642 Y-23.187 E493.94097 F3000
G1 X-31.677 Y-22.643 E494.03152 F3000
G1 X-31.714 Y-21.714 E494.18612 F3000
G1 X-31.734 Y-21.121 E494.28487 F3000
G1 X-31.744 Y-20.381 E494.40799 F3000
G1 X-31.767 Y-19.093 E494.62218 F3000
G1 X-31.774 Y-18.166 E494.77632 F3000
G1 X-31.793 Y-16.231 E495.09813 F3000
G1 X-31.824 Y-13.174 E495.60649 F3000
G1 X-31.832 Y-12.201 E495.76836 F3000
G1 X-31.871 Y-8.361 E496.40706 F3000
G1 X-31.877 Y-7.606 E496.53253 F3000
G1 X-31.882 Y-6.971 E496.63814 F3000
G1 X-31.923 Y-3.059 E497.28872 F3000
G1 X-31.925 Y-2.759 E497.33857 F3000
G1 X-31.961 Y0.815 E497.93308 F3000
G1 X-31.981 Y2.968 E498.29115 F3000
G1 X-31.985 Y3.384 E498.36033 F3000
G1 X-31.985 Y3.392 E498.36160 F3000
G1 X-31.998 Y4.991 E498.62753 F3000
G1 X-32.007 Y5.960 E498.78871 F3000
G1 X-32.007 Y5.984 E498.79261 F3000
G1 X-32.016 Y6.696 E498.91109 F3000
G1 X-32.017 Y6.732 E498.91712 F3000
G1 X-32.032 Y7.531 E499.04997 F3000
G1 X-32.032 Y7.551 E499.05325 F3000
G1 X-32.051 Y8.375 E499.19040 F3000
G1 X-32.071 Y9.165 E499.32177 F3000
G1 X-32.072 Y9.184 E499.32492 F3000
G1 X-32.090 Y9.878 E499.44043 F3000
G1 X-32.091 Y9.908 E499.44534 F3000
G1 X-32.105 Y10.446 E499.53492 F3000
G1 X-32.105 Y10.457 E499.53675 F3000
G1 X-32.117 Y10.917 E499.61331 F3000
G1 X-32.130 Y11.377 E499.68978 F3000
G1 X-32.144 Y11.925 E499.78091 F3000
G1 X-32.144 Y11.938 E499.78305 F3000
G1 X-32.145 Y11.954 E499.78581 F3000
G1 X-32.163 Y12.646 E499.90085 F3000
G1 X-32.164 Y12.666 E499.90418 F3000
G1 X-32.190 Y13.504 E500.04361 F3000
G1 X-32.227 Y14.477 E500.20558 F3000
G1 X-32.278 Y15.601 E500.39270 F3000
G1 X-32.280 Y15.636 E500.39844 F3000
G1 X-32.281 Y15.674 E500.40483 F3000
G1 X-32.350 Y16.892 E500.60768 F3000
G1 X-32.352 Y16.942 E500.61596 F3000
G1 X-32.428 Y18.204 E500.82632 F3000
G1 X-32.502 Y19.439 E501.03197 F3000
G1 X-32.505 Y19.505 E501.04309 F3000
G1 X-32.569 Y20.663 E501.23591 F3000
G1 X-32.571 Y20.729 E501.24682 F3000
G1 X-32.573 Y20.787 E501.25648 F3000
G1 X-32.617 Y21.807 E501.42636 F3000
G1 X-32.617 Y21.853 E501.43388 F3000
G1 X-32.620 Y22.724 E501.57878 F3000
G1 X-32.558 Y23.438 E501.69798 F3000
G1 X-32.404 Y23.988 E501.79296 F3000
G1 X-32.394 Y24.006 E501.79633 F3000
G1 X-32.132 Y24.322 E501.86463 F3000
G1 X-32.125 Y24.324 E501.86588 F3000
G1 X-31.650 Y24.483 E501.94915 F3000
G1 X-30.860 Y24.537 E502.08091 F3000
G1 X-29.650 Y24.537 E502.28205 F3000
G1 X-29.632 Y24.537 E502.28514 F3000
G1 X-27.916 Y24.537 E502.57053 F3000
G1 X-27.903 Y24.537 E502.57270 F3000
G1 X-25.886 Y24.537 E502.90797 F3000
G1 X-23.786 Y24.537 E503.25728 F3000
G1 X-23.768 Y24.537 E503.26021 F3000
G1 X-21.793 Y24.538 E503.58867 F3000
G1 X-21.775 Y24.538 E503.59176 F3000
G1 X-21.759 Y24.538 E503.59432 F3000
G1 X-20.119 Y24.538 E503.86713 F3000
G1 X-20.104 Y24.538 E503.86960 F3000
G1 X-18.622 Y24.538 E504.11612 F3000
G1 X-17.120 Y24.538 E504.36592 F3000
G1 X-15.404 Y24.538 E504.65118 F3000
G1 X-15.365 Y24.538 E504.65770 F3000
G1 X-13.290 Y24.538 E505.00270 F3000
G1 X-13.267 Y24.538 E505.00663 F3000
G1 X-10.988 Y24.538 E505.38558 F3000
G1 X-8.676 Y24.538 E505.77008 F3000
G1 X-8.652 Y24.538 E505.77407 F3000
G1 X-6.477 Y24.538 E506.13573 F3000
G1 X-6.455 Y24.538 E506.13949 F3000
G1 X-6.435 Y24.538 E506.14271 F3000
G1 X-4.569 Y24.538 E506.45314 F3000
G1 X-4.552 Y24.538 E506.45597 F3000
G1 X-2.916 Y24.538 E506.72797 F3000
G1 X-1.435 Y24.538 E506.97435 F3000
G1 X-1.419 Y24.538 E506.97691 F3000
G1 X-0.015 Y24.538 E507.21049 F3000
G1 X0.015 Y24.538 E507.21534 F3000
G1 X1.419 Y24.538 E507.44891 F3000
G1 X1.435 Y24.538 E507.45147 F3000
G1 X2.916 Y24.538 E507.69786 F3000
G1 X4.552 Y24.538 E507.96986 F3000
G1 X6.435 Y24.538 E508.28311 F3000
G1 X6.477 Y24.538 E508.29009 F3000
G1 X8.652 Y24.538 E508.65175 F3000
G1 X8.676 Y24.538 E508.65575 F3000
G1 X10.988 Y24.538 E509.04025 F3000
G1 X13.267 Y24.538 E509.41919 F3000
G1 X13.290 Y24.538 E509.42313 F3000
G1 X15.365 Y24.538 E509.76813 F3000
G1 X15.387 Y24.538 E509.77171 F3000
G1 X15.404 Y24.538 E509.77465 F3000
G1 X17.104 Y24.538 E510.05730 F3000
G1 X17.120 Y24.538 E510.05990 F3000
G1 X18.622 Y24.538 E510.30970 F3000
G1 X20.104 Y24.538 E510.55623 F3000
G1 X21.759 Y24.538 E510.83150 F3000
G1 X21.793 Y24.538 E510.83716 F3000
G1 X23.768 Y24.537 E511.16562 F3000
G1 X23.786 Y24.537 E511.16855 F3000
G1 X25.886 Y24.537 E511.51785 F3000
G1 X27.903 Y24.537 E511.85313 F3000
G1 X29.632 Y24.537 E512.14068 F3000
G1 X29.650 Y24.537 E512.14377 F3000
G1 X30.854 Y24.537 E512.34394 F3000
; LAYER:13
; Z:13.500
G0 Z13.500 F600
G0 X30.792 Y24.598 F9000
G1 X31.307 Y24.564 E512.42976 F3000
G1 X31.568 Y24.545 E512.47316 F3000
G1 X31.716 Y24.488 E512.49964 F3000
G1 X32.029 Y24.383 E512.55448 F3000
G1 X32.105 Y24.272 E512.57688 F3000
G1 X32.280 Y24.060 E512.62261 F3000
G1 X32.383 Y23.700 E512.68495 F3000
G1 X32.424 Y23.521 E512.71540 F3000
G1 X32.468 Y23.018 E512.79931 F3000
G1 X32.482 Y22.783 E512.83848 F3000
G1 X32.477 Y22.497 E512.88608 F3000
G1 X32.475 Y21.864 E512.99141 F3000
G1 X32.458 Y21.535 E513.04612 F3000
G1 X32.425 Y20.779 E513.17193 F3000
G1 X32.378 Y19.919 E513.31522 F3000
G1 X32.354 Y19.547 E513.37725 F3000
G1 X32.299 Y18.640 E513.52843 F3000
G1 X32.270 Y18.235 E513.59594 F3000
G1 X32.240 Y17.818 E513.66535 F3000
G1 X32.185 Y16.911 E513.81649 F3000
G1 X32.157 Y16.501 E513.88483 F3000
G1 X32.108 Y15.646 E514.02734 F3000
G1 X32.073 Y14.886 E514.15383 F3000
G1 X32.051 Y14.508 E514.21682 F3000
G1 X32.026 Y13.841 E514.32777 F3000
G1 X32.010 Y13.505 E514.38367 F3000
G1 X31.999 Y13.217 E514.43162 F3000
G1 X31.982 Y12.646 E514.52663 F3000
G1 X31.974 Y12.409 E514.56614 F3000
G1 X31.961 Y11.938 E514.64446 F3000
G1 X31.951 Y11.572 E514.70524 F3000
G1 X31.945 Y11.388 E514.73591 F3000
G1 X31.937 Y11.075 E514.78796 F3000
G1 X31.932 Y10.917 E514.81422 F3000
G1 X31.927 Y10.759 E514.84051 F3000
G1 X31.918 Y10.446 E514.89262 F3000
G1 X31.912 Y10.261 E514.92338 F3000
G1 X31.902 Y9.895 E514.98435 F3000
G1 X31.890 Y9.422 E515.06298 F3000
G1 X31.882 Y9.184 E515.10264 F3000
G1 X31.868 Y8.646 E515.19206 F3000
G1 X31.860 Y8.375 E515.23716 F3000
G1 X31.852 Y8.092 E515.28425 F3000
G1 X31.839 Y7.531 E515.37761 F3000
G1 X31.832 Y7.257 E515.42321 F3000
G1 X31.822 Y6.713 E515.51365 F3000
G1 X31.816 Y6.228 E515.59430 F3000
G1 X31.812 Y5.984 E515.63497 F3000
G1 X31.806 Y5.328 E515.74408 F3000
G1 X31.803 Y4.995 E515.79942 F3000
G1 X31.799 Y4.448 E515.89043 F3000
G1 X31.790 Y3.399 E516.06473 F3000
G1 X31.783 Y2.466 E516.21992 F3000
G1 X31.768 Y0.853 E516.48819 F3000
G1 X31.746 Y-1.379 E516.85946 F3000
G1 X31.733 Y-2.983 E517.12617 F3000
G1 X31.709 Y-5.326 E517.51584 F3000
G1 X31.691 Y-7.484 E517.87479 F3000
G1 X31.670 Y-10.049 E518.30128 F3000
G1 X31.650 Y-12.036 E518.63169 F3000
G1 X31.629 Y-14.602 E519.05860 F3000
G1 X31.614 Y-16.033 E519.29650 F3000
G1 X31.605 Y-16.939 E519.44710 F3000
G1 X31.590 Y-18.883 E519.77046 F3000
G1 X31.581 Y-19.431 E519.86156 F3000
G1 X31.560 Y-20.917 E520.10873 F3000
G1 X31.521 Y-22.108 E520.30699 F3000
G1 X31.507 Y-22.459 E520.36543 F3000
G1 X31.437 Y-23.529 E520.54372 F3000
G1 X31.413 Y-23.831 E520.59407 F3000
G1 X31.373 Y-24.168 E520.65050 F3000
G1 X31.262 Y-25.349 E520.84775 F3000
G1 X31.200 Y-25.714 E520.90928 F3000
G1 X31.035 Y-26.878 E521.10479 F3000
G1 X30.812 Y-27.904 E521.27943 F3000
G1 X30.716 Y-28.286 E521.34501 F3000
G1 X30.419 Y-29.113 E521.49108 F3000
G1 X30.286 Y-29.447 E521.55090 F3000
G1 X30.119 Y-29.679 E521.59850 F3000
G1 X29.732 Y-30.236 E521.71126 F3000
G1 X29.521 Y-30.384 E521.75401 F3000
G1 X29.022 Y-30.734 E521.85538 F3000
G1 X28.393 Y-30.933 E521.96523 F3000
G1 X28.128 Y-31.020 E522.01152 F3000
G1 X27.369 Y-31.123 E522.13889 F3000
G1 X27.019 Y-31.174 E522.19766 F3000
G1 X26.554 Y-31.210 E522.27536 F3000
G1 X25.665 Y-31.276 E522.42360 F3000
G1 X25.025 Y-31.303 E522.53012 F3000
G1 X24.148 Y-31.339 E522.67602 F3000
G1 X23.447 Y-31.355 E522.79270 F3000
G1 X22.552 Y-31.372 E522.94154 F3000
G1 X22.066 Y-31.378 E523.02230 F3000
G1 X20.979 Y-31.388 E523.20307 F3000
G1 X19.960 Y-31.393 E523.37262 F3000
G1 X19.670 Y-31.395 E523.42088 F3000
G1 X18.770 Y-31.397 E523.57051 F3000
G1 X18.464 Y-31.398 E523.62138 F3000
G1 X18.148 Y-31.398 E523.67398 F3000
G1 X17.169 Y-31.399 E523.83677 F3000
G1 X16.867 Y-31.399 E523.88693 F3000
G1 X15.546 Y-31.399 E524.10659 F3000
G1 X13.829 Y-31.399 E524.39219 F3000
G1 X13.379 Y-31.399 E524.46700 F3000
G1 X11.635 Y-31.399 E524.75710 F3000
G1 X11.010 Y-31.399 E524.86090 F3000
G1 X10.328 Y-31.399 E524.97435 F3000
G1 X8.652 Y-31.399 E525.25310 F3000
G1 X7.996 Y-31.399 E525.36227 F3000
G1 X6.455 Y-31.399 E525.61852 F3000
G1 X5.127 Y-31.399 E525.83930 F3000
G1 X4.569 Y-31.399 E525.93217 F3000
G1 X3.402 Y-31.399 E526.12611 F3000
G1 X2.916 Y-31.399 E526.20700 F3000
G1 X2.477 Y-31.399 E526.28000 F3000
G1 X1.419 Y-31.399 E526.45594 F3000
G1 X1.004 Y-31.399 E526.52497 F3000
G1 X0.000 Y-31.399 E526.69194 F3000
G1 X-1.004 Y-31.399 E526.85892 F3000
G1 X-1.419 Y-31.399 E526.92794 F3000
G1 X-2.477 Y-31.399 E527.10388 F3000
G1 X-2.916 Y-31.399 E527.17689 F3000
G1 X-3.402 Y-31.399 E527.25777 F3000
G1 X-4.569 Y-31.399 E527.45171 F3000
G1 X-5.127 Y-31.399 E527.54458 F3000
G1 X-6.455 Y-31.399 E527.76536 F3000
G1 X-7.996 Y-31.399 E528.02161 F3000
G1 X-8.652 Y-31.399 E528.13078 F3000
G1 X-10.328 Y-31.399 E528.40954 F3000
G1 X-11.010 Y-31.399 E528.52299 F3000
G1 X-11.635 Y-31.399 E528.62678 F3000
G1 X-13.379 Y-31.399 E528.91688 F3000
G1 X-13.829 Y-31.399 E528.99170 F3000
G1 X-15.546 Y-31.399 E529.27729 F3000
G1 X-16.867 Y-31.399 E529.49695 F3000
G1 X-17.169 Y-31.399 E529.54711 F3000
G1 X-18.148 Y-31.398 E529.70990 F3000
G1 X-18.464 Y-31.398 E529.76250 F3000
G1 X-18.770 Y-31.397 E529.81337 F3000
G1 X-19.670 Y-31.395 E529.96301 F3000
G1 X-19.960 Y-31.393 E530.01126 F3000
G1 X-20.979 Y-31.388 E530.18081 F3000
G1 X-22.066 Y-31.378 E530.36158 F3000
G1 X-22.552 Y-31.372 E530.44234 F3000
G1 X-23.447 Y-31.355 E530.59118 F3000
G1 X-24.148 Y-31.339 E530.70787 F3000
G1 X-25.025 Y-31.303 E530.85376 F3000
G1 X-25.665 Y-31.276 E530.96028 F3000
G1 X-26.554 Y-31.210 E531.10853 F3000
G1 X-27.019 Y-31.174 E531.18622 F3000
G1 X-27.369 Y-31.123 E531.24499 F3000
G1 X-28.128 Y-31.020 E531.37237 F3000
G1 X-28.393 Y-30.933 E531.41866 F3000
G1 X-29.022 Y-30.734 E531.52850 F3000
G1 X-29.521 Y-30.384 E531.62988 F3000
G1 X-29.732 Y-30.236 E531.67263 F3000
G1 X-30.119 Y-29.679 E531.78538 F3000
G1 X-30.286 Y-29.447 E531.83299 F3000
G1 X-30.419 Y-29.113 E531.89281 F3000
G1 X-30.716 Y-28.286 E532.03888 F3000
G1 X-30.812 Y-27.904 E532.10445 F3000
G1 X-31.035 Y-26.878 E532.27910 F3000
G1 X-31.200 Y-25.714 E532.47460 F3000
G1 X-31.262 Y-25.349 E532.53614 F3000
G1 X-31.373 Y-24.168 E532.73338 F3000
G1 X-31.413 Y-23.831 E532.78982 F3000
G1 X-31.437 Y-23.529 E532.84017 F3000
G1 X-31.507 Y-22.459 E533.01845 F3000
G1 X-31.521 Y-22.108 E533.07689 F3000
G1 X-31.560 Y-20.917 E533.27515 F3000
G1 X-31.581 Y-19.431 E533.52232 F3000
G1 X-31.590 Y-18.883 E533.61342 F3000
G1 X-31.605 Y-16.939 E533.93679 F3000
G1 X-31.614 Y-16.033 E534.08739 F3000
G1 X-31.629 Y-14.602 E534.32529 F3000
G1 X-31.650 Y-12.036 E534.75219 F3000
G1 X-31.670 Y-10.049 E535.08260 F3000
G1 X-31.691 Y-7.484 E535.50910 F3000
G1 X-31.709 Y-5.326 E535.86804 F3000
G1 X-31.733 Y-2.983 E536.25772 F3000
G1 X-31.746 Y-1.379 E536.52443 F3000
G1 X-31.768 Y0.853 E536.89569 F3000
G1 X-31.783 Y2.466 E537.16397 F3000
G1 X-31.790 Y3.399 E537.31915 F3000
G1 X-31.799 Y4.448 E537.49346 F3000
G1 X-31.803 Y4.995 E537.58446 F3000
G1 X-31.806 Y5.328 E537.63980 F3000
G1 X-31.812 Y5.984 E537.74891 F3000
G1 X-31.816 Y6.228 E537.78958 F3000
G1 X-31.822 Y6.713 E537.87024 F3000
G1 X-31.832 Y7.257 E537.96067 F3000
G1 X-31.839 Y7.531 E538.00628 F3000
G1 X-31.852 Y8.092 E538.09964 F3000
G1 X-31.860 Y8.375 E538.14672 F3000
G1 X-31.868 Y8.646 E538.19182 F3000
G1 X-31.882 Y9.184 E538.28124 F3000
G1 X-31.890 Y9.422 E538.32090 F3000
G1 X-31.902 Y9.895 E538.39953 F3000
G1 X-31.912 Y10.261 E538.46051 F3000
G1 X-31.918 Y10.446 E538.49126 F3000
G1 X-31.927 Y10.759 E538.54338 F3000
G1 X-31.932 Y10.917 E538.56966 F3000
G1 X-31.937 Y11.075 E538.59592 F3000
G1 X-31.945 Y11.388 E538.64798 F3000
G1 X-31.951 Y11.572 E538.67864 F3000
G1 X-31.961 Y11.938 E538.73943 F3000
G1 X-31.974 Y12.409 E538.81774 F3000
G1 X-31.982 Y12.646 E538.85726 F3000
G1 X-31.999 Y13.217 E538.95227 F3000
G1 X-32.010 Y13.505 E539.00021 F3000
G1 X-32.026 Y13.841 E539.05611 F3000
G1 X-32.051 Y14.508 E539.16706 F3000
G1 X-32.073 Y14.886 E539.23006 F3000
G1 X-32.108 Y15.646 E539.35654 F3000
G1 X-32.157 Y16.501 E539.49905 F3000
G1 X-32.185 Y16.911 E539.56739 F3000
G1 X-32.240 Y17.818 E539.71854 F3000
G1 X-32.270 Y18.235 E539.78795 F3000
G1 X-32.299 Y18.640 E539.85546 F3000
G1 X-32.354 Y19.547 E540.00663 F3000
G1 X-32.378 Y19.919 E540.06866 F3000
G1 X-32.425 Y20.779 E540.21195 F3000
G1 X-32.458 Y21.535 E540.33776 F3000
G1 X-32.475 Y21.864 E540.39248 F3000
G1 X-32.477 Y22.497 E540.49781 F3000
G1 X-32.482 Y22.783 E540.54540 F3000
G1 X-32.468 Y23.018 E540.58457 F3000
G1 X-32.424 Y23.521 E540.66848 F3000
G1 X-32.383 Y23.700 E540.69893 F3000
G1 X-32.280 Y24.060 E540.76127 F3000
G1 X-32.105 Y24.272 E540.80701 F3000
G1 X-32.029 Y24.383 E540.82940 F3000
G1 X-31.716 Y24.488 E540.88424 F3000
G1 X-31.568 Y24.545 E540.91072 F3000
G1 X-31.307 Y24.564 E540.95412 F3000
G1 X-30.792 Y24.598 E541.03994 F3000
G1 X-30.382 Y24.598 E541.10827 F3000
G1 X-29.600 Y24.598 E541.23820 F3000
G1 X-28.487 Y24.598 E541.42336 F3000
G1 X-27.888 Y24.598 E541.52296 F3000
G1 X-26.578 Y24.598 E541.74076 F3000
G1 X-25.870 Y24.598 E541.85863 F3000
G1 X-25.127 Y24.599 E541.98210 F3000
G1 X-23.759 Y24.599 E542.20964 F3000
G1 X-23.060 Y24.599 E542.32586 F3000
G1 X-21.770 Y24.599 E542.54039 F3000
G1 X-20.696 Y24.599 E542.71892 F3000
G1 X-20.117 Y24.599 E542.81529 F3000
G1 X-19.146 Y24.599 E542.97681 F3000
G1 X-18.621 Y24.599 E543.06404 F3000
G1 X-18.089 Y24.599 E543.15259 F3000
G1 X-17.104 Y24.599 E543.31636 F3000
G1 X-16.501 Y24.599 E543.41662 F3000
G1 X-15.387 Y24.599 E543.60195 F3000
G1 X-14.026 Y24.599 E543.82815 F3000
G1 X-13.290 Y24.599 E543.95053 F3000
G1 X-11.796 Y24.599 E544.19899 F3000
G1 X-10.988 Y24.599 E544.33342 F3000
G1 X-10.168 Y24.599 E544.46981 F3000
G1 X-8.652 Y24.599 E544.72191 F3000
G1 X-7.881 Y24.599 E544.85020 F3000
G1 X-6.455 Y24.599 E545.08733 F3000
G1 X-5.231 Y24.599 E545.29086 F3000
G1 X-4.569 Y24.599 E545.40098 F3000
G1 X-3.496 Y24.599 E545.57932 F3000
G1 X-2.916 Y24.599 E545.67580 F3000
G1 X-2.391 Y24.599 E545.76320 F3000
G1 X-1.419 Y24.599 E545.92475 F3000
G1 X-0.921 Y24.599 E546.00760 F3000
G1 X0.000 Y24.599 E546.16075 F3000
G1 X0.921 Y24.599 E546.31389 F3000
G1 X1.419 Y24.599 E546.39675 F3000
G1 X2.391 Y24.599 E546.55829 F3000
G1 X2.916 Y24.599 E546.64569 F3000
G1 X3.496 Y24.599 E546.74218 F3000
G1 X4.569 Y24.599 E546.92052 F3000
G1 X5.231 Y24.599 E547.03064 F3000
G1 X6.455 Y24.599 E547.23417 F3000
G1 X7.881 Y24.599 E547.47130 F3000
G1 X8.652 Y24.599 E547.59959 F3000
G1 X10.168 Y24.599 E547.85169 F3000
G1 X10.988 Y24.599 E547.98808 F3000
G1 X11.796 Y24.599 E548.12251 F3000
G1 X13.290 Y24.599 E548.37096 F3000
G1 X14.026 Y24.599 E548.49335 F3000
G1 X15.387 Y24.599 E548.71955 F3000
G1 X16.501 Y24.599 E548.90487 F3000
G1 X17.104 Y24.599 E549.00514 F3000
G1 X18.089 Y24.599 E549.16890 F3000
G1 X18.621 Y24.599 E549.25746 F3000
G1 X19.146 Y24.599 E549.34468 F3000
G1 X20.117 Y24.599 E549.50621 F3000
G1 X20.696 Y24.599 E549.60258 F3000
G1 X21.770 Y24.599 E549.78111 F3000
G1 X23.060 Y24.599 E549.99564 F3000
G1 X23.759 Y24.599 E550.11186 F3000
G1 X25.127 Y24.599 E550.33939 F3000
G1 X25.870 Y24.598 E550.46287 F3000
G1 X26.578 Y24.598 E550.58074 F3000
G1 X27.888 Y24.598 E550.79854 F3000
G1 X28.487 Y24.598 E550.89814 F3000
G1 X29.600 Y24.598 E551.08329 F3000
G1 X30.382 Y24.598 E551.21323 F3000
G1 X30.792 Y24.598 E551.28155 F3000
; LAYER:14
; Z:14.500
G0 Z14.500 F600
G0 X30.731 Y24.660 F9000
G1 X30.957 Y24.645 E551.31915 F3000
G1 X31.485 Y24.606 E551.40725 F3000
G1 X31.787 Y24.491 E551.46101 F3000
G1 X31.926 Y24.445 E551.48537 F3000
G1 X32.081 Y24.217 E551.53117 F3000
G1 X32.160 Y24.121 E551.55182 F3000
G1 X32.206 Y23.958 E551.57996 F3000
G1 X32.293 Y23.582 E551.64419 F3000
G1 X32.313 Y23.350 E551.68298 F3000
G1 X32.344 Y22.843 E551.76738 F3000
G1 X32.334 Y22.226 E551.86995 F3000
G1 X32.333 Y21.921 E551.92082 F3000
G1 X32.295 Y21.199 E552.04096 F3000
G1 X32.279 Y20.830 E552.10232 F3000
G1 X32.256 Y20.411 E552.17221 F3000
G1 X32.201 Y19.589 E552.30924 F3000
G1 X32.175 Y19.148 E552.38268 F3000
G1 X32.111 Y18.265 E552.52985 F3000
G1 X32.045 Y17.358 E552.68115 F3000
G1 X32.019 Y16.931 E552.75234 F3000
G1 X31.959 Y16.052 E552.89885 F3000
G1 X31.937 Y15.656 E552.96480 F3000
G1 X31.920 Y15.304 E553.02334 F3000
G1 X31.875 Y14.512 E553.15527 F3000
G1 X31.864 Y14.207 E553.20606 F3000
G1 X31.831 Y13.507 E553.32263 F3000
G1 X31.808 Y12.906 E553.42262 F3000
G1 X31.800 Y12.646 E553.46578 F3000
G1 X31.783 Y12.152 E553.54806 F3000
G1 X31.778 Y11.938 E553.58364 F3000
G1 X31.773 Y11.772 E553.61125 F3000
G1 X31.761 Y11.388 E553.67511 F3000
G1 X31.757 Y11.246 E553.69876 F3000
G1 X31.746 Y10.917 E553.75343 F3000
G1 X31.735 Y10.588 E553.80817 F3000
G1 X31.731 Y10.446 E553.83185 F3000
G1 X31.719 Y10.061 E553.89588 F3000
G1 X31.714 Y9.895 E553.92358 F3000
G1 X31.709 Y9.680 E553.95930 F3000
G1 X31.692 Y9.184 E554.04188 F3000
G1 X31.686 Y8.940 E554.08250 F3000
G1 X31.668 Y8.375 E554.17641 F3000
G1 X31.651 Y7.786 E554.27445 F3000
G1 X31.646 Y7.531 E554.31686 F3000
G1 X31.632 Y6.960 E554.41182 F3000
G1 X31.627 Y6.713 E554.45290 F3000
G1 X31.624 Y6.493 E554.48954 F3000
G1 X31.616 Y5.984 E554.57423 F3000
G1 X31.613 Y5.686 E554.62380 F3000
G1 X31.607 Y4.999 E554.73806 F3000
G1 X31.599 Y3.869 E554.92595 F3000
G1 X31.595 Y3.415 E555.00148 F3000
G1 X31.581 Y1.534 E555.31419 F3000
G1 X31.575 Y0.891 E555.42114 F3000
G1 X31.566 Y0.001 E555.56916 F3000
G1 X31.543 Y-2.907 E556.05273 F3000
G1 X31.535 Y-3.681 E556.18150 F3000
G1 X31.505 Y-7.363 E556.79379 F3000
G1 X31.469 Y-11.737 E557.52130 F3000
G1 X31.468 Y-11.870 E557.54343 F3000
G1 X31.456 Y-13.352 E557.78992 F3000
G1 X31.437 Y-15.607 E558.16489 F3000
G1 X31.436 Y-15.837 E558.20309 F3000
G1 X31.435 Y-16.030 E558.23522 F3000
G1 X31.414 Y-18.677 E558.67550 F3000
G1 X31.411 Y-18.970 E558.72414 F3000
G1 X31.387 Y-20.718 E559.01497 F3000
G1 X31.346 Y-21.962 E559.22186 F3000
G1 X31.337 Y-22.281 E559.27500 F3000
G1 X31.265 Y-23.389 E559.45954 F3000
G1 X31.249 Y-23.683 E559.50858 F3000
G1 X31.224 Y-24.003 E559.56197 F3000
G1 X31.108 Y-25.238 E559.76831 F3000
G1 X31.073 Y-25.523 E559.81607 F3000
G1 X30.891 Y-26.807 E560.03160 F3000
G1 X30.616 Y-28.072 E560.24691 F3000
G1 X30.580 Y-28.251 E560.27732 F3000
G1 X30.196 Y-29.319 E560.46609 F3000
G1 X30.156 Y-29.439 E560.48716 F3000
G1 X30.103 Y-29.518 E560.50291 F3000
G1 X29.600 Y-30.241 E560.64942 F3000
G1 X29.529 Y-30.291 E560.66382 F3000
G1 X28.887 Y-30.742 E560.79438 F3000
G1 X28.082 Y-30.997 E560.93479 F3000
G1 X27.989 Y-31.025 E560.95088 F3000
G1 X26.960 Y-31.165 E561.12359 F3000
G1 X26.882 Y-31.175 E561.13673 F3000
G1 X26.796 Y-31.181 E561.15105 F3000
G1 X25.745 Y-31.259 E561.32629 F3000
G1 X25.536 Y-31.274 E561.36110 F3000
G1 X25.521 Y-31.275 E561.36363 F3000
G1 X24.034 Y-31.336 E561.61111 F3000
G1 X22.844 Y-31.363 E561.80903 F3000
G1 X22.454 Y-31.371 E561.87390 F3000
G1 X21.515 Y-31.382 E562.03005 F3000
G1 X20.851 Y-31.388 E562.14055 F3000
G1 X20.228 Y-31.391 E562.24420 F3000
G1 X19.567 Y-31.395 E562.35402 F3000
G1 X19.102 Y-31.396 E562.43143 F3000
G1 X18.427 Y-31.398 E562.54364 F3000
G1 X17.730 Y-31.399 E562.65966 F3000
G1 X17.204 Y-31.399 E562.74707 F3000
G1 X16.468 Y-31.399 E562.86950 F3000
G1 X15.621 Y-31.399 E563.01031 F3000
G1 X14.520 Y-31.399 E563.19339 F3000
G1 X13.384 Y-31.399 E563.38237 F3000
G1 X12.422 Y-31.399 E563.54232 F3000
G1 X11.012 Y-31.399 E563.77684 F3000
G1 X9.470 Y-31.399 E564.03318 F3000
G1 X8.652 Y-31.399 E564.16925 F3000
G1 X7.210 Y-31.399 E564.40898 F3000
G1 X6.455 Y-31.399 E564.53467 F3000
G1 X5.804 Y-31.399 E564.64295 F3000
G1 X4.569 Y-31.399 E564.84832 F3000
G1 X3.994 Y-31.399 E564.94383 F3000
G1 X2.916 Y-31.399 E565.12314 F3000
G1 X1.943 Y-31.399 E565.28499 F3000
G1 X1.419 Y-31.399 E565.37209 F3000
G1 X0.497 Y-31.399 E565.52536 F3000
G1 X0.000 Y-31.399 E565.60809 F3000
G1 X-0.497 Y-31.399 E565.69081 F3000
G1 X-1.419 Y-31.399 E565.84409 F3000
G1 X-1.943 Y-31.399 E565.93119 F3000
G1 X-2.916 Y-31.399 E566.09303 F3000
G1 X-3.994 Y-31.399 E566.27235 F3000
G1 X-4.569 Y-31.399 E566.36786 F3000
G1 X-5.804 Y-31.399 E566.57322 F3000
G1 X-6.455 Y-31.399 E566.68151 F3000
G1 X-7.210 Y-31.399 E566.80719 F3000
G1 X-8.652 Y-31.399 E567.04692 F3000
G1 X-9.470 Y-31.399 E567.18299 F3000
G1 X-11.012 Y-31.399 E567.43933 F3000
G1 X-12.422 Y-31.399 E567.67386 F3000
G1 X-13.384 Y-31.399 E567.83381 F3000
G1 X-14.520 Y-31.399 E568.02279 F3000
G1 X-15.621 Y-31.399 E568.20587 F3000
G1 X-16.468 Y-31.399 E568.34668 F3000
G1 X-17.204 Y-31.399 E568.46910 F3000
G1 X-17.730 Y-31.399 E568.55652 F3000
G1 X-18.427 Y-31.398 E568.67254 F3000
G1 X-19.102 Y-31.396 E568.78474 F3000
G1 X-19.567 Y-31.395 E568.86215 F3000
G1 X-20.228 Y-31.391 E568.97198 F3000
G1 X-20.851 Y-31.388 E569.07562 F3000
G1 X-21.515 Y-31.382 E569.18613 F3000
G1 X-22.454 Y-31.371 E569.34228 F3000
G1 X-22.844 Y-31.363 E569.40714 F3000
G1 X-24.034 Y-31.336 E569.60506 F3000
G1 X-25.521 Y-31.275 E569.85254 F3000
G1 X-25.536 Y-31.274 E569.85507 F3000
G1 X-25.745 Y-31.259 E569.88989 F3000
G1 X-26.796 Y-31.181 E570.06513 F3000
G1 X-26.882 Y-31.175 E570.07945 F3000
G1 X-26.960 Y-31.165 E570.09259 F3000
G1 X-27.989 Y-31.025 E570.26530 F3000
G1 X-28.082 Y-30.997 E570.28138 F3000
G1 X-28.887 Y-30.742 E570.42179 F3000
G1 X-29.529 Y-30.291 E570.55235 F3000
G1 X-29.600 Y-30.241 E570.56675 F3000
G1 X-30.103 Y-29.518 E570.71327 F3000
G1 X-30.156 Y-29.439 E570.72902 F3000
G1 X-30.196 Y-29.319 E570.75009 F3000
G1 X-30.580 Y-28.251 E570.93885 F3000
G1 X-30.616 Y-28.072 E570.96926 F3000
G1 X-30.891 Y-26.807 E571.18458 F3000
G1 X-31.073 Y-25.523 E571.40011 F3000
G1 X-31.108 Y-25.238 E571.44786 F3000
G1 X-31.224 Y-24.003 E571.65420 F3000
G1 X-31.249 Y-23.683 E571.70759 F3000
G1 X-31.265 Y-23.389 E571.75663 F3000
G1 X-31.337 Y-22.281 E571.94117 F3000
G1 X-31.346 Y-21.962 E571.99431 F3000
G1 X-31.387 Y-20.718 E572.20121 F3000
G1 X-31.411 Y-18.970 E572.49203 F3000
G1 X-31.414 Y-18.677 E572.54067 F3000
G1 X-31.435 Y-16.030 E572.98095 F3000
G1 X-31.436 Y-15.837 E573.01308 F3000
G1 X-31.437 Y-15.607 E573.05128 F3000
G1 X-31.456 Y-13.352 E573.42625 F3000
G1 X-31.468 Y-11.870 E573.67275 F3000
G1 X-31.469 Y-11.737 E573.69487 F3000
G1 X-31.505 Y-7.363 E574.42238 F3000
G1 X-31.535 Y-3.681 E575.03467 F3000
G1 X-31.543 Y-2.907 E575.16344 F3000
G1 X-31.566 Y0.001 E575.64702 F3000
G1 X-31.575 Y0.891 E575.79503 F3000
G1 X-31.581 Y1.534 E575.90199 F3000
G1 X-31.595 Y3.415 E576.21470 F3000
G1 X-31.599 Y3.869 E576.29023 F3000
G1 X-31.607 Y4.999 E576.47812 F3000
G1 X-31.613 Y5.686 E576.59238 F3000
G1 X-31.616 Y5.984 E576.64195 F3000
G1 X-31.624 Y6.493 E576.72663 F3000
G1 X-31.627 Y6.713 E576.76327 F3000
G1 X-31.632 Y6.960 E576.80435 F3000
G1 X-31.646 Y7.531 E576.89932 F3000
G1 X-31.651 Y7.786 E576.94173 F3000
G1 X-31.668 Y8.375 E577.03977 F3000
G1 X-31.686 Y8.940 E577.13368 F3000
G1 X-31.692 Y9.184 E577.17430 F3000
G1 X-31.709 Y9.680 E577.25688 F3000
G1 X-31.714 Y9.895 E577.29259 F3000
G1 X-31.719 Y10.061 E577.32029 F3000
G1 X-31.731 Y10.446 E577.38433 F3000
G1 X-31.735 Y10.588 E577.40800 F3000
G1 X-31.746 Y10.917 E577.46274 F3000
G1 X-31.757 Y11.246 E577.51742 F3000
G1 X-31.761 Y11.388 E577.54106 F3000
G1 X-31.773 Y11.772 E577.60492 F3000
G1 X-31.778 Y11.938 E577.63254 F3000
G1 X-31.783 Y12.152 E577.66811 F3000
G1 X-31.800 Y12.646 E577.75039 F3000
G1 X-31.808 Y12.906 E577.79356 F3000
G1 X-31.831 Y13.507 E577.89354 F3000
G1 X-31.864 Y14.207 E578.01011 F3000
G1 X-31.875 Y14.512 E578.06090 F3000
G1 X-31.920 Y15.304 E578.19284 F3000
G1 X-31.937 Y15.656 E578.25137 F3000
G1 X-31.959 Y16.052 E578.31733 F3000
G1 X-32.019 Y16.931 E578.46384 F3000
G1 X-32.045 Y17.358 E578.53502 F3000
G1 X-32.111 Y18.265 E578.68632 F3000
G1 X-32.175 Y19.148 E578.83349 F3000
G1 X-32.201 Y19.589 E578.90693 F3000
G1 X-32.256 Y20.411 E579.04397 F3000
G1 X-32.279 Y20.830 E579.11385 F3000
G1 X-32.295 Y21.199 E579.17522 F3000
G1 X-32.333 Y21.921 E579.29536 F3000
G1 X-32.334 Y22.226 E579.34623 F3000
G1 X-32.344 Y22.843 E579.44879 F3000
G1 X-32.313 Y23.350 E579.53320 F3000
G1 X-32.293 Y23.582 E579.57198 F3000
G1 X-32.206 Y23.958 E579.63622 F3000
G1 X-32.160 Y24.121 E579.66436 F3000
G1 X-32.081 Y24.217 E579.68500 F3000
G1 X-31.926 Y24.445 E579.73081 F3000
G1 X-31.787 Y24.491 E579.75516 F3000
G1 X-31.485 Y24.606 E579.80892 F3000
G1 X-30.957 Y24.645 E579.89703 F3000
G1 X-30.731 Y24.660 E579.93462 F3000
G1 X-29.900 Y24.660 E580.07281 F3000
G1 X-29.558 Y24.660 E580.12968 F3000
G1 X-29.071 Y24.660 E580.21071 F3000
G1 X-27.860 Y24.660 E580.41200 F3000
G1 X-27.287 Y24.660 E580.50736 F3000
G1 X-25.853 Y24.660 E580.74591 F3000
G1 X-24.350 Y24.660 E580.99579 F3000
G1 X-23.749 Y24.660 E581.09569 F3000
G1 X-22.332 Y24.660 E581.33131 F3000
G1 X-21.765 Y24.660 E581.42564 F3000
G1 X-21.293 Y24.660 E581.50414 F3000
G1 X-20.115 Y24.660 E581.70006 F3000
G1 X-19.688 Y24.660 E581.77114 F3000
G1 X-18.621 Y24.660 E581.94857 F3000
G1 X-17.538 Y24.660 E582.12870 F3000
G1 X-17.104 Y24.660 E582.20081 F3000
G1 X-15.877 Y24.660 E582.40480 F3000
G1 X-15.387 Y24.660 E582.48640 F3000
G1 X-14.788 Y24.660 E582.58600 F3000
G1 X-13.290 Y24.660 E582.83498 F3000
G1 X-12.633 Y24.660 E582.94438 F3000
G1 X-10.988 Y24.660 E583.21787 F3000
G1 X-9.320 Y24.660 E583.49536 F3000
G1 X-8.652 Y24.660 E583.60636 F3000
G1 X-7.083 Y24.660 E583.86737 F3000
G1 X-6.455 Y24.660 E583.97178 F3000
G1 X-5.916 Y24.660 E584.06139 F3000
G1 X-4.569 Y24.660 E584.28543 F3000
G1 X-4.096 Y24.660 E584.36395 F3000
G1 X-2.916 Y24.660 E584.56025 F3000
G1 X-1.847 Y24.660 E584.73807 F3000
G1 X-1.419 Y24.660 E584.80920 F3000
G1 X-0.405 Y24.660 E584.97777 F3000
G1 X0.000 Y24.660 E585.04520 F3000
G1 X0.405 Y24.660 E585.11263 F3000
G1 X1.419 Y24.660 E585.28120 F3000
G1 X1.847 Y24.660 E585.35233 F3000
G1 X2.916 Y24.660 E585.53014 F3000
G1 X4.096 Y24.660 E585.72644 F3000
G1 X4.569 Y24.660 E585.80497 F3000
G1 X5.916 Y24.660 E586.02900 F3000
G1 X6.455 Y24.660 E586.11862 F3000
G1 X7.083 Y24.660 E586.22303 F3000
G1 X8.652 Y24.660 E586.48404 F3000
G1 X9.320 Y24.660 E586.59504 F3000
G1 X10.988 Y24.660 E586.87253 F3000
G1 X12.633 Y24.660 E587.14601 F3000
G1 X13.290 Y24.660 E587.25541 F3000
G1 X14.788 Y24.660 E587.50440 F3000
G1 X15.387 Y24.660 E587.60400 F3000
G1 X15.877 Y24.660 E587.68560 F3000
G1 X17.104 Y24.660 E587.88959 F3000
G1 X17.538 Y24.660 E587.96170 F3000
G1 X18.621 Y24.660 E588.14183 F3000
G1 X19.688 Y24.660 E588.31926 F3000
G1 X20.115 Y24.660 E588.39034 F3000
G1 X21.293 Y24.660 E588.58626 F3000
G1 X21.765 Y24.660 E588.66476 F3000
G1 X22.332 Y24.660 E588.75908 F3000
G1 X23.749 Y24.660 E588.99471 F3000
G1 X24.350 Y24.660 E589.09461 F3000
G1 X25.853 Y24.660 E589.34449 F3000
G1 X27.287 Y24.660 E589.58303 F3000
G1 X27.860 Y24.660 E589.67839 F3000
G1 X29.071 Y24.660 E589.87968 F3000
G1 X29.558 Y24.660 E589.96072 F3000
G1 X29.900 Y24.660 E590.01758 F3000
G1 X30.731 Y24.660 E590.15577 F3000
; LAYER:15
; Z:15.500
G0 Z15.500 F600
G0 X21.887 Y-31.375 F9000
G1 X20.965 Y-31.386 E590.30920 F3000
G1 X20.723 Y-31.388 E590.34943 F3000
G1 X20.496 Y-31.389 E590.38717 F3000
G1 X19.465 Y-31.395 E590.55857 F3000
G1 X19.434 Y-31.395 E590.56375 F3000
G1 X18.740 Y-31.397 E590.67911 F3000
G1 X18.390 Y-31.398 E590.73731 F3000
G1 X18.186 Y-31.398 E590.77127 F3000
G1 X17.311 Y-31.399 E590.91673 F3000
G1 X17.239 Y-31.399 E590.92878 F3000
G1 X16.068 Y-31.399 E591.12347 F3000
G1 X15.696 Y-31.399 E591.18543 F3000
G1 X15.211 Y-31.399 E591.26599 F3000
G1 X13.388 Y-31.399 E591.56913 F3000
G1 X13.209 Y-31.399 E591.59893 F3000
G1 X11.013 Y-31.399 E591.96419 F3000
G1 X10.364 Y-31.399 E592.07209 F3000
G1 X8.711 Y-31.399 E592.34698 F3000
G1 X8.652 Y-31.399 E592.35680 F3000
G1 X6.501 Y-31.399 E592.71456 F3000
G1 X6.455 Y-31.399 E592.72221 F3000
G1 X6.416 Y-31.399 E592.72871 F3000
G1 X4.569 Y-31.399 E593.03586 F3000
G1 X2.916 Y-31.399 E593.31069 F3000
G1 X1.435 Y-31.399 E593.55692 F3000
G1 X1.419 Y-31.399 E593.55963 F3000
G1 X0.014 Y-31.399 E593.79326 F3000
G1 X-1.419 Y-31.399 E594.03164 F3000
G1 X-1.435 Y-31.399 E594.03435 F3000
G1 X-2.916 Y-31.399 E594.28058 F3000
G1 X-4.542 Y-31.399 E594.55090 F3000
G1 X-6.416 Y-31.399 E594.86256 F3000
G1 X-6.455 Y-31.399 E594.86906 F3000
G1 X-6.501 Y-31.399 E594.87672 F3000
G1 X-8.652 Y-31.399 E595.23447 F3000
G1 X-8.711 Y-31.399 E595.24429 F3000
G1 X-10.364 Y-31.399 E595.51918 F3000
G1 X-11.013 Y-31.399 E595.62708 F3000
G1 X-13.209 Y-31.399 E595.99234 F3000
G1 X-13.388 Y-31.399 E596.02214 F3000
G1 X-15.211 Y-31.399 E596.32528 F3000
G1 X-15.696 Y-31.399 E596.40584 F3000
G1 X-16.068 Y-31.399 E596.46781 F3000
G1 X-17.239 Y-31.399 E596.66250 F3000
G1 X-17.311 Y-31.399 E596.67454 F3000
G1 X-18.186 Y-31.398 E596.82000 F3000
G1 X-18.390 Y-31.398 E596.85396 F3000
G1 X-18.740 Y-31.397 E596.91216 F3000
G1 X-19.434 Y-31.395 E597.02752 F3000
G1 X-20.496 Y-31.389 E597.20410 F3000
G1 X-20.723 Y-31.388 E597.24184 F3000
G1 X-20.965 Y-31.386 E597.28207 F3000
G1 X-21.887 Y-31.375 E597.43550 F3000
G1 X-22.368 Y-31.369 E597.51542 F3000
G1 X-22.614 Y-31.364 E597.55641 F3000
G1 X-23.926 Y-31.335 E597.77463 F3000
G1 X-24.740 Y-31.302 E597.91016 F3000
G1 X-25.406 Y-31.275 E598.02094 F3000
G1 X-26.010 Y-31.230 E598.12169 F3000
G1 X-26.744 Y-31.178 E598.24403 F3000
G1 X-27.414 Y-31.093 E598.35633 F3000
G1 X-27.851 Y-31.034 E598.42970 F3000
G1 X-28.411 Y-30.863 E598.52713 F3000
G1 X-28.752 Y-30.755 E598.58655 F3000
G1 X-29.024 Y-30.564 E598.64180 F3000
G1 X-29.469 Y-30.252 E598.73224 F3000
G1 X-29.684 Y-29.943 E598.79486 F3000
G1 X-30.026 Y-29.437 E598.89632 F3000
G1 X-30.287 Y-28.664 E599.03203 F3000
G1 X-30.445 Y-28.222 E599.11013 F3000
G1 X-30.640 Y-27.237 E599.27718 F3000
G1 X-30.748 Y-26.742 E599.36142 F3000
G1 X-30.819 Y-26.240 E599.44573 F3000
G1 X-30.954 Y-25.134 E599.63093 F3000
G1 X-30.997 Y-24.682 E599.70653 F3000
G1 X-31.086 Y-23.542 E599.89661 F3000
G1 X-31.143 Y-22.494 E600.07121 F3000
G1 X-31.168 Y-22.112 E600.13488 F3000
G1 X-31.199 Y-20.978 E600.32351 F3000
G1 X-31.214 Y-20.531 E600.39793 F3000
G1 X-31.223 Y-19.902 E600.50255 F3000
G1 X-31.239 Y-18.484 E600.73832 F3000
G1 X-31.247 Y-17.451 E600.91007 F3000
G1 X-31.257 Y-15.653 E601.20911 F3000
G1 X-31.270 Y-13.516 E601.56460 F3000
G1 X-31.285 Y-11.714 E601.86425 F3000
G1 X-31.297 Y-9.707 E602.19792 F3000
G1 X-31.317 Y-7.244 E602.60753 F3000
G1 X-31.342 Y-4.191 E603.11529 F3000
G1 X-31.351 Y-2.831 E603.34148 F3000
G1 X-31.376 Y0.165 E603.83982 F3000
G1 X-31.381 Y0.929 E603.96681 F3000
G1 X-31.383 Y1.372 E604.04046 F3000
G1 X-31.399 Y3.430 E604.38269 F3000
G1 X-31.400 Y3.631 E604.41613 F3000
G1 X-31.410 Y5.002 E604.64423 F3000
G1 X-31.418 Y5.890 E604.79191 F3000
G1 X-31.419 Y5.984 E604.80742 F3000
G1 X-31.430 Y6.644 E604.91724 F3000
G1 X-31.431 Y6.713 E604.92875 F3000
G1 X-31.433 Y6.791 E604.94166 F3000
G1 X-31.451 Y7.531 E605.06480 F3000
G1 X-31.454 Y7.611 E605.07813 F3000
G1 X-31.475 Y8.375 E605.20526 F3000
G1 X-31.498 Y9.107 E605.32703 F3000
G1 X-31.501 Y9.184 E605.33980 F3000
G1 X-31.522 Y9.827 E605.44688 F3000
G1 X-31.525 Y9.895 E605.45810 F3000
G1 X-31.527 Y9.947 E605.46681 F3000
G1 X-31.543 Y10.446 E605.54985 F3000
G1 X-31.545 Y10.491 E605.55729 F3000
G1 X-31.559 Y10.917 E605.62826 F3000
G1 X-31.573 Y11.344 E605.69917 F3000
G1 X-31.575 Y11.388 E605.70660 F3000
G1 X-31.591 Y11.886 E605.78941 F3000
G1 X-31.593 Y11.938 E605.79809 F3000
G1 X-31.596 Y12.005 E605.80928 F3000
G1 X-31.617 Y12.647 E605.91598 F3000
G1 X-31.620 Y12.728 E605.92957 F3000
G1 X-31.650 Y13.508 E606.05932 F3000
G1 X-31.693 Y14.426 E606.21225 F3000
G1 X-31.698 Y14.516 E606.22720 F3000
G1 X-31.758 Y15.574 E606.40338 F3000
G1 X-31.764 Y15.666 E606.41866 F3000
G1 X-31.772 Y15.766 E606.43534 F3000
G1 X-31.853 Y16.950 E606.63275 F3000
G1 X-31.860 Y17.033 E606.64661 F3000
G1 X-31.952 Y18.296 E606.85717 F3000
G1 X-32.046 Y19.588 E607.07257 F3000
G1 X-32.049 Y19.630 E607.07970 F3000
G1 X-32.130 Y20.847 E607.28251 F3000
G1 X-32.132 Y20.882 E607.28823 F3000
G1 X-32.190 Y21.977 E607.47071 F3000
G1 X-32.206 Y22.903 E607.62466 F3000
G1 X-32.164 Y23.586 E607.73840 F3000
G1 X-32.161 Y23.643 E607.74797 F3000
G1 X-32.049 Y24.129 E607.83098 F3000
G1 X-32.039 Y24.182 E607.83996 F3000
G1 X-32.019 Y24.215 E607.84630 F3000
G1 X-31.822 Y24.506 E607.90476 F3000
G1 X-31.401 Y24.668 E607.97965 F3000
G1 X-30.756 Y24.715 E608.08732 F3000
G1 X-30.669 Y24.721 E608.10181 F3000
G1 X-29.656 Y24.721 E608.27023 F3000
G1 X-29.515 Y24.721 E608.29363 F3000
G1 X-29.307 Y24.721 E608.32823 F3000
G1 X-27.832 Y24.721 E608.57351 F3000
G1 X-27.585 Y24.721 E608.61468 F3000
G1 X-25.835 Y24.722 E608.90562 F3000
G1 X-23.996 Y24.722 E609.21148 F3000
G1 X-23.740 Y24.722 E609.25416 F3000
G1 X-22.001 Y24.722 E609.54329 F3000
G1 X-21.760 Y24.722 E609.58330 F3000
G1 X-21.560 Y24.722 E609.61661 F3000
G1 X-20.113 Y24.722 E609.85724 F3000
G1 X-19.932 Y24.722 E609.88730 F3000
G1 X-18.620 Y24.722 E610.10551 F3000
G1 X-17.287 Y24.722 E610.32720 F3000
G1 X-17.104 Y24.722 E610.35766 F3000
G1 X-15.594 Y24.722 E610.60874 F3000
G1 X-15.387 Y24.722 E610.64326 F3000
G1 X-15.133 Y24.722 E610.68539 F3000
G1 X-13.290 Y24.722 E610.99184 F3000
G1 X-13.012 Y24.722 E611.03812 F3000
G1 X-10.988 Y24.722 E611.37472 F3000
G1 X-8.934 Y24.722 E611.71626 F3000
G1 X-8.652 Y24.722 E611.76322 F3000
G1 X-6.720 Y24.722 E612.08446 F3000
G1 X-6.455 Y24.722 E612.12863 F3000
G1 X-6.227 Y24.722 E612.16655 F3000
G1 X-4.569 Y24.722 E612.44228 F3000
G1 X-4.369 Y24.722 E612.47550 F3000
G1 X-2.916 Y24.722 E612.71711 F3000
G1 X-1.600 Y24.722 E612.93596 F3000
G1 X-1.419 Y24.722 E612.96605 F3000
G1 X-0.172 Y24.722 E613.17353 F3000
G1 X0.000 Y24.722 E613.20206 F3000
G1 X0.172 Y24.722 E613.23058 F3000
G1 X1.419 Y24.722 E613.43806 F3000
G1 X1.600 Y24.722 E613.46815 F3000
G1 X2.916 Y24.722 E613.68700 F3000
G1 X4.369 Y24.722 E613.92861 F3000
G1 X4.569 Y24.722 E613.96183 F3000
G1 X6.227 Y24.722 E614.23757 F3000
G1 X6.455 Y24.722 E614.27548 F3000
G1 X6.720 Y24.722 E614.31965 F3000
G1 X8.652 Y24.722 E614.64089 F3000
G1 X8.934 Y24.722 E614.68785 F3000
G1 X10.988 Y24.722 E615.02939 F3000
G1 X13.012 Y24.722 E615.36599 F3000
G1 X13.290 Y24.722 E615.41227 F3000
G1 X15.133 Y24.722 E615.71872 F3000
G1 X15.387 Y24.722 E615.76085 F3000
G1 X15.594 Y24.722 E615.79537 F3000
G1 X17.104 Y24.722 E616.04645 F3000
G1 X17.287 Y24.722 E616.07691 F3000
G1 X18.620 Y24.722 E616.29860 F3000
G1 X19.932 Y24.722 E616.51681 F3000
G1 X20.113 Y24.722 E616.54687 F3000
G1 X21.560 Y24.722 E616.78750 F3000
G1 X21.760 Y24.722 E616.82081 F3000
G1 X22.001 Y24.722 E616.86082 F3000
G1 X23.740 Y24.722 E617.14995 F3000
G1 X23.996 Y24.722 E617.19263 F3000
G1 X25.835 Y24.722 E617.49849 F3000
G1 X27.585 Y24.721 E617.78943 F3000
G1 X27.832 Y24.721 E617.83061 F3000
G1 X29.307 Y24.721 E618.07588 F3000
G1 X29.515 Y24.721 E618.11048 F3000
G1 X29.656 Y24.721 E618.13388 F3000
G1 X30.669 Y24.721 E618.30231 F3000
G1 X30.756 Y24.715 E618.31679 F3000
G1 X31.401 Y24.668 E618.42446 F3000
G1 X31.777 Y24.525 E618.49136 F3000
G1 X32.019 Y24.215 E618.55666 F3000
G1 X32.039 Y24.182 E618.56301 F3000
G1 X32.049 Y24.129 E618.57198 F3000
G1 X32.161 Y23.643 E618.65499 F3000
G1 X32.164 Y23.586 E618.66456 F3000
G1 X32.206 Y22.903 E618.77830 F3000
G1 X32.191 Y22.013 E618.92637 F3000
G1 X32.134 Y20.912 E619.10972 F3000
G1 X32.130 Y20.847 E619.12045 F3000
G1 X32.049 Y19.630 E619.32326 F3000
G1 X32.046 Y19.588 E619.33039 F3000
G1 X31.952 Y18.296 E619.54580 F3000
G1 X31.860 Y17.033 E619.75635 F3000
G1 X31.853 Y16.950 E619.77021 F3000
G1 X31.772 Y15.766 E619.96762 F3000
G1 X31.764 Y15.666 E619.98430 F3000
G1 X31.758 Y15.574 E619.99958 F3000
G1 X31.698 Y14.516 E620.17576 F3000
G1 X31.693 Y14.426 E620.19071 F3000
G1 X31.650 Y13.508 E620.34364 F3000
G1 X31.620 Y12.728 E620.47339 F3000
G1 X31.617 Y12.647 E620.48698 F3000
G1 X31.596 Y12.005 E620.59369 F3000
G1 X31.593 Y11.938 E620.60487 F3000
G1 X31.591 Y11.886 E620.61355 F3000
G1 X31.575 Y11.388 E620.69636 F3000
G1 X31.573 Y11.344 E620.70380 F3000
G1 X31.559 Y10.917 E620.77470 F3000
G1 X31.545 Y10.491 E620.84567 F3000
G1 X31.543 Y10.446 E620.85312 F3000
G1 X31.527 Y9.947 E620.93615 F3000
G1 X31.525 Y9.895 E620.94486 F3000
G1 X31.522 Y9.827 E620.95609 F3000
G1 X31.501 Y9.184 E621.06316 F3000
G1 X31.498 Y9.107 E621.07593 F3000
G1 X31.475 Y8.375 E621.19770 F3000
G1 X31.454 Y7.611 E621.32484 F3000
G1 X31.451 Y7.531 E621.33816 F3000
G1 X31.433 Y6.791 E621.46130 F3000
G1 X31.431 Y6.713 E621.47421 F3000
G1 X31.430 Y6.644 E621.48572 F3000
G1 X31.419 Y5.984 E621.59554 F3000
G1 X31.418 Y5.890 E621.61105 F3000
G1 X31.410 Y5.002 E621.75874 F3000
G1 X31.400 Y3.631 E621.98683 F3000
G1 X31.399 Y3.430 E622.02027 F3000
G1 X31.383 Y1.372 E622.36250 F3000
G1 X31.381 Y0.929 E622.43615 F3000
G1 X31.376 Y0.165 E622.56315 F3000
G1 X31.351 Y-2.831 E623.06149 F3000
G1 X31.342 Y-4.191 E623.28767 F3000
G1 X31.317 Y-7.244 E623.79543 F3000
G1 X31.297 Y-9.707 E624.20504 F3000
G1 X31.285 Y-11.714 E624.53871 F3000
G1 X31.270 Y-13.516 E624.83836 F3000
G1 X31.257 Y-15.653 E625.19385 F3000
G1 X31.247 Y-17.451 E625.49289 F3000
G1 X31.239 Y-18.484 E625.66464 F3000
G1 X31.223 Y-19.902 E625.90042 F3000
G1 X31.214 Y-20.531 E626.00503 F3000
G1 X31.199 Y-20.978 E626.07945 F3000
G1 X31.168 Y-22.112 E626.26808 F3000
G1 X31.143 Y-22.494 E626.33175 F3000
G1 X31.086 Y-23.542 E626.50635 F3000
G1 X30.997 Y-24.682 E626.69643 F3000
G1 X30.954 Y-25.134 E626.77203 F3000
G1 X30.819 Y-26.240 E626.95723 F3000
G1 X30.748 Y-26.742 E627.04155 F3000
G1 X30.640 Y-27.237 E627.12578 F3000
G1 X30.445 Y-28.222 E627.29283 F3000
G1 X30.287 Y-28.664 E627.37093 F3000
G1 X30.026 Y-29.437 E627.50664 F3000
G1 X29.684 Y-29.943 E627.60810 F3000
G1 X29.469 Y-30.252 E627.67072 F3000
G1 X29.024 Y-30.564 E627.76116 F3000
G1 X28.752 Y-30.755 E627.81642 F3000
G1 X28.411 Y-30.863 E627.87583 F3000
G1 X27.851 Y-31.034 E627.97326 F3000
G1 X27.414 Y-31.093 E628.04664 F3000
G1 X26.744 Y-31.178 E628.15893 F3000
G1 X26.010 Y-31.230 E628.28127 F3000
G1 X25.406 Y-31.275 E628.38202 F3000
G1 X24.740 Y-31.302 E628.49280 F3000
G1 X23.926 Y-31.335 E628.62834 F3000
G1 X22.614 Y-31.364 E628.84655 F3000
G1 X22.368 Y-31.369 E628.88754 F3000
G1 X21.887 Y-31.375 E628.96747 F3000
; LAYER:16
; Z:16.500
G0 Z16.500 F600
G0 X25.818 Y24.784 F9000
G1 X25.167 Y24.784 E629.07569 F3000
G1 X23.729 Y24.784 E629.31472 F3000
G1 X23.113 Y24.784 E629.41718 F3000
G1 X21.755 Y24.784 E629.64303 F3000
G1 X20.625 Y24.784 E629.83100 F3000
G1 X20.111 Y24.784 E629.91646 F3000
G1 X19.086 Y24.784 E630.08695 F3000
G1 X18.620 Y24.784 E630.16448 F3000
G1 X18.146 Y24.784 E630.24325 F3000
G1 X17.104 Y24.784 E630.41655 F3000
G1 X16.567 Y24.784 E630.50577 F3000
G1 X15.387 Y24.784 E630.70215 F3000
G1 X13.945 Y24.784 E630.94184 F3000
G1 X13.290 Y24.784 E631.05073 F3000
G1 X11.707 Y24.784 E631.31400 F3000
G1 X10.988 Y24.784 E631.43361 F3000
G1 X10.258 Y24.784 E631.55497 F3000
G1 X8.652 Y24.784 E631.82211 F3000
G1 X7.966 Y24.784 E631.93626 F3000
G1 X6.455 Y24.784 E632.18752 F3000
G1 X5.158 Y24.784 E632.40319 F3000
G1 X4.569 Y24.784 E632.50117 F3000
G1 X3.432 Y24.784 E632.69015 F3000
G1 X2.916 Y24.784 E632.77600 F3000
G1 X2.448 Y24.784 E632.85377 F3000
G1 X1.419 Y24.784 E633.02494 F3000
G1 X0.976 Y24.784 E633.09867 F3000
G1 X0.000 Y24.784 E633.26095 F3000
G1 X-0.976 Y24.784 E633.42322 F3000
G1 X-1.419 Y24.784 E633.49695 F3000
G1 X-2.448 Y24.784 E633.66812 F3000
G1 X-2.916 Y24.784 E633.74589 F3000
G1 X-3.432 Y24.784 E633.83174 F3000
G1 X-4.569 Y24.784 E634.02072 F3000
G1 X-5.158 Y24.784 E634.11870 F3000
G1 X-6.455 Y24.784 E634.33437 F3000
G1 X-7.966 Y24.784 E634.58563 F3000
G1 X-8.652 Y24.784 E634.69978 F3000
G1 X-10.258 Y24.784 E634.96692 F3000
G1 X-10.988 Y24.784 E635.08828 F3000
G1 X-11.707 Y24.784 E635.20789 F3000
G1 X-13.290 Y24.784 E635.47116 F3000
G1 X-13.945 Y24.784 E635.58005 F3000
G1 X-15.387 Y24.784 E635.81974 F3000
G1 X-16.567 Y24.784 E636.01612 F3000
G1 X-17.104 Y24.784 E636.10534 F3000
G1 X-18.146 Y24.784 E636.27864 F3000
G1 X-18.620 Y24.784 E636.35741 F3000
G1 X-19.086 Y24.784 E636.43494 F3000
G1 X-20.111 Y24.784 E636.60543 F3000
G1 X-20.625 Y24.784 E636.69089 F3000
G1 X-21.755 Y24.784 E636.87886 F3000
G1 X-23.113 Y24.784 E637.10471 F3000
G1 X-23.729 Y24.784 E637.20717 F3000
G1 X-25.167 Y24.784 E637.44620 F3000
G1 X-25.818 Y24.784 E637.55443 F3000
G1 X-26.437 Y24.784 E637.65737 F3000
G1 X-27.804 Y24.784 E637.88469 F3000
G1 X-28.325 Y24.784 E637.97137 F3000
G1 X-29.471 Y24.784 E638.16203 F3000
G1 X-30.247 Y24.784 E638.29097 F3000
G1 X-30.605 Y24.784 E638.35052 F3000
G1 X-31.085 Y24.747 E638.43071 F3000
G1 X-31.315 Y24.730 E638.46901 F3000
G1 X-31.449 Y24.679 E638.49281 F3000
G1 X-31.714 Y24.568 E638.54062 F3000
G1 X-31.786 Y24.463 E638.56173 F3000
G1 X-31.913 Y24.244 E638.60387 F3000
G1 X-31.981 Y23.893 E638.66346 F3000
G1 X-32.024 Y23.705 E638.69550 F3000
G1 X-32.045 Y23.238 E638.77323 F3000
G1 X-32.062 Y22.963 E638.81894 F3000
G1 X-32.056 Y22.606 E638.87844 F3000
G1 X-32.042 Y22.035 E638.97341 F3000
G1 X-32.019 Y21.593 E639.04701 F3000
G1 X-31.980 Y20.933 E639.15689 F3000
G1 X-31.925 Y20.182 E639.28213 F3000
G1 X-31.891 Y19.673 E639.36706 F3000
G1 X-31.825 Y18.856 E639.50324 F3000
G1 X-31.787 Y18.327 E639.59155 F3000
G1 X-31.749 Y17.809 E639.67787 F3000
G1 X-31.681 Y16.970 E639.81794 F3000
G1 X-31.648 Y16.498 E639.89653 F3000
G1 X-31.586 Y15.676 E640.03368 F3000
G1 X-31.538 Y14.922 E640.15927 F3000
G1 X-31.515 Y14.521 E640.22615 F3000
G1 X-31.480 Y13.855 E640.33706 F3000
G1 X-31.464 Y13.509 E640.39455 F3000
G1 X-31.453 Y13.216 E640.44333 F3000
G1 X-31.428 Y12.647 E640.53809 F3000
G1 X-31.420 Y12.407 E640.57807 F3000
G1 X-31.403 Y11.938 E640.65601 F3000
G1 X-31.389 Y11.575 E640.71650 F3000
G1 X-31.383 Y11.388 E640.74753 F3000
G1 X-31.372 Y11.077 E640.79931 F3000
G1 X-31.366 Y10.917 E640.82587 F3000
G1 X-31.361 Y10.758 E640.85246 F3000
G1 X-31.350 Y10.446 E640.90430 F3000
G1 X-31.343 Y10.259 E640.93541 F3000
G1 X-31.330 Y9.895 E640.99605 F3000
G1 X-31.312 Y9.425 E641.07425 F3000
G1 X-31.304 Y9.184 E641.11436 F3000
G1 X-31.286 Y8.649 E641.20330 F3000
G1 X-31.277 Y8.375 E641.24892 F3000
G1 X-31.269 Y8.089 E641.29654 F3000
G1 X-31.251 Y7.531 E641.38938 F3000
G1 X-31.244 Y7.254 E641.43551 F3000
G1 X-31.230 Y6.713 E641.52544 F3000
G1 X-31.221 Y6.231 E641.60563 F3000
G1 X-31.217 Y5.984 E641.64677 F3000
G1 X-31.211 Y5.334 E641.75488 F3000
G1 X-31.208 Y5.006 E641.80933 F3000
G1 X-31.204 Y4.500 E641.89344 F3000
G1 X-31.198 Y3.445 E642.06897 F3000
G1 X-31.192 Y2.724 E642.18889 F3000
G1 X-31.182 Y0.967 E642.48110 F3000
G1 X-31.163 Y-2.063 E642.98491 F3000
G1 X-31.157 Y-2.756 E643.10029 F3000
G1 X-31.131 Y-6.802 E643.77309 F3000
G1 X-31.129 Y-7.128 E643.82722 F3000
G1 X-31.127 Y-7.390 E643.87089 F3000
G1 X-31.111 Y-9.933 E644.29378 F3000
G1 X-31.103 Y-11.345 E644.52852 F3000
G1 X-31.102 Y-11.560 E644.56428 F3000
G1 X-31.084 Y-14.833 E645.10865 F3000
G1 X-31.081 Y-15.476 E645.21559 F3000
G1 X-31.079 Y-16.026 E645.30711 F3000
G1 X-31.067 Y-18.301 E645.68541 F3000
G1 X-31.061 Y-18.879 E645.78158 F3000
G1 X-31.045 Y-20.355 E646.02695 F3000
G1 X-31.017 Y-21.406 E646.20191 F3000
G1 X-31.003 Y-21.953 E646.29288 F3000
G1 X-30.952 Y-22.904 E646.45118 F3000
G1 X-30.927 Y-23.410 E646.53548 F3000
G1 X-30.889 Y-23.958 E646.62681 F3000
G1 X-30.803 Y-25.036 E646.80674 F3000
G1 X-30.747 Y-25.534 E646.89004 F3000
G1 X-30.606 Y-26.681 E647.08222 F3000
G1 X-30.377 Y-27.845 E647.27944 F3000
G1 X-30.312 Y-28.196 E647.33891 F3000
G1 X-29.976 Y-29.193 E647.51382 F3000
G1 X-29.897 Y-29.438 E647.55663 F3000
G1 X-29.792 Y-29.595 E647.58804 F3000
G1 X-29.339 Y-30.265 E647.72248 F3000
G1 X-29.202 Y-30.360 E647.75031 F3000
G1 X-28.618 Y-30.770 E647.86889 F3000
G1 X-27.890 Y-30.993 E647.99554 F3000
G1 X-27.714 Y-31.045 E648.02608 F3000
G1 X-26.785 Y-31.161 E648.18170 F3000
G1 X-26.606 Y-31.182 E648.21163 F3000
G1 X-26.410 Y-31.195 E648.24444 F3000
G1 X-25.276 Y-31.275 E648.43349 F3000
G1 X-25.197 Y-31.278 E648.44663 F3000
G1 X-24.782 Y-31.295 E648.51569 F3000
G1 X-23.928 Y-31.329 E648.65781 F3000
G1 X-23.820 Y-31.334 E648.67567 F3000
G1 X-23.647 Y-31.338 E648.70444 F3000
G1 X-22.318 Y-31.368 E648.92559 F3000
G1 X-21.403 Y-31.379 E649.07771 F3000
G1 X-20.748 Y-31.387 E649.18662 F3000
G1 X-20.514 Y-31.389 E649.22561 F3000
G1 X-20.372 Y-31.390 E649.24920 F3000
G1 X-20.083 Y-31.391 E649.29724 F3000
G1 X-19.255 Y-31.396 E649.43500 F3000
G1 X-18.795 Y-31.397 E649.51154 F3000
G1 X-18.350 Y-31.398 E649.58541 F3000
G1 X-17.850 Y-31.399 E649.66866 F3000
G1 X-17.378 Y-31.399 E649.74721 F3000
G1 X-16.120 Y-31.399 E649.95637 F3000
G1 X-15.918 Y-31.399 E649.98993 F3000
G1 X-15.825 Y-31.399 E650.00545 F3000
G1 X-15.666 Y-31.399 E650.03193 F3000
G1 X-15.289 Y-31.399 E650.09462 F3000
G1 X-13.334 Y-31.399 E650.41964 F3000
G1 X-12.197 Y-31.399 E650.60872 F3000
G1 X-10.996 Y-31.399 E650.80849 F3000
G1 X-9.983 Y-31.399 E650.97692 F3000
G1 X-8.652 Y-31.399 E651.19828 F3000
G1 X-7.733 Y-31.399 E651.35113 F3000
G1 X-6.455 Y-31.399 E651.56369 F3000
G1 X-5.371 Y-31.399 E651.74398 F3000
G1 X-4.569 Y-31.399 E651.87734 F3000
G1 X-3.626 Y-31.399 E652.03413 F3000
G1 X-2.916 Y-31.399 E652.15217 F3000
G1 X-2.270 Y-31.399 E652.25969 F3000
G1 X-1.419 Y-31.399 E652.40111 F3000
G1 X-0.803 Y-31.399 E652.50350 F3000
G1 X0.000 Y-31.399 E652.63711 F3000
G1 X0.803 Y-31.399 E652.77073 F3000
G1 X1.419 Y-31.399 E652.87312 F3000
G1 X2.270 Y-31.399 E653.01454 F3000
G1 X2.916 Y-31.399 E653.12206 F3000
G1 X3.626 Y-31.399 E653.24009 F3000
G1 X4.569 Y-31.399 E653.39688 F3000
G1 X5.371 Y-31.399 E653.53025 F3000
G1 X6.455 Y-31.399 E653.71053 F3000
G1 X7.733 Y-31.399 E653.92309 F3000
G1 X8.652 Y-31.399 E654.07595 F3000
G1 X9.983 Y-31.399 E654.29731 F3000
G1 X10.996 Y-31.399 E654.46574 F3000
G1 X12.197 Y-31.399 E654.66551 F3000
G1 X13.334 Y-31.399 E654.85458 F3000
G1 X15.289 Y-31.399 E655.17961 F3000
G1 X15.666 Y-31.399 E655.24230 F3000
G1 X15.825 Y-31.399 E655.26878 F3000
G1 X15.918 Y-31.399 E655.28430 F3000
G1 X16.120 Y-31.399 E655.31785 F3000
G1 X17.378 Y-31.399 E655.52701 F3000
G1 X17.850 Y-31.399 E655.60556 F3000
G1 X18.350 Y-31.398 E655.68881 F3000
G1 X18.795 Y-31.397 E655.76269 F3000
G1 X19.255 Y-31.396 E655.83922 F3000
G1 X20.083 Y-31.391 E655.97698 F3000
G1 X20.372 Y-31.390 E656.02503 F3000
G1 X20.514 Y-31.389 E656.04862 F3000
G1 X20.748 Y-31.387 E656.08761 F3000
G1 X21.403 Y-31.379 E656.19652 F3000
G1 X22.318 Y-31.368 E656.34864 F3000
G1 X23.647 Y-31.338 E656.56979 F3000
G1 X23.820 Y-31.334 E656.59855 F3000
G1 X23.928 Y-31.329 E656.61642 F3000
G1 X24.782 Y-31.295 E656.75854 F3000
G1 X25.197 Y-31.278 E656.82759 F3000
G1 X25.276 Y-31.275 E656.84074 F3000
G1 X26.410 Y-31.195 E657.02979 F3000
G1 X26.606 Y-31.182 E657.06260 F3000
G1 X26.785 Y-31.161 E657.09253 F3000
G1 X27.714 Y-31.045 E657.24814 F3000
G1 X27.890 Y-30.993 E657.27869 F3000
G1 X28.618 Y-30.770 E657.40534 F3000
G1 X29.202 Y-30.360 E657.52391 F3000
G1 X29.339 Y-30.265 E657.55175 F3000
G1 X29.792 Y-29.595 E657.68619 F3000
G1 X29.897 Y-29.438 E657.71760 F3000
G1 X29.976 Y-29.193 E657.76041 F3000
G1 X30.312 Y-28.196 E657.93531 F3000
G1 X30.377 Y-27.845 E657.99479 F3000
G1 X30.606 Y-26.681 E658.19200 F3000
G1 X30.747 Y-25.534 E658.38419 F3000
G1 X30.803 Y-25.036 E658.46749 F3000
G1 X30.889 Y-23.958 E658.64742 F3000
G1 X30.927 Y-23.410 E658.73875 F3000
G1 X30.952 Y-22.904 E658.82304 F3000
G1 X31.003 Y-21.953 E658.98135 F3000
G1 X31.017 Y-21.406 E659.07231 F3000
G1 X31.045 Y-20.355 E659.24727 F3000
G1 X31.061 Y-18.879 E659.49265 F3000
G1 X31.067 Y-18.301 E659.58882 F3000
G1 X31.079 Y-16.026 E659.96712 F3000
G1 X31.081 Y-15.476 E660.05864 F3000
G1 X31.084 Y-14.833 E660.16558 F3000
G1 X31.102 Y-11.560 E660.70995 F3000
G1 X31.103 Y-11.345 E660.74571 F3000
G1 X31.111 Y-9.933 E660.98045 F3000
G1 X31.127 Y-7.390 E661.40334 F3000
G1 X31.129 Y-7.128 E661.44701 F3000
G1 X31.131 Y-6.802 E661.50114 F3000
G1 X31.157 Y-2.756 E662.17394 F3000
G1 X31.163 Y-2.063 E662.28932 F3000
G1 X31.182 Y0.967 E662.79313 F3000
G1 X31.192 Y2.724 E663.08534 F3000
G1 X31.198 Y3.445 E663.20526 F3000
G1 X31.204 Y4.500 E663.38079 F3000
G1 X31.208 Y5.006 E663.46490 F3000
G1 X31.211 Y5.334 E663.51935 F3000
G1 X31.217 Y5.984 E663.62746 F3000
G1 X31.221 Y6.231 E663.66860 F3000
G1 X31.230 Y6.713 E663.74879 F3000
G1 X31.244 Y7.254 E663.83872 F3000
G1 X31.251 Y7.531 E663.88485 F3000
G1 X31.269 Y8.089 E663.97769 F3000
G1 X31.277 Y8.375 E664.02531 F3000
G1 X31.286 Y8.649 E664.07093 F3000
G1 X31.304 Y9.184 E664.15986 F3000
G1 X31.312 Y9.425 E664.19997 F3000
G1 X31.330 Y9.895 E664.27818 F3000
G1 X31.343 Y10.259 E664.33882 F3000
G1 X31.350 Y10.446 E664.36993 F3000
G1 X31.361 Y10.758 E664.42177 F3000
G1 X31.366 Y10.917 E664.44835 F3000
G1 X31.372 Y11.077 E664.47491 F3000
G1 X31.383 Y11.388 E664.52670 F3000
G1 X31.389 Y11.575 E664.55772 F3000
G1 X31.403 Y11.938 E664.61821 F3000
G1 X31.420 Y12.407 E664.69616 F3000
G1 X31.428 Y12.647 E664.73613 F3000
G1 X31.453 Y13.216 E664.83090 F3000
G1 X31.464 Y13.509 E664.87968 F3000
G1 X31.480 Y13.855 E664.93717 F3000
G1 X31.515 Y14.521 E665.04808 F3000
G1 X31.538 Y14.922 E665.11495 F3000
G1 X31.586 Y15.676 E665.24055 F3000
G1 X31.648 Y16.498 E665.37770 F3000
G1 X31.681 Y16.970 E665.45629 F3000
G1 X31.749 Y17.809 E665.59636 F3000
G1 X31.787 Y18.327 E665.68268 F3000
G1 X31.825 Y18.856 E665.77098 F3000
G1 X31.891 Y19.673 E665.90717 F3000
G1 X31.925 Y20.182 E665.99210 F3000
G1 X31.980 Y20.933 E666.11734 F3000
G1 X32.019 Y21.593 E666.22722 F3000
G1 X32.042 Y22.035 E666.30082 F3000
G1 X32.056 Y22.606 E666.39578 F3000
G1 X32.062 Y22.963 E666.45529 F3000
G1 X32.045 Y23.238 E666.50100 F3000
G1 X32.024 Y23.705 E666.57873 F3000
G1 X31.981 Y23.893 E666.61077 F3000
G1 X31.913 Y24.244 E666.67036 F3000
G1 X31.786 Y24.463 E666.71250 F3000
G1 X31.714 Y24.568 E666.73361 F3000
G1 X31.449 Y24.679 E666.78142 F3000
G1 X31.315 Y24.730 E666.80522 F3000
G1 X31.085 Y24.747 E666.84352 F3000
G1 X30.605 Y24.784 E666.92371 F3000
G1 X30.247 Y24.784 E666.98326 F3000
G1 X29.471 Y24.784 E667.11220 F3000
G1 X28.325 Y24.784 E667.30285 F3000
G1 X27.804 Y24.784 E667.38954 F3000
G1 X26.437 Y24.784 E667.61686 F3000
G1 X25.818 Y24.784 E667.71980 F3000
; LAYER:17
; Z:17.500
G0 Z17.500 F600
G0 X25.799 Y24.847 F9000
G1 X24.617 Y24.847 E667.91637 F3000
G1 X23.719 Y24.847 E668.06575 F3000
G1 X22.599 Y24.847 E668.25201 F3000
G1 X21.750 Y24.847 E668.39321 F3000
G1 X21.043 Y24.847 E668.51082 F3000
G1 X20.109 Y24.847 E668.66613 F3000
G1 X19.467 Y24.847 E668.77284 F3000
G1 X18.619 Y24.847 E668.91389 F3000
G1 X17.756 Y24.847 E669.05736 F3000
G1 X17.104 Y24.847 E669.16588 F3000
G1 X16.126 Y24.847 E669.32847 F3000
G1 X15.387 Y24.847 E669.45147 F3000
G1 X14.484 Y24.847 E669.60161 F3000
G1 X13.290 Y24.847 E669.80005 F3000
G1 X12.299 Y24.847 E669.96496 F3000
G1 X10.988 Y24.847 E670.18294 F3000
G1 X9.658 Y24.847 E670.40411 F3000
G1 X8.652 Y24.847 E670.57143 F3000
G1 X7.401 Y24.847 E670.77946 F3000
G1 X6.455 Y24.847 E670.93685 F3000
G1 X5.642 Y24.847 E671.07194 F3000
G1 X4.569 Y24.847 E671.25050 F3000
G1 X3.857 Y24.847 E671.36887 F3000
G1 X2.916 Y24.847 E671.52532 F3000
G1 X2.064 Y24.847 E671.66705 F3000
G1 X1.419 Y24.847 E671.77427 F3000
G1 X0.611 Y24.847 E671.90862 F3000
G1 X0.000 Y24.847 E672.01027 F3000
G1 X-0.611 Y24.847 E672.11192 F3000
G1 X-1.419 Y24.847 E672.24627 F3000
G1 X-2.064 Y24.847 E672.35349 F3000
G1 X-2.916 Y24.847 E672.49521 F3000
G1 X-3.857 Y24.847 E672.65167 F3000
G1 X-4.569 Y24.847 E672.77004 F3000
G1 X-5.642 Y24.847 E672.94860 F3000
G1 X-6.455 Y24.847 E673.08369 F3000
G1 X-7.401 Y24.847 E673.24108 F3000
G1 X-8.652 Y24.847 E673.44911 F3000
G1 X-9.658 Y24.847 E673.61643 F3000
G1 X-10.988 Y24.847 E673.83760 F3000
G1 X-12.299 Y24.847 E674.05558 F3000
G1 X-13.290 Y24.847 E674.22048 F3000
G1 X-14.484 Y24.847 E674.41893 F3000
G1 X-15.387 Y24.847 E674.56907 F3000
G1 X-16.126 Y24.847 E674.69207 F3000
G1 X-17.104 Y24.847 E674.85466 F3000
G1 X-17.756 Y24.847 E674.96318 F3000
G1 X-18.619 Y24.847 E675.10665 F3000
G1 X-19.467 Y24.847 E675.24770 F3000
G1 X-20.109 Y24.847 E675.35441 F3000
G1 X-21.043 Y24.847 E675.50972 F3000
G1 X-21.750 Y24.847 E675.62733 F3000
G1 X-22.599 Y24.847 E675.76853 F3000
G1 X-23.719 Y24.847 E675.95479 F3000
G1 X-24.617 Y24.847 E676.10417 F3000
G1 X-25.799 Y24.847 E676.30074 F3000
G1 X-26.920 Y24.847 E676.48709 F3000
G1 X-27.774 Y24.847 E676.62912 F3000
G1 X-28.713 Y24.847 E676.78519 F3000
G1 X-29.426 Y24.847 E676.90388 F3000
G1 X-29.904 Y24.847 E676.98341 F3000
G1 X-30.539 Y24.847 E677.08899 F3000
G1 X-30.831 Y24.824 E677.13761 F3000
G1 X-31.227 Y24.793 E677.20376 F3000
G1 X-31.451 Y24.699 E677.24408 F3000
G1 X-31.605 Y24.631 E677.27206 F3000
G1 X-31.718 Y24.438 E677.30928 F3000
G1 X-31.786 Y24.307 E677.33381 F3000
G1 X-31.821 Y24.103 E677.36833 F3000
G1 X-31.886 Y23.767 E677.42512 F3000
G1 X-31.895 Y23.514 E677.46729 F3000
G1 X-31.917 Y23.025 E677.54872 F3000
G1 X-31.901 Y22.362 E677.65888 F3000
G1 X-31.893 Y22.093 E677.70372 F3000
G1 X-31.845 Y21.279 E677.83936 F3000
G1 X-31.826 Y20.985 E677.88823 F3000
G1 X-31.801 Y20.656 E677.94324 F3000
G1 X-31.731 Y19.715 E678.10005 F3000
G1 X-31.701 Y19.349 E678.16124 F3000
G1 X-31.621 Y18.358 E678.32652 F3000
G1 X-31.544 Y17.413 E678.48418 F3000
G1 X-31.508 Y16.989 E678.55489 F3000
G1 X-31.442 Y16.124 E678.69920 F3000
G1 X-31.408 Y15.686 E678.77228 F3000
G1 X-31.381 Y15.283 E678.83953 F3000
G1 X-31.333 Y14.525 E678.96576 F3000
G1 X-31.313 Y14.160 E679.02661 F3000
G1 X-31.279 Y13.511 E679.13469 F3000
G1 X-31.255 Y12.964 E679.22565 F3000
G1 X-31.241 Y12.647 E679.27843 F3000
G1 X-31.224 Y12.199 E679.35308 F3000
G1 X-31.214 Y11.938 E679.39638 F3000
G1 X-31.206 Y11.737 E679.42988 F3000
G1 X-31.193 Y11.388 E679.48791 F3000
G1 X-31.186 Y11.216 E679.51656 F3000
G1 X-31.175 Y10.917 E679.56628 F3000
G1 X-31.164 Y10.618 E679.61604 F3000
G1 X-31.157 Y10.446 E679.64471 F3000
G1 X-31.144 Y10.096 E679.70297 F3000
G1 X-31.137 Y9.895 E679.73647 F3000
G1 X-31.127 Y9.636 E679.77951 F3000
G1 X-31.110 Y9.184 E679.85479 F3000
G1 X-31.099 Y8.890 E679.90364 F3000
G1 X-31.081 Y8.375 E679.98935 F3000
G1 X-31.064 Y7.837 E680.07883 F3000
G1 X-31.053 Y7.531 E680.12982 F3000
G1 X-31.039 Y7.009 E680.21659 F3000
G1 X-31.031 Y6.713 E680.26588 F3000
G1 X-31.026 Y6.450 E680.30973 F3000
G1 X-31.018 Y5.984 E680.38721 F3000
G1 X-31.015 Y5.629 E680.44616 F3000
G1 X-31.009 Y5.010 E680.54916 F3000
G1 X-31.004 Y4.073 E680.70496 F3000
G1 X-31.001 Y3.460 E680.80697 F3000
G1 X-30.994 Y2.109 E681.03151 F3000
G1 X-30.989 Y1.003 E681.21556 F3000
G1 X-30.980 Y-0.953 E681.54085 F3000
G1 X-30.970 Y-2.687 E681.82920 F3000
G1 X-30.957 Y-5.583 E682.31071 F3000
G1 X-30.949 Y-7.023 E682.55031 F3000
G1 X-30.943 Y-8.105 E682.73015 F3000
G1 X-30.929 Y-11.425 E683.28236 F3000
G1 X-30.926 Y-11.974 E683.37360 F3000
G1 X-30.912 Y-15.319 E683.92997 F3000
G1 X-30.903 Y-17.535 E684.29839 F3000
G1 X-30.901 Y-18.084 E684.38966 F3000
G1 X-30.901 Y-18.137 E684.39857 F3000
G1 X-30.885 Y-20.041 E684.71513 F3000
G1 X-30.884 Y-20.197 E684.74113 F3000
G1 X-30.881 Y-20.328 E684.76292 F3000
G1 X-30.846 Y-21.810 E685.00951 F3000
G1 X-30.838 Y-21.965 E685.03518 F3000
G1 X-30.774 Y-23.290 E685.25592 F3000
G1 X-30.663 Y-24.854 E685.51654 F3000
G1 X-30.657 Y-24.948 E685.53235 F3000
G1 X-30.478 Y-26.538 E685.79834 F3000
G1 X-30.468 Y-26.625 E685.81298 F3000
G1 X-30.467 Y-26.632 E685.81417 F3000
G1 X-30.181 Y-28.179 E686.07568 F3000
G1 X-30.163 Y-28.234 E686.08532 F3000
G1 X-29.771 Y-29.447 E686.29732 F3000
G1 X-29.252 Y-30.225 E686.45292 F3000
G1 X-29.211 Y-30.285 E686.46487 F3000
G1 X-28.533 Y-30.758 E686.60245 F3000
G1 X-28.486 Y-30.791 E686.61190 F3000
G1 X-28.428 Y-30.808 E686.62199 F3000
G1 X-27.578 Y-31.061 E686.76944 F3000
G1 X-27.506 Y-31.070 E686.78158 F3000
G1 X-26.470 Y-31.192 E686.95497 F3000
G1 X-25.330 Y-31.267 E687.14505 F3000
G1 X-25.145 Y-31.280 E687.17588 F3000
G1 X-24.058 Y-31.323 E687.35686 F3000
G1 X-23.720 Y-31.336 E687.41310 F3000
G1 X-23.135 Y-31.349 E687.51036 F3000
G1 X-22.289 Y-31.368 E687.65112 F3000
G1 X-21.087 Y-31.383 E687.85095 F3000
G1 X-20.976 Y-31.384 E687.86950 F3000
G1 X-20.930 Y-31.385 E687.87716 F3000
G1 X-20.881 Y-31.385 E687.88524 F3000
G1 X-20.198 Y-31.392 E687.99887 F3000
G1 X-19.724 Y-31.395 E688.07766 F3000
G1 X-19.628 Y-31.395 E688.09357 F3000
G1 X-18.971 Y-31.396 E688.20281 F3000
G1 X-18.753 Y-31.397 E688.23919 F3000
G1 X-18.307 Y-31.398 E688.31331 F3000
G1 X-17.783 Y-31.398 E688.40042 F3000
G1 X-17.586 Y-31.398 E688.43326 F3000
G1 X-17.109 Y-31.399 E688.51262 F3000
G1 X-16.682 Y-31.399 E688.58350 F3000
G1 X-16.153 Y-31.399 E688.67153 F3000
G1 X-15.250 Y-31.399 E688.82164 F3000
G1 X-13.776 Y-31.399 E689.06689 F3000
G1 X-13.256 Y-31.397 E689.15327 F3000
G1 X-13.073 Y-31.396 E689.18380 F3000
G1 X-10.975 Y-31.393 E689.53268 F3000
G1 X-9.218 Y-31.392 E689.82473 F3000
G1 X-8.652 Y-31.392 E689.91896 F3000
G1 X-6.980 Y-31.392 E690.19703 F3000
G1 X-6.455 Y-31.392 E690.28437 F3000
G1 X-6.015 Y-31.392 E690.35756 F3000
G1 X-4.569 Y-31.392 E690.59801 F3000
G1 X-4.198 Y-31.392 E690.65959 F3000
G1 X-2.916 Y-31.393 E690.87284 F3000
G1 X-1.740 Y-31.393 E691.06841 F3000
G1 X-1.419 Y-31.393 E691.12178 F3000
G1 X-0.300 Y-31.393 E691.30780 F3000
G1 X0.000 Y-31.393 E691.35778 F3000
G1 X0.301 Y-31.393 E691.40775 F3000
G1 X1.419 Y-31.393 E691.59378 F3000
G1 X1.740 Y-31.393 E691.64715 F3000
G1 X2.916 Y-31.393 E691.84272 F3000
G1 X4.198 Y-31.392 E692.05596 F3000
G1 X4.569 Y-31.392 E692.11754 F3000
G1 X6.015 Y-31.392 E692.35799 F3000
G1 X6.455 Y-31.392 E692.43119 F3000
G1 X6.980 Y-31.392 E692.51853 F3000
G1 X8.652 Y-31.392 E692.79660 F3000
G1 X9.219 Y-31.392 E692.89082 F3000
G1 X10.975 Y-31.393 E693.18288 F3000
G1 X13.073 Y-31.396 E693.53175 F3000
G1 X13.256 Y-31.397 E693.56229 F3000
G1 X13.776 Y-31.399 E693.64866 F3000
G1 X15.250 Y-31.399 E693.89391 F3000
G1 X16.153 Y-31.399 E694.04402 F3000
G1 X16.682 Y-31.399 E694.13205 F3000
G1 X17.109 Y-31.399 E694.20293 F3000
G1 X17.586 Y-31.398 E694.28229 F3000
G1 X17.783 Y-31.398 E694.31513 F3000
G1 X18.307 Y-31.398 E694.40225 F3000
G1 X18.753 Y-31.397 E694.47636 F3000
G1 X18.971 Y-31.396 E694.51274 F3000
G1 X19.628 Y-31.395 E694.62198 F3000
G1 X19.724 Y-31.395 E694.63789 F3000
G1 X20.198 Y-31.392 E694.71668 F3000
G1 X20.881 Y-31.385 E694.83031 F3000
G1 X20.930 Y-31.385 E694.83839 F3000
G1 X20.976 Y-31.384 E694.84605 F3000
G1 X21.087 Y-31.383 E694.86461 F3000
G1 X22.289 Y-31.368 E695.06443 F3000
G1 X23.135 Y-31.349 E695.20519 F3000
G1 X23.720 Y-31.336 E695.30245 F3000
G1 X24.058 Y-31.323 E695.35869 F3000
G1 X25.145 Y-31.280 E695.53967 F3000
G1 X25.330 Y-31.267 E695.57050 F3000
G1 X26.470 Y-31.192 E695.76058 F3000
G1 X27.506 Y-31.070 E695.93398 F3000
G1 X27.578 Y-31.061 E695.94611 F3000
G1 X28.428 Y-30.808 E696.09356 F3000
G1 X28.486 Y-30.791 E696.10365 F3000
G1 X28.533 Y-30.758 E696.11311 F3000
G1 X29.211 Y-30.285 E696.25068 F3000
G1 X29.252 Y-30.225 E696.26263 F3000
G1 X29.771 Y-29.447 E696.41824 F3000
G1 X30.163 Y-28.234 E696.63024 F3000
G1 X30.181 Y-28.179 E696.63988 F3000
G1 X30.467 Y-26.632 E696.90139 F3000
G1 X30.468 Y-26.625 E696.90258 F3000
G1 X30.478 Y-26.538 E696.91724 F3000
G1 X30.657 Y-24.948 E697.18320 F3000
G1 X30.663 Y-24.854 E697.19901 F3000
G1 X30.774 Y-23.290 E697.45963 F3000
G1 X30.838 Y-21.965 E697.68037 F3000
G1 X30.846 Y-21.810 E697.70605 F3000
G1 X30.881 Y-20.328 E697.95263 F3000
G1 X30.884 Y-20.197 E697.97442 F3000
G1 X30.885 Y-20.041 E698.00042 F3000
G1 X30.901 Y-18.137 E698.31698 F3000
G1 X30.901 Y-18.084 E698.32589 F3000
G1 X30.903 Y-17.535 E698.41717 F3000
G1 X30.912 Y-15.319 E698.78558 F3000
G1 X30.926 Y-11.974 E699.34195 F3000
G1 X30.929 Y-11.425 E699.43319 F3000
G1 X30.943 Y-8.105 E699.98540 F3000
G1 X30.949 Y-7.023 E700.16525 F3000
G1 X30.957 Y-5.583 E700.40484 F3000
G1 X30.970 Y-2.687 E700.88635 F3000
G1 X30.980 Y-0.953 E701.17471 F3000
G1 X30.989 Y1.003 E701.50000 F3000
G1 X30.994 Y2.109 E701.68404 F3000
G1 X31.001 Y3.460 E701.90859 F3000
G1 X31.004 Y4.073 E702.01060 F3000
G1 X31.009 Y5.010 E702.16639 F3000
G1 X31.015 Y5.629 E702.26939 F3000
G1 X31.018 Y5.984 E702.32834 F3000
G1 X31.026 Y6.450 E702.40583 F3000
G1 X31.031 Y6.713 E702.44967 F3000
G1 X31.039 Y7.009 E702.49897 F3000
G1 X31.053 Y7.531 E702.58573 F3000
G1 X31.064 Y7.837 E702.63673 F3000
G1 X31.081 Y8.375 E702.72621 F3000
G1 X31.099 Y8.890 E702.81192 F3000
G1 X31.110 Y9.184 E702.86077 F3000
G1 X31.127 Y9.636 E702.93604 F3000
G1 X31.137 Y9.895 E702.97909 F3000
G1 X31.144 Y10.096 E703.01258 F3000
G1 X31.157 Y10.446 E703.07084 F3000
G1 X31.164 Y10.618 E703.09951 F3000
G1 X31.175 Y10.917 E703.14928 F3000
G1 X31.186 Y11.216 E703.19900 F3000
G1 X31.193 Y11.388 E703.22764 F3000
G1 X31.206 Y11.737 E703.28568 F3000
G1 X31.214 Y11.938 E703.31917 F3000
G1 X31.224 Y12.199 E703.36247 F3000
G1 X31.241 Y12.647 E703.43712 F3000
G1 X31.255 Y12.964 E703.48990 F3000
G1 X31.279 Y13.511 E703.58087 F3000
G1 X31.313 Y14.160 E703.68894 F3000
G1 X31.333 Y14.525 E703.74979 F3000
G1 X31.381 Y15.283 E703.87602 F3000
G1 X31.408 Y15.686 E703.94327 F3000
G1 X31.442 Y16.124 E704.01635 F3000
G1 X31.508 Y16.989 E704.16066 F3000
G1 X31.544 Y17.413 E704.23137 F3000
G1 X31.621 Y18.358 E704.38903 F3000
G1 X31.701 Y19.349 E704.55431 F3000
G1 X31.731 Y19.715 E704.61550 F3000
G1 X31.801 Y20.656 E704.77231 F3000
G1 X31.826 Y20.985 E704.82733 F3000
G1 X31.845 Y21.279 E704.87620 F3000
G1 X31.893 Y22.093 E705.01183 F3000
G1 X31.901 Y22.362 E705.05668 F3000
G1 X31.917 Y23.025 E705.16684 F3000
G1 X31.895 Y23.514 E705.24827 F3000
G1 X31.886 Y23.767 E705.29044 F3000
G1 X31.821 Y24.103 E705.34723 F3000
G1 X31.786 Y24.307 E705.38174 F3000
G1 X31.718 Y24.438 E705.40627 F3000
G1 X31.605 Y24.631 E705.44349 F3000
G1 X31.451 Y24.699 E705.47147 F3000
G1 X31.227 Y24.793 E705.51179 F3000
G1 X30.831 Y24.824 E705.57794 F3000
G1 X30.539 Y24.847 E705.62656 F3000
G1 X29.904 Y24.847 E705.73215 F3000
G1 X29.426 Y24.847 E705.81167 F3000
G1 X28.713 Y24.847 E705.93036 F3000
G1 X27.774 Y24.847 E706.08644 F3000
G1 X26.920 Y24.847 E706.22846 F3000
G1 X25.799 Y24.847 E706.41482 F3000
; LAYER:18
; Z:18.500
G0 Z18.500 F600
G0 X23.709 Y24.913 F9000
G1 X24.340 Y24.913 E706.51973 F3000
G1 X25.781 Y24.913 E706.75944 F3000
G1 X27.148 Y24.913 E706.98670 F3000
G1 X27.744 Y24.913 E707.08593 F3000
G1 X28.884 Y24.913 E707.27538 F3000
G1 X29.381 Y24.913 E707.35811 F3000
G1 X29.714 Y24.913 E707.41355 F3000
G1 X30.474 Y24.913 E707.53982 F3000
G1 X30.680 Y24.896 E707.57419 F3000
G1 X31.139 Y24.859 E707.65087 F3000
G1 X31.377 Y24.750 E707.69433 F3000
G1 X31.495 Y24.697 E707.71587 F3000
G1 X31.597 Y24.489 E707.75439 F3000
G1 X31.658 Y24.373 E707.77622 F3000
G1 X31.695 Y24.156 E707.81277 F3000
G1 X31.746 Y23.832 E707.86724 F3000
G1 X31.758 Y23.476 E707.92657 F3000
G1 X31.770 Y23.088 E707.99104 F3000
G1 X31.757 Y22.673 E708.06015 F3000
G1 X31.741 Y22.153 E708.14665 F3000
G1 X31.714 Y21.726 E708.21788 F3000
G1 X31.671 Y21.039 E708.33226 F3000
G1 X31.608 Y20.221 E708.46871 F3000
G1 X31.572 Y19.759 E708.54585 F3000
G1 X31.500 Y18.896 E708.68979 F3000
G1 X31.457 Y18.389 E708.77438 F3000
G1 X31.414 Y17.881 E708.85926 F3000
G1 X31.341 Y17.009 E709.00475 F3000
G1 X31.300 Y16.491 E709.09116 F3000
G1 X31.237 Y15.696 E709.22378 F3000
G1 X31.192 Y15.028 E709.33520 F3000
G1 X31.159 Y14.529 E709.41823 F3000
G1 X31.128 Y13.949 E709.51489 F3000
G1 X31.104 Y13.512 E709.58766 F3000
G1 X31.087 Y13.148 E709.64820 F3000
G1 X31.064 Y12.647 E709.73159 F3000
G1 X31.053 Y12.352 E709.78068 F3000
G1 X31.036 Y11.939 E709.84957 F3000
G1 X31.024 Y11.616 E709.90329 F3000
G1 X31.015 Y11.388 E709.94113 F3000
G1 X31.004 Y11.110 E709.98747 F3000
G1 X30.996 Y10.918 E710.01950 F3000
G1 X30.989 Y10.728 E710.05108 F3000
G1 X30.978 Y10.446 E710.09794 F3000
G1 X30.970 Y10.227 E710.13446 F3000
G1 X30.958 Y9.895 E710.18969 F3000
G1 X30.941 Y9.465 E710.26127 F3000
G1 X30.931 Y9.184 E710.30801 F3000
G1 X30.913 Y8.690 E710.39024 F3000
G1 X30.903 Y8.375 E710.44257 F3000
G1 X30.893 Y8.054 E710.49596 F3000
G1 X30.875 Y7.531 E710.58304 F3000
G1 X30.868 Y7.224 E710.63405 F3000
G1 X30.854 Y6.713 E710.71910 F3000
G1 X30.845 Y6.256 E710.79521 F3000
G1 X30.840 Y5.984 E710.84043 F3000
G1 X30.835 Y5.381 E710.94071 F3000
G1 X30.833 Y5.013 E711.00184 F3000
G1 X30.831 Y4.407 E711.10271 F3000
G1 X30.827 Y3.472 E711.25807 F3000
G1 X30.824 Y2.381 E711.43956 F3000
G1 X30.821 Y1.033 E711.66371 F3000
G1 X30.816 Y-0.599 E711.93515 F3000
G1 X30.810 Y-2.630 E712.27297 F3000
G1 X30.805 Y-4.075 E712.51328 F3000
G1 X30.796 Y-6.940 E712.98973 F3000
G1 X30.785 Y-10.648 E713.60629 F3000
G1 X30.782 Y-11.322 E713.71840 F3000
G1 X30.771 Y-15.094 E714.34573 F3000
G1 X30.770 Y-15.204 E714.36395 F3000
G1 X30.770 Y-15.266 E714.37434 F3000
G1 X30.767 Y-16.142 E714.51995 F3000
G1 X30.764 Y-17.869 E714.80724 F3000
G1 X30.764 Y-18.019 E714.83208 F3000
G1 X30.751 Y-19.861 E715.13837 F3000
G1 X30.749 Y-20.080 E715.17493 F3000
G1 X30.745 Y-20.270 E715.20651 F3000
G1 X30.713 Y-21.702 E715.44472 F3000
G1 X30.704 Y-21.913 E715.47984 F3000
G1 X30.644 Y-23.199 E715.69386 F3000
G1 X30.543 Y-24.708 E715.94533 F3000
G1 X30.531 Y-24.883 E715.97460 F3000
G1 X30.356 Y-26.501 E716.24525 F3000
G1 X30.346 Y-26.595 E716.26096 F3000
G1 X30.330 Y-26.680 E716.27524 F3000
G1 X30.062 Y-28.176 E716.52802 F3000
G1 X29.663 Y-29.436 E716.74780 F3000
G1 X29.638 Y-29.491 E716.75786 F3000
G1 X29.091 Y-30.317 E716.92260 F3000
G1 X29.071 Y-30.331 E716.92665 F3000
G1 X28.362 Y-30.823 E717.07022 F3000
G1 X27.454 Y-31.086 E717.22745 F3000
G1 X26.347 Y-31.210 E717.41271 F3000
G1 X26.332 Y-31.211 E717.41520 F3000
G1 X25.019 Y-31.293 E717.63405 F3000
G1 X24.956 Y-31.296 E717.64446 F3000
G1 X23.613 Y-31.345 E717.86798 F3000
G1 X22.484 Y-31.369 E718.05577 F3000
G1 X22.249 Y-31.374 E718.09479 F3000
G1 X21.412 Y-31.384 E718.23400 F3000
G1 X21.057 Y-31.388 E718.29301 F3000
G1 X20.433 Y-31.393 E718.39685 F3000
G1 X20.185 Y-31.395 E718.43809 F3000
G1 X19.943 Y-31.396 E718.47835 F3000
G1 X19.749 Y-31.396 E718.51057 F3000
G1 X19.550 Y-31.396 E718.54374 F3000
G1 X19.376 Y-31.394 E718.57273 F3000
G1 X19.266 Y-31.391 E718.59101 F3000
G1 X18.857 Y-31.385 E718.65890 F3000
G1 X18.649 Y-31.384 E718.69358 F3000
G1 X18.289 Y-31.386 E718.75348 F3000
G1 X18.243 Y-31.386 E718.76106 F3000
G1 X18.194 Y-31.386 E718.76923 F3000
G1 X17.829 Y-31.378 E718.82997 F3000
G1 X17.572 Y-31.380 E718.87264 F3000
G1 X17.054 Y-31.385 E718.95892 F3000
G1 X17.023 Y-31.385 E718.96398 F3000
G1 X16.616 Y-31.372 E719.03178 F3000
G1 X16.149 Y-31.376 E719.10938 F3000
G1 X16.098 Y-31.375 E719.11786 F3000
G1 X15.864 Y-31.374 E719.15677 F3000
G1 X14.925 Y-31.348 E719.31298 F3000
G1 X13.865 Y-31.337 E719.48927 F3000
G1 X13.111 Y-31.333 E719.61466 F3000
G1 X11.965 Y-31.329 E719.80525 F3000
G1 X10.942 Y-31.328 E719.97538 F3000
G1 X9.887 Y-31.329 E720.15089 F3000
G1 X8.651 Y-31.328 E720.35637 F3000
G1 X7.658 Y-31.330 E720.52146 F3000
G1 X6.454 Y-31.331 E720.72174 F3000
G1 X5.367 Y-31.332 E720.90246 F3000
G1 X4.568 Y-31.333 E721.03535 F3000
G1 X3.581 Y-31.334 E721.19959 F3000
G1 X2.916 Y-31.335 E721.31015 F3000
G1 X2.333 Y-31.336 E721.40709 F3000
G1 X1.419 Y-31.336 E721.55906 F3000
G1 X0.879 Y-31.337 E721.64884 F3000
G1 X0.000 Y-31.337 E721.79504 F3000
G1 X-0.879 Y-31.337 E721.94124 F3000
G1 X-1.419 Y-31.336 E722.03102 F3000
G1 X-2.333 Y-31.336 E722.18299 F3000
G1 X-2.916 Y-31.335 E722.27994 F3000
G1 X-3.581 Y-31.334 E722.39049 F3000
G1 X-4.568 Y-31.333 E722.55473 F3000
G1 X-5.367 Y-31.332 E722.68762 F3000
G1 X-6.454 Y-31.331 E722.86835 F3000
G1 X-7.658 Y-31.330 E723.06863 F3000
G1 X-8.651 Y-31.328 E723.23372 F3000
G1 X-9.887 Y-31.329 E723.43920 F3000
G1 X-10.942 Y-31.328 E723.61470 F3000
G1 X-11.965 Y-31.329 E723.78484 F3000
G1 X-13.111 Y-31.333 E723.97543 F3000
G1 X-13.865 Y-31.337 E724.10081 F3000
G1 X-14.925 Y-31.348 E724.27710 F3000
G1 X-15.864 Y-31.374 E724.43331 F3000
G1 X-16.098 Y-31.375 E724.47222 F3000
G1 X-16.149 Y-31.376 E724.48070 F3000
G1 X-16.616 Y-31.372 E724.55830 F3000
G1 X-17.004 Y-31.385 E724.62292 F3000
G1 X-17.054 Y-31.385 E724.63117 F3000
G1 X-17.572 Y-31.380 E724.71745 F3000
G1 X-17.829 Y-31.378 E724.76012 F3000
G1 X-18.194 Y-31.386 E724.82086 F3000
G1 X-18.243 Y-31.386 E724.82902 F3000
G1 X-18.289 Y-31.386 E724.83661 F3000
G1 X-18.649 Y-31.384 E724.89651 F3000
G1 X-18.857 Y-31.385 E724.93118 F3000
G1 X-19.266 Y-31.391 E724.99907 F3000
G1 X-19.376 Y-31.394 E725.01736 F3000
G1 X-19.550 Y-31.396 E725.04634 F3000
G1 X-19.749 Y-31.396 E725.07951 F3000
G1 X-19.943 Y-31.396 E725.11174 F3000
G1 X-20.185 Y-31.395 E725.15200 F3000
G1 X-20.433 Y-31.393 E725.19324 F3000
G1 X-21.057 Y-31.388 E725.29707 F3000
G1 X-21.412 Y-31.384 E725.35609 F3000
G1 X-22.249 Y-31.374 E725.49529 F3000
G1 X-22.484 Y-31.369 E725.53432 F3000
G1 X-23.613 Y-31.345 E725.72211 F3000
G1 X-24.956 Y-31.296 E725.94563 F3000
G1 X-25.019 Y-31.293 E725.95603 F3000
G1 X-26.332 Y-31.211 E726.17488 F3000
G1 X-26.347 Y-31.210 E726.17738 F3000
G1 X-27.450 Y-31.087 E726.36197 F3000
G1 X-27.454 Y-31.086 E726.36264 F3000
G1 X-28.362 Y-30.823 E726.51988 F3000
G1 X-29.071 Y-30.331 E726.66345 F3000
G1 X-29.091 Y-30.317 E726.66750 F3000
G1 X-29.638 Y-29.491 E726.83223 F3000
G1 X-29.653 Y-29.468 E726.83671 F3000
G1 X-29.663 Y-29.436 E726.84239 F3000
G1 X-30.051 Y-28.209 E727.05628 F3000
G1 X-30.330 Y-26.680 E727.31491 F3000
G1 X-30.345 Y-26.595 E727.32918 F3000
G1 X-30.356 Y-26.501 E727.34490 F3000
G1 X-30.531 Y-24.883 E727.61554 F3000
G1 X-30.543 Y-24.708 E727.64481 F3000
G1 X-30.644 Y-23.199 E727.89628 F3000
G1 X-30.704 Y-21.913 E728.11030 F3000
G1 X-30.713 Y-21.702 E728.14542 F3000
G1 X-30.745 Y-20.270 E728.38364 F3000
G1 X-30.749 Y-20.080 E728.41521 F3000
G1 X-30.751 Y-19.861 E728.45178 F3000
G1 X-30.764 Y-18.019 E728.75806 F3000
G1 X-30.764 Y-17.869 E728.78290 F3000
G1 X-30.767 Y-16.142 E729.07019 F3000
G1 X-30.770 Y-15.266 E729.21580 F3000
G1 X-30.770 Y-15.204 E729.22619 F3000
G1 X-30.771 Y-15.094 E729.24441 F3000
G1 X-30.782 Y-11.322 E729.87174 F3000
G1 X-30.785 Y-10.648 E729.98385 F3000
G1 X-30.796 Y-6.940 E730.60041 F3000
G1 X-30.805 Y-4.075 E731.07686 F3000
G1 X-30.810 Y-2.630 E731.31717 F3000
G1 X-30.816 Y-0.599 E731.65500 F3000
G1 X-30.821 Y1.033 E731.92644 F3000
G1 X-30.824 Y2.381 E732.15058 F3000
G1 X-30.827 Y3.472 E732.33207 F3000
G1 X-30.831 Y4.407 E732.48743 F3000
G1 X-30.833 Y5.013 E732.58830 F3000
G1 X-30.835 Y5.381 E732.64943 F3000
G1 X-30.840 Y5.984 E732.74971 F3000
G1 X-30.845 Y6.256 E732.79493 F3000
G1 X-30.854 Y6.713 E732.87104 F3000
G1 X-30.868 Y7.224 E732.95609 F3000
G1 X-30.875 Y7.531 E733.00710 F3000
G1 X-30.893 Y8.054 E733.09419 F3000
G1 X-30.903 Y8.375 E733.14757 F3000
G1 X-30.913 Y8.690 E733.19990 F3000
G1 X-30.931 Y9.184 E733.28213 F3000
G1 X-30.941 Y9.465 E733.32887 F3000
G1 X-30.958 Y9.895 E733.40045 F3000
G1 X-30.970 Y10.227 E733.45568 F3000
G1 X-30.978 Y10.446 E733.49220 F3000
G1 X-30.989 Y10.728 E733.53906 F3000
G1 X-30.996 Y10.918 E733.57064 F3000
G1 X-31.004 Y11.110 E733.60267 F3000
G1 X-31.015 Y11.388 E733.64902 F3000
G1 X-31.024 Y11.616 E733.68685 F3000
G1 X-31.036 Y11.939 E733.74057 F3000
G1 X-31.053 Y12.352 E733.80946 F3000
G1 X-31.064 Y12.647 E733.85855 F3000
G1 X-31.087 Y13.148 E733.94194 F3000
G1 X-31.104 Y13.512 E734.00248 F3000
G1 X-31.128 Y13.949 E734.07526 F3000
G1 X-31.159 Y14.529 E734.17191 F3000
G1 X-31.192 Y15.028 E734.25495 F3000
G1 X-31.237 Y15.696 E734.36637 F3000
G1 X-31.300 Y16.491 E734.49898 F3000
G1 X-31.341 Y17.009 E734.58540 F3000
G1 X-31.414 Y17.881 E734.73088 F3000
G1 X-31.457 Y18.389 E734.81577 F3000
G1 X-31.500 Y18.896 E734.90035 F3000
G1 X-31.572 Y19.759 E735.04429 F3000
G1 X-31.608 Y20.221 E735.12143 F3000
G1 X-31.671 Y21.039 E735.25788 F3000
G1 X-31.714 Y21.726 E735.37226 F3000
G1 X-31.741 Y22.153 E735.44350 F3000
G1 X-31.757 Y22.673 E735.52999 F3000
G1 X-31.770 Y23.088 E735.59911 F3000
G1 X-31.758 Y23.476 E735.66357 F3000
G1 X-31.746 Y23.832 E735.72290 F3000
G1 X-31.695 Y24.156 E735.77738 F3000
G1 X-31.658 Y24.373 E735.81393 F3000
G1 X-31.597 Y24.489 E735.83576 F3000
G1 X-31.495 Y24.697 E735.87428 F3000
G1 X-31.377 Y24.750 E735.89581 F3000
G1 X-31.139 Y24.859 E735.93927 F3000
G1 X-30.680 Y24.896 E736.01595 F3000
G1 X-30.474 Y24.913 E736.05032 F3000
G1 X-29.714 Y24.913 E736.17659 F3000
G1 X-29.381 Y24.913 E736.23203 F3000
G1 X-28.884 Y24.913 E736.31476 F3000
G1 X-27.744 Y24.913 E736.50422 F3000
G1 X-27.148 Y24.913 E736.60344 F3000
G1 X-25.781 Y24.913 E736.83070 F3000
G1 X-24.340 Y24.913 E737.07041 F3000
G1 X-23.709 Y24.913 E737.17533 F3000
G1 X-22.344 Y24.913 E737.40230 F3000
G1 X-21.745 Y24.913 E737.50192 F3000
G1 X-21.245 Y24.913 E737.58513 F3000
G1 X-20.107 Y24.913 E737.77433 F3000
G1 X-19.652 Y24.913 E737.84999 F3000
G1 X-18.619 Y24.913 E738.02183 F3000
G1 X-17.567 Y24.913 E738.19671 F3000
G1 X-17.104 Y24.913 E738.27373 F3000
G1 X-15.912 Y24.913 E738.47200 F3000
G1 X-15.387 Y24.913 E738.55932 F3000
G1 X-14.746 Y24.913 E738.66590 F3000
G1 X-13.290 Y24.913 E738.90791 F3000
G1 X-12.587 Y24.913 E739.02497 F3000
G1 X-10.988 Y24.913 E739.29079 F3000
G1 X-9.366 Y24.913 E739.56050 F3000
G1 X-8.652 Y24.913 E739.67928 F3000
G1 X-7.127 Y24.913 E739.93297 F3000
G1 X-6.455 Y24.913 E740.04470 F3000
G1 X-5.878 Y24.913 E740.14060 F3000
G1 X-4.569 Y24.913 E740.35835 F3000
G1 X-4.063 Y24.913 E740.44238 F3000
G1 X-2.916 Y24.913 E740.63318 F3000
G1 X-1.877 Y24.913 E740.80601 F3000
G1 X-1.419 Y24.913 E740.88212 F3000
G1 X-0.434 Y24.913 E741.04596 F3000
G1 X0.000 Y24.913 E741.11812 F3000
G1 X0.434 Y24.913 E741.19028 F3000
G1 X1.419 Y24.913 E741.35412 F3000
G1 X1.877 Y24.913 E741.43024 F3000
G1 X2.916 Y24.913 E741.60307 F3000
G1 X4.063 Y24.913 E741.79387 F3000
G1 X4.569 Y24.913 E741.87789 F3000
G1 X5.878 Y24.913 E742.09565 F3000
G1 X6.455 Y24.913 E742.19154 F3000
G1 X7.127 Y24.913 E742.30327 F3000
G1 X8.652 Y24.913 E742.55696 F3000
G1 X9.366 Y24.913 E742.67574 F3000
G1 X10.988 Y24.913 E742.94546 F3000
G1 X12.587 Y24.913 E743.21127 F3000
G1 X13.290 Y24.913 E743.32834 F3000
G1 X14.746 Y24.913 E743.57034 F3000
G1 X15.387 Y24.913 E743.67692 F3000
G1 X15.912 Y24.913 E743.76424 F3000
G1 X17.104 Y24.913 E743.96251 F3000
G1 X17.567 Y24.913 E744.03953 F3000
G1 X18.619 Y24.913 E744.21441 F3000
G1 X19.652 Y24.913 E744.38626 F3000
G1 X20.107 Y24.913 E744.46192 F3000
G1 X21.245 Y24.913 E744.65111 F3000
G1 X21.745 Y24.913 E744.73432 F3000
G1 X22.344 Y24.913 E744.83394 F3000
G1 X23.709 Y24.913 E745.06092 F3000
; LAYER:19
; Z:19.500
G0 Z19.500 F600
G0 X25.770 Y24.987 F9000
G1 X25.559 Y24.987 E745.09598 F3000
G1 X23.702 Y24.987 E745.40474 F3000
G1 X23.502 Y24.987 E745.43804 F3000
G1 X21.742 Y24.987 E745.73081 F3000
G1 X20.273 Y24.987 E745.97506 F3000
G1 X20.106 Y24.987 E746.00290 F3000
G1 X18.771 Y24.987 E746.22493 F3000
G1 X18.618 Y24.987 E746.25024 F3000
G1 X18.463 Y24.987 E746.27602 F3000
G1 X17.104 Y24.987 E746.50209 F3000
G1 X16.928 Y24.987 E746.53132 F3000
G1 X15.387 Y24.987 E746.78768 F3000
G1 X13.505 Y24.987 E747.10059 F3000
G1 X13.290 Y24.987 E747.13627 F3000
G1 X11.224 Y24.987 E747.47996 F3000
G1 X10.988 Y24.987 E747.51915 F3000
G1 X10.749 Y24.987 E747.55891 F3000
G1 X8.652 Y24.987 E747.90764 F3000
G1 X8.427 Y24.987 E747.94504 F3000
G1 X6.455 Y24.987 E748.27306 F3000
G1 X4.762 Y24.987 E748.55461 F3000
G1 X4.569 Y24.987 E748.58671 F3000
G1 X3.085 Y24.987 E748.83341 F3000
G1 X2.916 Y24.987 E748.86154 F3000
G1 X2.763 Y24.987 E748.88702 F3000
G1 X1.419 Y24.987 E749.11048 F3000
G1 X1.274 Y24.987 E749.13463 F3000
G1 X0.000 Y24.987 E749.34648 F3000
G1 X-1.274 Y24.987 E749.55833 F3000
G1 X-1.419 Y24.987 E749.58248 F3000
G1 X-2.763 Y24.987 E749.80595 F3000
G1 X-2.916 Y24.987 E749.83143 F3000
G1 X-3.085 Y24.987 E749.85955 F3000
G1 X-4.569 Y24.987 E750.10625 F3000
G1 X-4.762 Y24.987 E750.13836 F3000
G1 X-6.455 Y24.987 E750.41990 F3000
G1 X-8.427 Y24.987 E750.74792 F3000
G1 X-8.652 Y24.987 E750.78532 F3000
G1 X-10.749 Y24.987 E751.13405 F3000
G1 X-10.988 Y24.987 E751.17381 F3000
G1 X-11.224 Y24.987 E751.21300 F3000
G1 X-13.290 Y24.987 E751.55670 F3000
G1 X-13.505 Y24.987 E751.59238 F3000
G1 X-15.387 Y24.987 E751.90528 F3000
G1 X-16.928 Y24.987 E752.16164 F3000
G1 X-17.104 Y24.987 E752.19087 F3000
G1 X-18.463 Y24.987 E752.41694 F3000
G1 X-18.618 Y24.987 E752.44272 F3000
G1 X-18.771 Y24.987 E752.46804 F3000
G1 X-20.106 Y24.987 E752.69007 F3000
G1 X-20.273 Y24.987 E752.71790 F3000
G1 X-21.742 Y24.987 E752.96215 F3000
G1 X-23.502 Y24.987 E753.25492 F3000
G1 X-23.702 Y24.987 E753.28822 F3000
G1 X-25.559 Y24.987 E753.59698 F3000
G1 X-25.770 Y24.987 E753.63204 F3000
G1 X-25.969 Y24.987 E753.66520 F3000
G1 X-27.726 Y24.987 E753.95738 F3000
G1 X-27.892 Y24.987 E753.98495 F3000
G1 X-29.354 Y24.987 E754.22802 F3000
G1 X-30.324 Y24.987 E754.38938 F3000
G1 X-30.434 Y24.987 E754.40771 F3000
G1 X-31.014 Y24.939 E754.50453 F3000
G1 X-31.086 Y24.933 E754.51649 F3000
G1 X-31.125 Y24.914 E754.52367 F3000
G1 X-31.428 Y24.770 E754.57939 F3000
G1 X-31.450 Y24.724 E754.58794 F3000
G1 X-31.578 Y24.446 E754.63880 F3000
G1 X-31.634 Y24.041 E754.70679 F3000
G1 X-31.654 Y23.906 E754.72959 F3000
G1 X-31.663 Y23.422 E754.81008 F3000
G1 X-31.669 Y23.159 E754.85370 F3000
G1 X-31.653 Y22.743 E754.92293 F3000
G1 X-31.633 Y22.219 E755.01022 F3000
G1 X-31.589 Y21.546 E755.12242 F3000
G1 X-31.559 Y21.096 E755.19740 F3000
G1 X-31.532 Y20.748 E755.25538 F3000
G1 X-31.457 Y19.802 E755.41321 F3000
G1 X-31.438 Y19.575 E755.45118 F3000
G1 X-31.341 Y18.419 E755.64402 F3000
G1 X-31.228 Y17.072 E755.86885 F3000
G1 X-31.224 Y17.027 E755.87638 F3000
G1 X-31.174 Y16.388 E755.98294 F3000
G1 X-31.124 Y15.752 E756.08907 F3000
G1 X-31.121 Y15.705 E756.09690 F3000
G1 X-31.118 Y15.663 E756.10384 F3000
G1 X-31.044 Y14.533 E756.29219 F3000
G1 X-31.039 Y14.441 E756.30759 F3000
G1 X-30.988 Y13.513 E756.46203 F3000
G1 X-30.955 Y12.790 E756.58241 F3000
G1 X-30.949 Y12.648 E756.60612 F3000
G1 X-30.926 Y12.074 E756.70159 F3000
G1 X-30.921 Y11.939 E756.72413 F3000
G1 X-30.916 Y11.831 E756.74199 F3000
G1 X-30.899 Y11.388 E756.81569 F3000
G1 X-30.895 Y11.287 E756.83255 F3000
G1 X-30.880 Y10.918 E756.89407 F3000
G1 X-30.868 Y10.562 E756.95331 F3000
G1 X-30.863 Y10.446 E756.97251 F3000
G1 X-30.850 Y10.040 E757.04012 F3000
G1 X-30.845 Y9.895 E757.06425 F3000
G1 X-30.838 Y9.704 E757.09601 F3000
G1 X-30.822 Y9.184 E757.18255 F3000
G1 X-30.814 Y8.947 E757.22189 F3000
G1 X-30.798 Y8.375 E757.31708 F3000
G1 X-30.784 Y7.812 E757.41086 F3000
G1 X-30.775 Y7.531 E757.45754 F3000
G1 X-30.764 Y7.000 E757.54587 F3000
G1 X-30.756 Y6.713 E757.59358 F3000
G1 X-30.752 Y6.454 E757.63673 F3000
G1 X-30.745 Y5.984 E757.71491 F3000
G1 X-30.742 Y5.633 E757.77315 F3000
G1 X-30.739 Y5.015 E757.87601 F3000
G1 X-30.736 Y4.001 E758.04465 F3000
G1 X-30.735 Y3.479 E758.13138 F3000
G1 X-30.731 Y1.739 E758.42073 F3000
G1 X-30.730 Y1.050 E758.53542 F3000
G1 X-30.729 Y0.172 E758.68147 F3000
G1 X-30.721 Y-2.600 E759.14239 F3000
G1 X-30.721 Y-3.210 E759.24383 F3000
G1 X-30.710 Y-6.896 E759.85689 F3000
G1 X-30.707 Y-7.905 E760.02468 F3000
G1 X-30.701 Y-10.939 E760.52912 F3000
G1 X-30.700 Y-11.269 E760.58397 F3000
G1 X-30.694 Y-14.465 E761.11549 F3000
G1 X-30.692 Y-15.144 E761.22852 F3000
G1 X-30.690 Y-15.811 E761.33944 F3000
G1 X-30.686 Y-17.953 E761.69562 F3000
G1 X-30.681 Y-18.641 E761.81003 F3000
G1 X-30.672 Y-20.011 E762.03793 F3000
G1 X-30.651 Y-20.995 E762.20150 F3000
G1 X-30.636 Y-21.636 E762.30810 F3000
G1 X-30.597 Y-22.491 E762.45057 F3000
G1 X-30.568 Y-23.142 E762.55883 F3000
G1 X-30.512 Y-23.960 E762.69522 F3000
G1 X-30.453 Y-24.845 E762.84280 F3000
G1 X-30.359 Y-25.717 E762.98859 F3000
G1 X-30.266 Y-26.583 E763.13349 F3000
G1 X-30.119 Y-27.410 E763.27319 F3000
G1 X-29.979 Y-28.192 E763.40521 F3000
G1 X-29.773 Y-28.846 E763.51931 F3000
G1 X-29.565 Y-29.508 E763.63458 F3000
G1 X-29.259 Y-29.970 E763.72682 F3000
G1 X-28.997 Y-30.367 E763.80586 F3000
G1 X-28.585 Y-30.651 E763.88912 F3000
G1 X-28.262 Y-30.874 E763.95441 F3000
G1 X-27.882 Y-30.983 E764.02022 F3000
G1 X-27.347 Y-31.135 E764.11270 F3000
G1 X-26.928 Y-31.179 E764.18277 F3000
G1 X-26.237 Y-31.252 E764.29820 F3000
G1 X-25.295 Y-31.308 E764.45522 F3000
G1 X-24.922 Y-31.331 E764.51736 F3000
G1 X-23.800 Y-31.370 E764.70406 F3000
G1 X-23.524 Y-31.380 E764.74995 F3000
G1 X-23.270 Y-31.385 E764.79231 F3000
G1 X-22.167 Y-31.407 E764.97570 F3000
G1 X-22.035 Y-31.408 E764.99763 F3000
G1 X-20.972 Y-31.419 E765.17448 F3000
G1 X-20.087 Y-31.424 E765.32169 F3000
G1 X-20.060 Y-31.424 E765.32615 F3000
G1 X-19.381 Y-31.412 E765.43897 F3000
G1 X-19.364 Y-31.412 E765.44190 F3000
G1 X-19.350 Y-31.411 E765.44425 F3000
G1 X-19.015 Y-31.386 E765.50003 F3000
G1 X-18.825 Y-31.372 E765.53180 F3000
G1 X-18.443 Y-31.276 E765.59720 F3000
G1 X-18.436 Y-31.274 E765.59850 F3000
G1 X-18.431 Y-31.269 E765.59957 F3000
G1 X-18.363 Y-31.215 E765.61408 F3000
G1 X-18.217 Y-31.101 E765.64482 F3000
G1 X-18.075 Y-30.908 E765.68476 F3000
G1 X-18.043 Y-30.865 E765.69359 F3000
G1 X-17.999 Y-30.793 E765.70760 F3000
G1 X-17.912 Y-30.643 E765.73654 F3000
G1 X-17.846 Y-30.559 E765.75435 F3000
G1 X-17.777 Y-30.467 E765.77341 F3000
G1 X-17.626 Y-30.354 E765.80473 F3000
G1 X-17.566 Y-30.307 E765.81745 F3000
G1 X-17.241 Y-30.203 E765.87426 F3000
G1 X-17.093 Y-30.162 E765.89970 F3000
G1 X-16.375 Y-30.073 E766.02002 F3000
G1 X-16.258 Y-30.064 E766.03954 F3000
G1 X-15.176 Y-30.012 E766.21971 F3000
G1 X-14.968 Y-30.009 E766.25439 F3000
G1 X-14.684 Y-30.014 E766.30158 F3000
G1 X-13.123 Y-30.000 E766.56127 F3000
G1 X-12.932 Y-30.005 E766.59294 F3000
G1 X-11.161 Y-30.015 E766.88746 F3000
G1 X-10.972 Y-30.017 E766.91884 F3000
G1 X-10.900 Y-30.017 E766.93082 F3000
G1 X-8.644 Y-30.054 E767.30615 F3000
G1 X-8.169 Y-30.059 E767.38516 F3000
G1 X-6.444 Y-30.087 E767.67197 F3000
G1 X-5.327 Y-30.100 E767.85775 F3000
G1 X-4.559 Y-30.105 E767.98551 F3000
G1 X-3.702 Y-30.110 E768.12799 F3000
G1 X-2.909 Y-30.113 E768.25993 F3000
G1 X-2.120 Y-30.114 E768.39117 F3000
G1 X-1.415 Y-30.115 E768.50831 F3000
G1 X-0.632 Y-30.115 E768.63853 F3000
G1 X0.000 Y-30.115 E768.74368 F3000
G1 X0.632 Y-30.115 E768.84884 F3000
G1 X1.415 Y-30.115 E768.97905 F3000
G1 X2.120 Y-30.114 E769.09619 F3000
G1 X2.909 Y-30.113 E769.22744 F3000
G1 X3.702 Y-30.110 E769.35938 F3000
G1 X4.559 Y-30.105 E769.50186 F3000
G1 X5.327 Y-30.100 E769.62962 F3000
G1 X6.444 Y-30.087 E769.81540 F3000
G1 X8.169 Y-30.059 E770.10221 F3000
G1 X8.644 Y-30.054 E770.18122 F3000
G1 X10.900 Y-30.017 E770.55654 F3000
G1 X10.942 Y-30.017 E770.56345 F3000
G1 X10.972 Y-30.017 E770.56853 F3000
G1 X11.161 Y-30.015 E770.59991 F3000
G1 X12.932 Y-30.005 E770.89443 F3000
G1 X13.123 Y-30.000 E770.92610 F3000
G1 X14.684 Y-30.014 E771.18578 F3000
G1 X14.968 Y-30.009 E771.23297 F3000
G1 X15.176 Y-30.012 E771.26766 F3000
G1 X16.258 Y-30.064 E771.44782 F3000
G1 X16.375 Y-30.073 E771.46734 F3000
G1 X17.093 Y-30.162 E771.58767 F3000
G1 X17.241 Y-30.203 E771.61311 F3000
G1 X17.566 Y-30.307 E771.66992 F3000
G1 X17.626 Y-30.354 E771.68264 F3000
G1 X17.777 Y-30.467 E771.71395 F3000
G1 X17.846 Y-30.559 E771.73302 F3000
G1 X17.912 Y-30.643 E771.75082 F3000
G1 X17.999 Y-30.793 E771.77977 F3000
G1 X18.043 Y-30.865 E771.79377 F3000
G1 X18.075 Y-30.908 E771.80261 F3000
G1 X18.201 Y-31.091 E771.83965 F3000
G1 X18.217 Y-31.101 E771.84278 F3000
G1 X18.363 Y-31.215 E771.87352 F3000
G1 X18.431 Y-31.269 E771.88803 F3000
G1 X18.443 Y-31.276 E771.89034 F3000
G1 X18.819 Y-31.371 E771.95473 F3000
G1 X18.825 Y-31.372 E771.95575 F3000
G1 X19.015 Y-31.386 E771.98752 F3000
G1 X19.350 Y-31.411 E772.04330 F3000
G1 X19.381 Y-31.412 E772.04858 F3000
G1 X20.060 Y-31.424 E772.16140 F3000
G1 X20.087 Y-31.424 E772.16586 F3000
G1 X20.972 Y-31.419 E772.31307 F3000
G1 X22.035 Y-31.408 E772.48992 F3000
G1 X22.167 Y-31.407 E772.51185 F3000
G1 X23.270 Y-31.385 E772.69524 F3000
G1 X23.524 Y-31.380 E772.73760 F3000
G1 X23.800 Y-31.370 E772.78349 F3000
G1 X24.922 Y-31.331 E772.97019 F3000
G1 X25.295 Y-31.308 E773.03233 F3000
G1 X26.237 Y-31.252 E773.18935 F3000
G1 X26.928 Y-31.179 E773.30478 F3000
G1 X27.347 Y-31.135 E773.37484 F3000
G1 X27.882 Y-30.983 E773.46733 F3000
G1 X28.262 Y-30.874 E773.53314 F3000
G1 X28.585 Y-30.651 E773.59843 F3000
G1 X28.997 Y-30.367 E773.68169 F3000
G1 X29.259 Y-29.970 E773.76073 F3000
G1 X29.565 Y-29.508 E773.85297 F3000
G1 X29.773 Y-28.846 E773.96824 F3000
G1 X29.979 Y-28.192 E774.08234 F3000
G1 X30.119 Y-27.410 E774.21436 F3000
G1 X30.266 Y-26.583 E774.35406 F3000
G1 X30.359 Y-25.717 E774.49896 F3000
G1 X30.453 Y-24.845 E774.64475 F3000
G1 X30.512 Y-23.960 E774.79233 F3000
G1 X30.568 Y-23.142 E774.92872 F3000
G1 X30.597 Y-22.491 E775.03698 F3000
G1 X30.636 Y-21.636 E775.17945 F3000
G1 X30.651 Y-20.995 E775.28605 F3000
G1 X30.672 Y-20.011 E775.44962 F3000
G1 X30.681 Y-18.641 E775.67752 F3000
G1 X30.686 Y-17.953 E775.79193 F3000
G1 X30.690 Y-15.811 E776.14811 F3000
G1 X30.692 Y-15.144 E776.25903 F3000
G1 X30.694 Y-14.465 E776.37206 F3000
G1 X30.700 Y-11.269 E776.90358 F3000
G1 X30.701 Y-10.939 E776.95843 F3000
G1 X30.707 Y-7.905 E777.46287 F3000
G1 X30.710 Y-6.896 E777.63066 F3000
G1 X30.721 Y-3.210 E778.24372 F3000
G1 X30.721 Y-2.600 E778.34516 F3000
G1 X30.729 Y0.172 E778.80608 F3000
G1 X30.730 Y1.050 E778.95213 F3000
G1 X30.731 Y1.739 E779.06682 F3000
G1 X30.735 Y3.479 E779.35617 F3000
G1 X30.736 Y4.001 E779.44290 F3000
G1 X30.739 Y5.015 E779.61154 F3000
G1 X30.742 Y5.633 E779.71440 F3000
G1 X30.745 Y5.984 E779.77264 F3000
G1 X30.752 Y6.454 E779.85082 F3000
G1 X30.756 Y6.713 E779.89397 F3000
G1 X30.764 Y7.000 E779.94168 F3000
G1 X30.775 Y7.531 E780.03001 F3000
G1 X30.784 Y7.812 E780.07669 F3000
G1 X30.798 Y8.375 E780.17046 F3000
G1 X30.814 Y8.947 E780.26566 F3000
G1 X30.822 Y9.184 E780.30500 F3000
G1 X30.838 Y9.704 E780.39154 F3000
G1 X30.845 Y9.895 E780.42330 F3000
G1 X30.850 Y10.040 E780.44743 F3000
G1 X30.863 Y10.446 E780.51504 F3000
G1 X30.868 Y10.562 E780.53424 F3000
G1 X30.880 Y10.918 E780.59348 F3000
G1 X30.895 Y11.287 E780.65500 F3000
G1 X30.899 Y11.388 E780.67185 F3000
G1 X30.916 Y11.831 E780.74556 F3000
G1 X30.921 Y11.939 E780.76342 F3000
G1 X30.926 Y12.074 E780.78596 F3000
G1 X30.949 Y12.648 E780.88143 F3000
G1 X30.955 Y12.790 E780.90514 F3000
G1 X30.988 Y13.513 E781.02552 F3000
G1 X31.039 Y14.441 E781.17996 F3000
G1 X31.044 Y14.533 E781.19536 F3000
G1 X31.118 Y15.663 E781.38371 F3000
G1 X31.121 Y15.705 E781.39065 F3000
G1 X31.124 Y15.752 E781.39848 F3000
G1 X31.174 Y16.388 E781.50461 F3000
G1 X31.224 Y17.027 E781.61117 F3000
G1 X31.228 Y17.072 E781.61870 F3000
G1 X31.341 Y18.419 E781.84353 F3000
G1 X31.438 Y19.575 E782.03637 F3000
G1 X31.457 Y19.802 E782.07434 F3000
G1 X31.532 Y20.748 E782.23217 F3000
G1 X31.559 Y21.096 E782.29014 F3000
G1 X31.589 Y21.546 E782.36513 F3000
G1 X31.633 Y22.219 E782.47733 F3000
G1 X31.653 Y22.743 E782.56462 F3000
G1 X31.669 Y23.159 E782.63385 F3000
G1 X31.663 Y23.422 E782.67747 F3000
G1 X31.654 Y23.906 E782.75796 F3000
G1 X31.634 Y24.041 E782.78076 F3000
G1 X31.578 Y24.446 E782.84875 F3000
G1 X31.450 Y24.724 E782.89961 F3000
G1 X31.428 Y24.770 E782.90816 F3000
G1 X31.125 Y24.914 E782.96387 F3000
G1 X31.086 Y24.933 E782.97106 F3000
G1 X31.014 Y24.939 E782.98302 F3000
G1 X30.434 Y24.987 E783.07984 F3000
G1 X30.324 Y24.987 E783.09817 F3000
G1 X29.354 Y24.987 E783.25953 F3000
G1 X27.892 Y24.987 E783.50260 F3000
G1 X27.726 Y24.987 E783.53016 F3000
G1 X25.969 Y24.987 E783.82235 F3000
G1 X25.770 Y24.987 E783.85551 F3000
; LAYER:20
; Z:20.500
G0 Z20.500 F600
G0 X23.701 Y25.062 F9000
G1 X24.454 Y25.062 E783.98068 F3000
G1 X25.768 Y25.062 E784.19920 F3000
G1 X27.011 Y25.062 E784.40597 F3000
G1 X27.723 Y25.062 E784.52440 F3000
G1 X28.758 Y25.062 E784.69641 F3000
G1 X29.350 Y25.062 E784.79490 F3000
G1 X29.743 Y25.062 E784.86025 F3000
G1 X30.430 Y25.062 E784.97447 F3000
G1 X30.668 Y25.042 E785.01424 F3000
G1 X31.081 Y25.007 E785.08311 F3000
G1 X31.291 Y24.907 E785.12187 F3000
G1 X31.421 Y24.845 E785.14579 F3000
G1 X31.508 Y24.655 E785.18063 F3000
G1 X31.568 Y24.521 E785.20504 F3000
G1 X31.602 Y24.274 E785.24651 F3000
G1 X31.641 Y23.980 E785.29573 F3000
G1 X31.646 Y23.570 E785.36396 F3000
G1 X31.650 Y23.232 E785.42017 F3000
G1 X31.636 Y22.912 E785.47353 F3000
G1 X31.608 Y22.286 E785.57773 F3000
G1 X31.593 Y22.073 E785.61321 F3000
G1 X31.526 Y21.152 E785.76681 F3000
G1 X31.518 Y21.053 E785.78334 F3000
G1 X31.444 Y20.127 E785.93782 F3000
G1 X31.421 Y19.843 E785.98514 F3000
G1 X31.353 Y19.050 E786.11756 F3000
G1 X31.301 Y18.446 E786.21837 F3000
G1 X31.228 Y17.596 E786.36019 F3000
G1 X31.181 Y17.042 E786.45268 F3000
G1 X31.094 Y15.960 E786.63320 F3000
G1 X31.074 Y15.712 E786.67456 F3000
G1 X31.064 Y15.563 E786.69943 F3000
G1 X30.994 Y14.536 E786.87059 F3000
G1 X30.991 Y14.492 E786.87793 F3000
G1 X30.954 Y13.833 E786.98762 F3000
G1 X30.937 Y13.538 E787.03684 F3000
G1 X30.936 Y13.514 E787.04079 F3000
G1 X30.896 Y12.648 E787.18501 F3000
G1 X30.893 Y12.590 E787.19470 F3000
G1 X30.867 Y11.939 E787.30304 F3000
G1 X30.848 Y11.471 E787.38096 F3000
G1 X30.845 Y11.389 E787.39462 F3000
G1 X30.830 Y11.000 E787.45932 F3000
G1 X30.827 Y10.918 E787.47300 F3000
G1 X30.824 Y10.833 E787.48708 F3000
G1 X30.811 Y10.446 E787.55143 F3000
G1 X30.808 Y10.333 E787.57023 F3000
G1 X30.796 Y9.895 E787.64316 F3000
G1 X30.785 Y9.368 E787.73073 F3000
G1 X30.779 Y9.184 E787.76143 F3000
G1 X30.768 Y8.614 E787.85628 F3000
G1 X30.761 Y8.375 E787.89594 F3000
G1 X30.754 Y8.116 E787.93907 F3000
G1 X30.744 Y7.531 E788.03637 F3000
G1 X30.738 Y7.253 E788.08255 F3000
G1 X30.730 Y6.713 E788.17240 F3000
G1 X30.726 Y6.255 E788.24861 F3000
G1 X30.722 Y5.984 E788.29372 F3000
G1 X30.719 Y5.377 E788.39454 F3000
G1 X30.717 Y5.016 E788.45470 F3000
G1 X30.716 Y4.456 E788.54785 F3000
G1 X30.713 Y3.482 E788.70973 F3000
G1 X30.712 Y2.683 E788.84266 F3000
G1 X30.708 Y1.057 E789.11310 F3000
G1 X30.700 Y-1.938 E789.61118 F3000
G1 X30.698 Y-2.587 E789.71902 F3000
G1 X30.686 Y-6.851 E790.42815 F3000
G1 X30.686 Y-6.876 E790.43228 F3000
G1 X30.685 Y-7.005 E790.45379 F3000
G1 X30.680 Y-10.656 E791.06087 F3000
G1 X30.679 Y-11.245 E791.15883 F3000
G1 X30.675 Y-14.010 E791.61876 F3000
G1 X30.675 Y-15.121 E791.80338 F3000
G1 X30.675 Y-16.408 E792.01744 F3000
G1 X30.674 Y-17.932 E792.27085 F3000
G1 X30.669 Y-19.232 E792.48714 F3000
G1 X30.665 Y-19.994 E792.61383 F3000
G1 X30.655 Y-20.498 E792.69760 F3000
G1 X30.633 Y-21.625 E792.88505 F3000
G1 X30.620 Y-21.940 E792.93754 F3000
G1 X30.566 Y-23.141 E793.13740 F3000
G1 X30.451 Y-24.849 E793.42218 F3000
G1 X30.440 Y-24.948 E793.43875 F3000
G1 X30.283 Y-26.444 E793.68890 F3000
G1 X30.263 Y-26.624 E793.71901 F3000
G1 X30.220 Y-26.861 E793.75908 F3000
G1 X29.972 Y-28.257 E793.99480 F3000
G1 X29.849 Y-28.637 E794.06132 F3000
G1 X29.549 Y-29.590 E794.22739 F3000
G1 X29.202 Y-30.116 E794.33222 F3000
G1 X28.971 Y-30.457 E794.40080 F3000
G1 X28.567 Y-30.736 E794.48233 F3000
G1 X28.227 Y-30.967 E794.55076 F3000
G1 X27.766 Y-31.096 E794.63034 F3000
G1 X27.307 Y-31.226 E794.70960 F3000
G1 X26.696 Y-31.289 E794.81173 F3000
G1 X26.202 Y-31.341 E794.89441 F3000
G1 X25.704 Y-31.372 E794.97745 F3000
G1 X24.901 Y-31.420 E795.11124 F3000
G1 X24.491 Y-31.436 E795.17945 F3000
G1 X23.522 Y-31.469 E795.34062 F3000
G1 X22.357 Y-31.492 E795.53437 F3000
G1 X22.185 Y-31.495 E795.56296 F3000
G1 X21.027 Y-31.504 E795.75559 F3000
G1 X21.008 Y-31.504 E795.75876 F3000
G1 X20.995 Y-31.504 E795.76088 F3000
G1 X20.835 Y-31.504 E795.78747 F3000
G1 X20.153 Y-31.505 E795.90095 F3000
G1 X20.108 Y-31.505 E795.90848 F3000
G1 X19.514 Y-31.482 E796.00737 F3000
G1 X19.445 Y-31.478 E796.01878 F3000
G1 X19.387 Y-31.467 E796.02867 F3000
G1 X18.982 Y-31.406 E796.09678 F3000
G1 X18.924 Y-31.376 E796.10759 F3000
G1 X18.680 Y-31.270 E796.15188 F3000
G1 X18.551 Y-31.121 E796.18459 F3000
G1 X18.501 Y-31.051 E796.19897 F3000
G1 X18.427 Y-30.893 E796.22797 F3000
G1 X18.385 Y-30.785 E796.24712 F3000
G1 X18.332 Y-30.653 E796.27086 F3000
G1 X18.271 Y-30.516 E796.29578 F3000
G1 X18.167 Y-30.382 E796.32391 F3000
G1 X18.095 Y-30.289 E796.34351 F3000
G1 X17.996 Y-30.239 E796.36200 F3000
G1 X17.795 Y-30.156 E796.39809 F3000
G1 X17.666 Y-30.136 E796.41989 F3000
G1 X17.263 Y-30.108 E796.48703 F3000
G1 X16.528 Y-30.134 E796.60940 F3000
G1 X16.390 Y-30.131 E796.63226 F3000
G1 X15.277 Y-30.201 E796.81777 F3000
G1 X15.070 Y-30.206 E796.85211 F3000
G1 X14.764 Y-30.218 E796.90312 F3000
G1 X13.198 Y-30.309 E797.16398 F3000
G1 X12.664 Y-30.331 E797.25276 F3000
G1 X10.993 Y-30.419 E797.53116 F3000
G1 X9.570 Y-30.488 E797.76800 F3000
G1 X8.674 Y-30.522 E797.91719 F3000
G1 X7.525 Y-30.568 E798.10844 F3000
G1 X6.459 Y-30.602 E798.28584 F3000
G1 X5.381 Y-30.627 E798.46502 F3000
G1 X4.564 Y-30.649 E798.60099 F3000
G1 X3.531 Y-30.663 E798.77283 F3000
G1 X2.910 Y-30.673 E798.87616 F3000
G1 X2.383 Y-30.676 E798.96372 F3000
G1 X1.415 Y-30.680 E799.12473 F3000
G1 X0.938 Y-30.680 E799.20404 F3000
G1 X0.000 Y-30.680 E799.36002 F3000
G1 X-0.938 Y-30.680 E799.51600 F3000
G1 X-1.415 Y-30.680 E799.59531 F3000
G1 X-2.383 Y-30.676 E799.75633 F3000
G1 X-2.910 Y-30.673 E799.84389 F3000
G1 X-3.531 Y-30.663 E799.94721 F3000
G1 X-4.564 Y-30.649 E800.11906 F3000
G1 X-5.381 Y-30.627 E800.25503 F3000
G1 X-6.459 Y-30.602 E800.43421 F3000
G1 X-7.525 Y-30.568 E800.61161 F3000
G1 X-8.674 Y-30.522 E800.80285 F3000
G1 X-9.570 Y-30.488 E800.95204 F3000
G1 X-10.993 Y-30.419 E801.18889 F3000
G1 X-12.664 Y-30.331 E801.46728 F3000
G1 X-13.198 Y-30.309 E801.55606 F3000
G1 X-14.764 Y-30.218 E801.81693 F3000
G1 X-15.070 Y-30.206 E801.86794 F3000
G1 X-15.277 Y-30.201 E801.90228 F3000
G1 X-16.390 Y-30.131 E802.08779 F3000
G1 X-16.528 Y-30.134 E802.11065 F3000
G1 X-17.263 Y-30.108 E802.23302 F3000
G1 X-17.666 Y-30.136 E802.30016 F3000
G1 X-17.795 Y-30.156 E802.32195 F3000
G1 X-17.996 Y-30.239 E802.35805 F3000
G1 X-18.095 Y-30.289 E802.37654 F3000
G1 X-18.167 Y-30.382 E802.39614 F3000
G1 X-18.271 Y-30.516 E802.42427 F3000
G1 X-18.332 Y-30.653 E802.44918 F3000
G1 X-18.385 Y-30.785 E802.47293 F3000
G1 X-18.427 Y-30.893 E802.49208 F3000
G1 X-18.501 Y-31.051 E802.52107 F3000
G1 X-18.551 Y-31.121 E802.53545 F3000
G1 X-18.680 Y-31.270 E802.56817 F3000
G1 X-18.924 Y-31.376 E802.61246 F3000
G1 X-18.982 Y-31.406 E802.62326 F3000
G1 X-19.387 Y-31.467 E802.69137 F3000
G1 X-19.445 Y-31.478 E802.70126 F3000
G1 X-19.514 Y-31.482 E802.71268 F3000
G1 X-20.108 Y-31.505 E802.81157 F3000
G1 X-20.153 Y-31.505 E802.81909 F3000
G1 X-20.835 Y-31.504 E802.93258 F3000
G1 X-20.995 Y-31.504 E802.95917 F3000
G1 X-21.027 Y-31.504 E802.96446 F3000
G1 X-22.185 Y-31.495 E803.15708 F3000
G1 X-22.357 Y-31.492 E803.18567 F3000
G1 X-23.522 Y-31.469 E803.37943 F3000
G1 X-24.491 Y-31.436 E803.54059 F3000
G1 X-24.901 Y-31.420 E803.60880 F3000
G1 X-25.704 Y-31.372 E803.74259 F3000
G1 X-26.202 Y-31.341 E803.82564 F3000
G1 X-26.696 Y-31.289 E803.90831 F3000
G1 X-27.307 Y-31.226 E804.01045 F3000
G1 X-27.766 Y-31.096 E804.08970 F3000
G1 X-28.227 Y-30.967 E804.16929 F3000
G1 X-28.567 Y-30.736 E804.23772 F3000
G1 X-28.971 Y-30.457 E804.31924 F3000
G1 X-29.202 Y-30.116 E804.38783 F3000
G1 X-29.549 Y-29.590 E804.49266 F3000
G1 X-29.849 Y-28.637 E804.65873 F3000
G1 X-29.972 Y-28.257 E804.72524 F3000
G1 X-30.220 Y-26.861 E804.96097 F3000
G1 X-30.263 Y-26.624 E805.00103 F3000
G1 X-30.283 Y-26.444 E805.03115 F3000
G1 X-30.440 Y-24.948 E805.28129 F3000
G1 X-30.450 Y-24.860 E805.29611 F3000
G1 X-30.566 Y-23.141 E805.58265 F3000
G1 X-30.620 Y-21.940 E805.78251 F3000
G1 X-30.633 Y-21.625 E805.83500 F3000
G1 X-30.655 Y-20.498 E806.02245 F3000
G1 X-30.665 Y-19.994 E806.10622 F3000
G1 X-30.669 Y-19.232 E806.23291 F3000
G1 X-30.674 Y-17.932 E806.44920 F3000
G1 X-30.675 Y-16.408 E806.70261 F3000
G1 X-30.675 Y-15.121 E806.91667 F3000
G1 X-30.675 Y-14.010 E807.10129 F3000
G1 X-30.679 Y-11.245 E807.56121 F3000
G1 X-30.680 Y-10.656 E807.65918 F3000
G1 X-30.685 Y-7.005 E808.26626 F3000
G1 X-30.686 Y-6.896 E808.28437 F3000
G1 X-30.686 Y-6.851 E808.29190 F3000
G1 X-30.698 Y-2.587 E809.00103 F3000
G1 X-30.700 Y-1.938 E809.10887 F3000
G1 X-30.708 Y1.057 E809.60695 F3000
G1 X-30.712 Y2.683 E809.87739 F3000
G1 X-30.713 Y3.482 E810.01032 F3000
G1 X-30.716 Y4.456 E810.17220 F3000
G1 X-30.717 Y5.016 E810.26534 F3000
G1 X-30.719 Y5.377 E810.32551 F3000
G1 X-30.722 Y5.984 E810.42633 F3000
G1 X-30.726 Y6.255 E810.47144 F3000
G1 X-30.730 Y6.713 E810.54765 F3000
G1 X-30.738 Y7.253 E810.63750 F3000
G1 X-30.744 Y7.531 E810.68368 F3000
G1 X-30.754 Y8.116 E810.78098 F3000
G1 X-30.761 Y8.375 E810.82411 F3000
G1 X-30.768 Y8.614 E810.86377 F3000
G1 X-30.779 Y9.184 E810.95862 F3000
G1 X-30.785 Y9.368 E810.98932 F3000
G1 X-30.796 Y9.895 E811.07689 F3000
G1 X-30.808 Y10.333 E811.14982 F3000
G1 X-30.811 Y10.446 E811.16862 F3000
G1 X-30.824 Y10.833 E811.23297 F3000
G1 X-30.827 Y10.918 E811.24704 F3000
G1 X-30.830 Y11.000 E811.26073 F3000
G1 X-30.845 Y11.389 E811.32543 F3000
G1 X-30.848 Y11.471 E811.33909 F3000
G1 X-30.867 Y11.939 E811.41701 F3000
G1 X-30.893 Y12.590 E811.52534 F3000
G1 X-30.896 Y12.648 E811.53504 F3000
G1 X-30.935 Y13.493 E811.67570 F3000
G1 X-30.937 Y13.538 E811.68321 F3000
G1 X-30.954 Y13.833 E811.73243 F3000
G1 X-30.991 Y14.492 E811.84212 F3000
G1 X-30.994 Y14.536 E811.84946 F3000
G1 X-31.064 Y15.563 E812.02062 F3000
G1 X-31.074 Y15.712 E812.04549 F3000
G1 X-31.094 Y15.960 E812.08685 F3000
G1 X-31.181 Y17.042 E812.26736 F3000
G1 X-31.228 Y17.596 E812.35986 F3000
G1 X-31.301 Y18.446 E812.50167 F3000
G1 X-31.353 Y19.050 E812.60249 F3000
G1 X-31.421 Y19.843 E812.73490 F3000
G1 X-31.444 Y20.127 E812.78223 F3000
G1 X-31.518 Y21.053 E812.93670 F3000
G1 X-31.526 Y21.152 E812.95324 F3000
G1 X-31.593 Y22.073 E813.10684 F3000
G1 X-31.608 Y22.286 E813.14232 F3000
G1 X-31.636 Y22.912 E813.24652 F3000
G1 X-31.650 Y23.232 E813.29988 F3000
G1 X-31.646 Y23.570 E813.35608 F3000
G1 X-31.641 Y23.980 E813.42431 F3000
G1 X-31.602 Y24.274 E813.47354 F3000
G1 X-31.568 Y24.521 E813.51501 F3000
G1 X-31.508 Y24.655 E813.53942 F3000
G1 X-31.421 Y24.845 E813.57425 F3000
G1 X-31.291 Y24.907 E813.59818 F3000
G1 X-31.081 Y25.007 E813.63693 F3000
G1 X-30.668 Y25.042 E813.70581 F3000
G1 X-30.430 Y25.062 E813.74558 F3000
G1 X-29.743 Y25.062 E813.85980 F3000
G1 X-29.350 Y25.062 E813.92515 F3000
G1 X-28.758 Y25.062 E814.02364 F3000
G1 X-27.723 Y25.062 E814.19565 F3000
G1 X-27.011 Y25.062 E814.31408 F3000
G1 X-25.768 Y25.062 E814.52085 F3000
G1 X-24.454 Y25.062 E814.73937 F3000
G1 X-23.701 Y25.062 E814.86454 F3000
G1 X-22.455 Y25.062 E815.07178 F3000
G1 X-21.741 Y25.062 E815.19051 F3000
G1 X-21.145 Y25.062 E815.28959 F3000
G1 X-20.105 Y25.062 E815.46253 F3000
G1 X-19.564 Y25.062 E815.55261 F3000
G1 X-18.618 Y25.062 E815.70984 F3000
G1 X-17.655 Y25.062 E815.86995 F3000
G1 X-17.104 Y25.062 E815.96168 F3000
G1 X-16.012 Y25.062 E816.14325 F3000
G1 X-15.387 Y25.062 E816.24727 F3000
G1 X-14.623 Y25.062 E816.37424 F3000
G1 X-13.290 Y25.062 E816.59586 F3000
G1 X-12.452 Y25.062 E816.73531 F3000
G1 X-10.988 Y25.062 E816.97874 F3000
G1 X-9.503 Y25.062 E817.22573 F3000
G1 X-8.652 Y25.062 E817.36723 F3000
G1 X-7.255 Y25.062 E817.59956 F3000
G1 X-6.455 Y25.062 E817.73265 F3000
G1 X-5.768 Y25.062 E817.84689 F3000
G1 X-4.569 Y25.062 E818.04630 F3000
G1 X-3.967 Y25.062 E818.14640 F3000
G1 X-2.916 Y25.062 E818.32113 F3000
G1 X-1.964 Y25.062 E818.47940 F3000
G1 X-1.419 Y25.062 E818.57007 F3000
G1 X-0.517 Y25.062 E818.72011 F3000
G1 X0.000 Y25.062 E818.80607 F3000
G1 X0.517 Y25.062 E818.89203 F3000
G1 X1.419 Y25.062 E819.04207 F3000
G1 X1.964 Y25.062 E819.13275 F3000
G1 X2.916 Y25.062 E819.29102 F3000
G1 X3.967 Y25.062 E819.46574 F3000
G1 X4.569 Y25.062 E819.56584 F3000
G1 X5.768 Y25.062 E819.76525 F3000
G1 X6.455 Y25.062 E819.87949 F3000
G1 X7.255 Y25.062 E820.01259 F3000
G1 X8.652 Y25.062 E820.24491 F3000
G1 X9.503 Y25.062 E820.38641 F3000
G1 X10.988 Y25.062 E820.63341 F3000
G1 X12.452 Y25.062 E820.87683 F3000
G1 X13.290 Y25.062 E821.01629 F3000
G1 X14.623 Y25.062 E821.23791 F3000
G1 X15.387 Y25.062 E821.36487 F3000
G1 X16.012 Y25.062 E821.46889 F3000
G1 X17.104 Y25.062 E821.65046 F3000
G1 X17.655 Y25.062 E821.74219 F3000
G1 X18.618 Y25.062 E821.90230 F3000
G1 X19.564 Y25.062 E822.05954 F3000
G1 X20.105 Y25.062 E822.14962 F3000
G1 X21.145 Y25.062 E822.32256 F3000
G1 X21.741 Y25.062 E822.42164 F3000
G1 X22.455 Y25.062 E822.54037 F3000
G1 X23.701 Y25.062 E822.74760 F3000
; LAYER:21
; Z:21.500
G0 Z21.500 F600
G0 X30.702 Y-6.881 F9000
G1 X30.702 Y-6.561 E822.80091 F3000
G1 X30.708 Y-2.587 E823.46165 F3000
G1 X30.710 Y-1.418 E823.65615 F3000
G1 X30.714 Y1.057 E824.06777 F3000
G1 X30.716 Y2.292 E824.27304 F3000
G1 X30.718 Y3.483 E824.47111 F3000
G1 X30.719 Y4.183 E824.58762 F3000
G1 X30.721 Y5.016 E824.72607 F3000
G1 X30.723 Y5.558 E824.81617 F3000
G1 X30.724 Y5.984 E824.88703 F3000
G1 X30.728 Y6.387 E824.95407 F3000
G1 X30.730 Y6.713 E825.00835 F3000
G1 X30.733 Y7.105 E825.07353 F3000
G1 X30.739 Y7.531 E825.14437 F3000
G1 X30.743 Y7.971 E825.21756 F3000
G1 X30.750 Y8.375 E825.28478 F3000
G1 X30.758 Y8.736 E825.34476 F3000
G1 X30.763 Y9.184 E825.41927 F3000
G1 X30.769 Y9.468 E825.46656 F3000
G1 X30.775 Y9.895 E825.53753 F3000
G1 X30.782 Y10.259 E825.59816 F3000
G1 X30.788 Y10.446 E825.62924 F3000
G1 X30.797 Y10.774 E825.68384 F3000
G1 X30.802 Y10.918 E825.70767 F3000
G1 X30.807 Y11.054 E825.73037 F3000
G1 X30.820 Y11.389 E825.78606 F3000
G1 X30.826 Y11.529 E825.80946 F3000
G1 X30.844 Y11.939 E825.87766 F3000
G1 X30.869 Y12.525 E825.97517 F3000
G1 X30.874 Y12.648 E825.99572 F3000
G1 X30.912 Y13.432 E826.12628 F3000
G1 X30.916 Y13.515 E826.14007 F3000
G1 X30.921 Y13.602 E826.15454 F3000
G1 X30.965 Y14.360 E826.28073 F3000
G1 X30.976 Y14.539 E826.31062 F3000
G1 X31.061 Y15.719 E826.50744 F3000
G1 X31.139 Y16.634 E826.66006 F3000
G1 X31.175 Y17.058 E826.73078 F3000
G1 X31.235 Y17.728 E826.84265 F3000
G1 X31.301 Y18.474 E826.96719 F3000
G1 X31.400 Y19.597 E827.15479 F3000
G1 X31.427 Y19.886 E827.20301 F3000
G1 X31.441 Y20.051 E827.23053 F3000
G1 X31.543 Y21.210 E827.42403 F3000
G1 X31.583 Y21.738 E827.51213 F3000
G1 X31.627 Y22.354 E827.61477 F3000
G1 X31.639 Y22.609 E827.65718 F3000
G1 X31.670 Y23.305 E827.77319 F3000
G1 X31.662 Y24.031 E827.89390 F3000
G1 X31.625 Y24.331 E827.94413 F3000
G1 X31.591 Y24.583 E827.98643 F3000
G1 X31.585 Y24.604 E827.99007 F3000
G1 X31.439 Y24.920 E828.04797 F3000
G1 X31.419 Y24.929 E828.05159 F3000
G1 X31.094 Y25.082 E828.11134 F3000
G1 X30.488 Y25.132 E828.21249 F3000
G1 X30.438 Y25.136 E828.22081 F3000
G1 X29.436 Y25.136 E828.38739 F3000
G1 X29.354 Y25.136 E828.40110 F3000
G1 X29.231 Y25.136 E828.42165 F3000
G1 X27.725 Y25.136 E828.67202 F3000
G1 X27.577 Y25.136 E828.69667 F3000
G1 X25.768 Y25.136 E828.99743 F3000
G1 X23.858 Y25.136 E829.31517 F3000
G1 X23.701 Y25.136 E829.34119 F3000
G1 X21.889 Y25.136 E829.64248 F3000
G1 X21.741 Y25.136 E829.66714 F3000
G1 X21.617 Y25.136 E829.68773 F3000
G1 X20.105 Y25.136 E829.93916 F3000
G1 X19.993 Y25.136 E829.95788 F3000
G1 X18.618 Y25.136 E830.18647 F3000
G1 X17.219 Y25.136 E830.41925 F3000
G1 X17.104 Y25.136 E830.43831 F3000
G1 X15.517 Y25.136 E830.70229 F3000
G1 X15.387 Y25.136 E830.72390 F3000
G1 X15.228 Y25.136 E830.75028 F3000
G1 X13.290 Y25.136 E831.07249 F3000
G1 X13.116 Y25.136 E831.10146 F3000
G1 X10.988 Y25.136 E831.45537 F3000
G1 X8.829 Y25.136 E831.81446 F3000
G1 X8.652 Y25.136 E831.84386 F3000
G1 X6.621 Y25.136 E832.18162 F3000
G1 X6.455 Y25.136 E832.20928 F3000
G1 X6.312 Y25.136 E832.23301 F3000
G1 X4.569 Y25.136 E832.52293 F3000
G1 X4.444 Y25.136 E832.54373 F3000
G1 X2.916 Y25.136 E832.79776 F3000
G1 X1.532 Y25.136 E833.02786 F3000
G1 X1.419 Y25.136 E833.04670 F3000
G1 X0.107 Y25.136 E833.26484 F3000
G1 X0.000 Y25.136 E833.28270 F3000
G1 X-0.107 Y25.136 E833.30056 F3000
G1 X-1.419 Y25.136 E833.51870 F3000
G1 X-1.532 Y25.136 E833.53754 F3000
G1 X-2.916 Y25.136 E833.76765 F3000
G1 X-4.444 Y25.136 E834.02167 F3000
G1 X-4.569 Y25.136 E834.04247 F3000
G1 X-6.312 Y25.136 E834.33239 F3000
G1 X-6.455 Y25.136 E834.35612 F3000
G1 X-6.621 Y25.136 E834.38378 F3000
G1 X-8.652 Y25.136 E834.72154 F3000
G1 X-8.829 Y25.136 E834.75094 F3000
G1 X-10.988 Y25.136 E835.11003 F3000
G1 X-13.116 Y25.136 E835.46394 F3000
G1 X-13.290 Y25.136 E835.49292 F3000
G1 X-15.228 Y25.136 E835.81512 F3000
G1 X-15.387 Y25.136 E835.84150 F3000
G1 X-15.517 Y25.136 E835.86311 F3000
G1 X-17.104 Y25.136 E836.12709 F3000
G1 X-17.219 Y25.136 E836.14615 F3000
G1 X-18.618 Y25.136 E836.37893 F3000
G1 X-19.993 Y25.136 E836.60753 F3000
G1 X-20.105 Y25.136 E836.62624 F3000
G1 X-21.617 Y25.136 E836.87767 F3000
G1 X-21.741 Y25.136 E836.89826 F3000
G1 X-21.889 Y25.136 E836.92293 F3000
G1 X-23.701 Y25.136 E837.22422 F3000
G1 X-23.858 Y25.136 E837.25024 F3000
G1 X-25.768 Y25.136 E837.56797 F3000
G1 X-27.577 Y25.136 E837.86873 F3000
G1 X-27.725 Y25.136 E837.89338 F3000
G1 X-29.231 Y25.136 E838.14376 F3000
G1 X-29.354 Y25.136 E838.16430 F3000
G1 X-29.436 Y25.136 E838.17801 F3000
G1 X-30.438 Y25.136 E838.34459 F3000
G1 X-30.488 Y25.132 E838.35291 F3000
G1 X-31.094 Y25.082 E838.45406 F3000
G1 X-31.419 Y24.929 E838.51381 F3000
G1 X-31.439 Y24.920 E838.51743 F3000
G1 X-31.585 Y24.604 E838.57533 F3000
G1 X-31.591 Y24.583 E838.57897 F3000
G1 X-31.625 Y24.331 E838.62127 F3000
G1 X-31.662 Y24.055 E838.66753 F3000
G1 X-31.670 Y23.305 E838.79224 F3000
G1 X-31.639 Y22.609 E838.90825 F3000
G1 X-31.627 Y22.354 E838.95066 F3000
G1 X-31.583 Y21.738 E839.05330 F3000
G1 X-31.543 Y21.210 E839.14140 F3000
G1 X-31.441 Y20.051 E839.33490 F3000
G1 X-31.427 Y19.886 E839.36242 F3000
G1 X-31.400 Y19.597 E839.41064 F3000
G1 X-31.301 Y18.474 E839.59824 F3000
G1 X-31.235 Y17.728 E839.72278 F3000
G1 X-31.175 Y17.058 E839.83465 F3000
G1 X-31.139 Y16.634 E839.90536 F3000
G1 X-31.061 Y15.719 E840.05799 F3000
G1 X-30.978 Y14.568 E840.24996 F3000
G1 X-30.965 Y14.360 E840.28470 F3000
G1 X-30.921 Y13.602 E840.41089 F3000
G1 X-30.916 Y13.515 E840.42536 F3000
G1 X-30.912 Y13.432 E840.43915 F3000
G1 X-30.874 Y12.648 E840.56971 F3000
G1 X-30.869 Y12.525 E840.59026 F3000
G1 X-30.844 Y11.939 E840.68777 F3000
G1 X-30.826 Y11.529 E840.75597 F3000
G1 X-30.820 Y11.389 E840.77937 F3000
G1 X-30.807 Y11.054 E840.83506 F3000
G1 X-30.802 Y10.918 E840.85776 F3000
G1 X-30.797 Y10.774 E840.88159 F3000
G1 X-30.788 Y10.446 E840.93619 F3000
G1 X-30.782 Y10.259 E840.96727 F3000
G1 X-30.775 Y9.895 E841.02790 F3000
G1 X-30.769 Y9.468 E841.09887 F3000
G1 X-30.763 Y9.184 E841.14616 F3000
G1 X-30.758 Y8.736 E841.22067 F3000
G1 X-30.750 Y8.375 E841.28065 F3000
G1 X-30.743 Y7.971 E841.34787 F3000
G1 X-30.739 Y7.531 E841.42106 F3000
G1 X-30.733 Y7.105 E841.49190 F3000
G1 X-30.730 Y6.713 E841.55708 F3000
G1 X-30.728 Y6.387 E841.61136 F3000
G1 X-30.724 Y5.984 E841.67840 F3000
G1 X-30.723 Y5.558 E841.74926 F3000
G1 X-30.721 Y5.016 E841.83936 F3000
G1 X-30.719 Y4.183 E841.97781 F3000
G1 X-30.718 Y3.483 E842.09432 F3000
G1 X-30.716 Y2.292 E842.29239 F3000
G1 X-30.714 Y1.057 E842.49766 F3000
G1 X-30.710 Y-1.418 E842.90928 F3000
G1 X-30.708 Y-2.587 E843.10378 F3000
G1 X-30.702 Y-6.561 E843.76452 F3000
G1 X-30.702 Y-6.881 E843.81782 F3000
G1 X-30.701 Y-7.118 E843.85728 F3000
G1 X-30.700 Y-7.962 E843.99758 F3000
G1 X-30.708 Y-11.266 E844.54701 F3000
G1 X-30.716 Y-12.594 E844.76794 F3000
G1 X-30.725 Y-15.171 E845.19646 F3000
G1 X-30.730 Y-16.273 E845.37973 F3000
G1 X-30.747 Y-18.014 E845.66921 F3000
G1 X-30.747 Y-18.366 E845.72784 F3000
G1 X-30.755 Y-19.833 E845.97179 F3000
G1 X-30.758 Y-20.054 E846.00855 F3000
G1 X-30.760 Y-20.110 E846.01775 F3000
G1 X-30.760 Y-20.184 E846.03013 F3000
G1 X-30.758 Y-21.791 E846.29731 F3000
G1 X-30.744 Y-22.253 E846.37430 F3000
G1 X-30.710 Y-23.345 E846.55599 F3000
G1 X-30.661 Y-24.204 E846.69905 F3000
G1 X-30.603 Y-25.092 E846.84705 F3000
G1 X-30.545 Y-25.662 E846.94234 F3000
G1 X-30.408 Y-26.860 E847.14279 F3000
G1 X-30.120 Y-28.367 E847.39805 F3000
G1 X-30.102 Y-28.466 E847.41465 F3000
G1 X-30.098 Y-28.482 E847.41747 F3000
G1 X-29.717 Y-29.642 E847.62042 F3000
G1 X-29.657 Y-29.803 E847.64907 F3000
G1 X-29.564 Y-29.926 E847.67471 F3000
G1 X-29.058 Y-30.654 E847.82210 F3000
G1 X-28.890 Y-30.758 E847.85503 F3000
G1 X-28.297 Y-31.149 E847.97309 F3000
G1 X-27.616 Y-31.335 E848.09052 F3000
G1 X-27.368 Y-31.399 E848.13317 F3000
G1 X-26.579 Y-31.478 E848.26496 F3000
G1 X-26.260 Y-31.508 E848.31833 F3000
G1 X-25.868 Y-31.529 E848.38356 F3000
G1 X-24.964 Y-31.582 E848.53420 F3000
G1 X-24.477 Y-31.597 E848.61517 F3000
G1 X-23.596 Y-31.628 E848.76183 F3000
G1 X-22.853 Y-31.642 E848.88528 F3000
G1 X-22.271 Y-31.650 E848.98207 F3000
G1 X-21.703 Y-31.654 E849.07658 F3000
G1 X-21.107 Y-31.654 E849.17573 F3000
G1 X-20.539 Y-31.647 E849.27023 F3000
G1 X-20.218 Y-31.646 E849.32364 F3000
G1 X-19.711 Y-31.611 E849.40810 F3000
G1 X-19.565 Y-31.604 E849.43234 F3000
G1 X-19.480 Y-31.588 E849.44670 F3000
G1 X-19.112 Y-31.504 E849.50953 F3000
G1 X-19.098 Y-31.496 E849.51226 F3000
G1 X-19.013 Y-31.443 E849.52889 F3000
G1 X-18.843 Y-31.340 E849.56189 F3000
G1 X-18.819 Y-31.322 E849.56692 F3000
G1 X-18.798 Y-31.281 E849.57465 F3000
G1 X-18.648 Y-31.030 E849.62313 F3000
G1 X-18.613 Y-30.913 E849.64352 F3000
G1 X-18.536 Y-30.683 E849.68376 F3000
G1 X-18.474 Y-30.515 E849.71366 F3000
G1 X-18.419 Y-30.344 E849.74342 F3000
G1 X-18.339 Y-30.236 E849.76578 F3000
G1 X-18.233 Y-30.083 E849.79670 F3000
G1 X-18.045 Y-30.020 E849.82974 F3000
G1 X-17.915 Y-29.971 E849.85288 F3000
G1 X-17.602 Y-29.980 E849.90495 F3000
G1 X-17.361 Y-29.975 E849.94512 F3000
G1 X-16.963 Y-30.005 E850.01135 F3000
G1 X-16.467 Y-30.059 E850.09446 F3000
G1 X-15.777 Y-30.120 E850.20955 F3000
G1 X-15.129 Y-30.190 E850.31805 F3000
G1 X-14.352 Y-30.256 E850.44771 F3000
G1 X-13.241 Y-30.340 E850.63288 F3000
G1 X-12.449 Y-30.396 E850.76494 F3000
G1 X-11.023 Y-30.493 E851.00262 F3000
G1 X-9.313 Y-30.597 E851.28764 F3000
G1 X-8.693 Y-30.635 E851.39089 F3000
G1 X-6.928 Y-30.725 E851.68480 F3000
G1 X-6.468 Y-30.749 E851.76130 F3000
G1 X-6.102 Y-30.763 E851.82235 F3000
G1 X-4.568 Y-30.819 E852.07755 F3000
G1 X-4.310 Y-30.825 E852.12050 F3000
G1 X-2.911 Y-30.856 E852.35327 F3000
G1 X-1.596 Y-30.869 E852.57190 F3000
G1 X-1.415 Y-30.870 E852.60202 F3000
G1 X-0.165 Y-30.872 E852.80992 F3000
G1 X0.000 Y-30.872 E852.83731 F3000
G1 X0.165 Y-30.872 E852.86470 F3000
G1 X1.415 Y-30.870 E853.07260 F3000
G1 X1.596 Y-30.869 E853.10272 F3000
G1 X2.911 Y-30.856 E853.32135 F3000
G1 X4.310 Y-30.825 E853.55411 F3000
G1 X4.568 Y-30.819 E853.59706 F3000
G1 X6.102 Y-30.763 E853.85227 F3000
G1 X6.468 Y-30.749 E853.91331 F3000
G1 X6.928 Y-30.725 E853.98981 F3000
G1 X8.693 Y-30.635 E854.28373 F3000
G1 X9.313 Y-30.597 E854.38698 F3000
G1 X11.023 Y-30.493 E854.67199 F3000
G1 X12.449 Y-30.396 E854.90967 F3000
G1 X13.241 Y-30.340 E855.04173 F3000
G1 X14.352 Y-30.256 E855.22691 F3000
G1 X15.129 Y-30.190 E855.35657 F3000
G1 X15.777 Y-30.120 E855.46507 F3000
G1 X16.467 Y-30.059 E855.58015 F3000
G1 X16.963 Y-30.005 E855.66327 F3000
G1 X17.361 Y-29.975 E855.72950 F3000
G1 X17.602 Y-29.980 E855.76966 F3000
G1 X17.915 Y-29.971 E855.82173 F3000
G1 X18.045 Y-30.020 E855.84488 F3000
G1 X18.233 Y-30.083 E855.87791 F3000
G1 X18.339 Y-30.236 E855.90883 F3000
G1 X18.419 Y-30.344 E855.93119 F3000
G1 X18.474 Y-30.515 E855.96096 F3000
G1 X18.536 Y-30.683 E855.99085 F3000
G1 X18.613 Y-30.913 E856.03110 F3000
G1 X18.648 Y-31.030 E856.05148 F3000
G1 X18.798 Y-31.281 E856.09996 F3000
G1 X18.843 Y-31.340 E856.11243 F3000
G1 X19.013 Y-31.443 E856.14542 F3000
G1 X19.098 Y-31.496 E856.16205 F3000
G1 X19.480 Y-31.588 E856.22754 F3000
G1 X19.565 Y-31.604 E856.24189 F3000
G1 X19.711 Y-31.611 E856.26614 F3000
G1 X20.218 Y-31.646 E856.35059 F3000
G1 X20.539 Y-31.647 E856.40400 F3000
G1 X21.107 Y-31.654 E856.49850 F3000
G1 X21.703 Y-31.654 E856.59765 F3000
G1 X22.271 Y-31.650 E856.69216 F3000
G1 X22.853 Y-31.642 E856.78896 F3000
G1 X23.596 Y-31.628 E856.91240 F3000
G1 X24.477 Y-31.597 E857.05906 F3000
G1 X24.964 Y-31.582 E857.14003 F3000
G1 X25.868 Y-31.529 E857.29068 F3000
G1 X26.260 Y-31.508 E857.35590 F3000
G1 X26.579 Y-31.478 E857.40927 F3000
G1 X27.368 Y-31.399 E857.54106 F3000
G1 X27.616 Y-31.335 E857.58372 F3000
G1 X28.297 Y-31.149 E857.70115 F3000
G1 X28.890 Y-30.758 E857.81920 F3000
G1 X29.058 Y-30.654 E857.85213 F3000
G1 X29.564 Y-29.926 E857.99952 F3000
G1 X29.657 Y-29.803 E858.02517 F3000
G1 X29.717 Y-29.642 E858.05381 F3000
G1 X30.098 Y-28.482 E858.25677 F3000
G1 X30.102 Y-28.466 E858.25959 F3000
G1 X30.120 Y-28.367 E858.27618 F3000
G1 X30.408 Y-26.860 E858.53144 F3000
G1 X30.545 Y-25.662 E858.73189 F3000
G1 X30.603 Y-25.092 E858.82719 F3000
G1 X30.661 Y-24.204 E858.97519 F3000
G1 X30.710 Y-23.345 E859.11824 F3000
G1 X30.744 Y-22.253 E859.29993 F3000
G1 X30.758 Y-21.791 E859.37692 F3000
G1 X30.760 Y-20.184 E859.64411 F3000
G1 X30.760 Y-20.110 E859.65649 F3000
G1 X30.758 Y-20.054 E859.66568 F3000
G1 X30.755 Y-19.833 E859.70245 F3000
G1 X30.747 Y-18.366 E859.94639 F3000
G1 X30.747 Y-18.014 E860.00502 F3000
G1 X30.730 Y-16.273 E860.29451 F3000
G1 X30.725 Y-15.171 E860.47777 F3000
G1 X30.716 Y-12.594 E860.90630 F3000
G1 X30.708 Y-11.266 E861.12722 F3000
G1 X30.700 Y-7.962 E861.67665 F3000
G1 X30.701 Y-7.118 E861.81696 F3000
G1 X30.702 Y-6.881 E861.85641 F3000
; LAYER:22
; Z:22.500
G0 Z22.500 F600
G0 X30.746 Y-2.606 F9000
G1 X30.746 Y-4.054 E862.09729 F3000
G1 X30.758 Y-6.924 E862.57457 F3000
G1 X30.763 Y-8.218 E862.78968 F3000
G1 X30.800 Y-11.365 E863.31311 F3000
G1 X30.846 Y-13.831 E863.72334 F3000
G1 X30.869 Y-15.357 E863.97701 F3000
G1 X30.877 Y-15.828 E864.05541 F3000
G1 X30.907 Y-16.981 E864.24726 F3000
G1 X30.962 Y-18.323 E864.47057 F3000
G1 X30.991 Y-19.060 E864.59332 F3000
G1 X31.046 Y-20.552 E864.84157 F3000
G1 X31.056 Y-21.159 E864.94251 F3000
G1 X31.076 Y-22.301 E865.13247 F3000
G1 X31.072 Y-22.529 E865.17030 F3000
G1 X31.045 Y-23.574 E865.34421 F3000
G1 X31.042 Y-23.831 E865.38688 F3000
G1 X31.041 Y-23.884 E865.39576 F3000
G1 X31.034 Y-23.966 E865.40941 F3000
G1 X30.934 Y-25.622 E865.68529 F3000
G1 X30.869 Y-26.073 E865.76105 F3000
G1 X30.718 Y-27.339 E865.97309 F3000
G1 X30.547 Y-28.180 E866.11588 F3000
G1 X30.374 Y-28.887 E866.23684 F3000
G1 X30.172 Y-29.449 E866.33623 F3000
G1 X29.891 Y-30.127 E866.45829 F3000
G1 X29.497 Y-30.609 E866.56180 F3000
G1 X29.260 Y-30.926 E866.62769 F3000
G1 X28.753 Y-31.217 E866.72487 F3000
G1 X28.473 Y-31.390 E866.77957 F3000
G1 X28.144 Y-31.474 E866.83600 F3000
G1 X27.524 Y-31.622 E866.94205 F3000
G1 X27.138 Y-31.658 E867.00652 F3000
G1 X26.402 Y-31.721 E867.12929 F3000
G1 X25.527 Y-31.765 E867.27509 F3000
G1 X25.098 Y-31.789 E867.34652 F3000
G1 X24.121 Y-31.816 E867.50911 F3000
G1 X23.725 Y-31.828 E867.57496 F3000
G1 X23.384 Y-31.833 E867.63166 F3000
G1 X22.398 Y-31.844 E867.79571 F3000
G1 X22.178 Y-31.845 E867.83217 F3000
G1 X21.231 Y-31.841 E867.98974 F3000
G1 X20.609 Y-31.828 E868.09318 F3000
G1 X20.372 Y-31.824 E868.13251 F3000
G1 X19.803 Y-31.776 E868.22760 F3000
G1 X19.685 Y-31.761 E868.24726 F3000
G1 X19.555 Y-31.719 E868.27005 F3000
G1 X19.228 Y-31.627 E868.32648 F3000
G1 X19.062 Y-31.485 E868.36284 F3000
G1 X18.932 Y-31.388 E868.38978 F3000
G1 X18.881 Y-31.290 E868.40813 F3000
G1 X18.760 Y-31.012 E868.45859 F3000
G1 X18.748 Y-30.972 E868.46556 F3000
G1 X18.691 Y-30.743 E868.50485 F3000
G1 X18.653 Y-30.598 E868.52971 F3000
G1 X18.646 Y-30.567 E868.53496 F3000
G1 X18.636 Y-30.527 E868.54185 F3000
G1 X18.525 Y-30.139 E868.60897 F3000
G1 X18.486 Y-30.072 E868.62184 F3000
G1 X18.330 Y-29.828 E868.67001 F3000
G1 X18.049 Y-29.741 E868.71897 F3000
G1 X17.998 Y-29.726 E868.72775 F3000
G1 X17.475 Y-29.770 E868.81514 F3000
G1 X17.429 Y-29.773 E868.82274 F3000
G1 X16.657 Y-29.890 E868.95263 F3000
G1 X16.520 Y-29.905 E868.97552 F3000
G1 X15.525 Y-30.038 E869.14238 F3000
G1 X15.169 Y-30.077 E869.20199 F3000
G1 X14.592 Y-30.127 E869.29835 F3000
G1 X13.271 Y-30.250 E869.51891 F3000
G1 X12.427 Y-30.311 E869.65964 F3000
G1 X11.044 Y-30.415 E869.89032 F3000
G1 X9.682 Y-30.501 E870.11729 F3000
G1 X8.706 Y-30.562 E870.27993 F3000
G1 X7.456 Y-30.626 E870.48799 F3000
G1 X6.475 Y-30.677 E870.65140 F3000
G1 X5.587 Y-30.711 E870.79921 F3000
G1 X4.571 Y-30.749 E870.96830 F3000
G1 X3.773 Y-30.767 E871.10095 F3000
G1 X2.911 Y-30.787 E871.24436 F3000
G1 X2.148 Y-30.794 E871.37135 F3000
G1 X1.415 Y-30.801 E871.49322 F3000
G1 X0.702 Y-30.802 E871.61172 F3000
G1 X0.000 Y-30.802 E871.72851 F3000
G1 X-0.702 Y-30.802 E871.84531 F3000
G1 X-1.415 Y-30.801 E871.96380 F3000
G1 X-2.148 Y-30.794 E872.08568 F3000
G1 X-2.911 Y-30.787 E872.21267 F3000
G1 X-3.773 Y-30.767 E872.35607 F3000
G1 X-4.571 Y-30.749 E872.48872 F3000
G1 X-5.587 Y-30.711 E872.65781 F3000
G1 X-6.475 Y-30.677 E872.80562 F3000
G1 X-7.456 Y-30.626 E872.96903 F3000
G1 X-8.706 Y-30.562 E873.17709 F3000
G1 X-9.682 Y-30.501 E873.33973 F3000
G1 X-11.044 Y-30.415 E873.56671 F3000
G1 X-12.427 Y-30.311 E873.79738 F3000
G1 X-13.271 Y-30.250 E873.93811 F3000
G1 X-14.592 Y-30.127 E874.15867 F3000
G1 X-15.169 Y-30.077 E874.25503 F3000
G1 X-15.525 Y-30.038 E874.31464 F3000
G1 X-16.520 Y-29.905 E874.48151 F3000
G1 X-16.657 Y-29.890 E874.50439 F3000
G1 X-17.429 Y-29.773 E874.63428 F3000
G1 X-17.475 Y-29.770 E874.64189 F3000
G1 X-17.998 Y-29.726 E874.72927 F3000
G1 X-18.049 Y-29.741 E874.73806 F3000
G1 X-18.330 Y-29.828 E874.78701 F3000
G1 X-18.486 Y-30.072 E874.83519 F3000
G1 X-18.525 Y-30.139 E874.84805 F3000
G1 X-18.636 Y-30.527 E874.91517 F3000
G1 X-18.653 Y-30.598 E874.92731 F3000
G1 X-18.691 Y-30.743 E874.95217 F3000
G1 X-18.748 Y-30.972 E874.99146 F3000
G1 X-18.760 Y-31.012 E874.99843 F3000
G1 X-18.881 Y-31.290 E875.04889 F3000
G1 X-18.932 Y-31.388 E875.06724 F3000
G1 X-19.062 Y-31.485 E875.09419 F3000
G1 X-19.228 Y-31.627 E875.13054 F3000
G1 X-19.555 Y-31.719 E875.18697 F3000
G1 X-19.685 Y-31.761 E875.20976 F3000
G1 X-19.803 Y-31.776 E875.22942 F3000
G1 X-20.340 Y-31.822 E875.31910 F3000
G1 X-20.372 Y-31.824 E875.32452 F3000
G1 X-20.609 Y-31.828 E875.36385 F3000
G1 X-21.231 Y-31.841 E875.46729 F3000
G1 X-22.178 Y-31.845 E875.62486 F3000
G1 X-22.398 Y-31.844 E875.66132 F3000
G1 X-23.384 Y-31.833 E875.82537 F3000
G1 X-23.725 Y-31.828 E875.88206 F3000
G1 X-24.121 Y-31.816 E875.94791 F3000
G1 X-25.098 Y-31.789 E876.11051 F3000
G1 X-25.527 Y-31.765 E876.18193 F3000
G1 X-26.402 Y-31.721 E876.32773 F3000
G1 X-27.138 Y-31.658 E876.45050 F3000
G1 X-27.524 Y-31.622 E876.51498 F3000
G1 X-28.144 Y-31.474 E876.62103 F3000
G1 X-28.473 Y-31.390 E876.67746 F3000
G1 X-28.753 Y-31.217 E876.73216 F3000
G1 X-29.260 Y-30.926 E876.82934 F3000
G1 X-29.497 Y-30.609 E876.89523 F3000
G1 X-29.891 Y-30.127 E876.99873 F3000
G1 X-30.172 Y-29.449 E877.12080 F3000
G1 X-30.374 Y-28.887 E877.22019 F3000
G1 X-30.547 Y-28.180 E877.34114 F3000
G1 X-30.718 Y-27.339 E877.48394 F3000
G1 X-30.869 Y-26.073 E877.69597 F3000
G1 X-30.934 Y-25.622 E877.77174 F3000
G1 X-31.034 Y-23.966 E878.04762 F3000
G1 X-31.041 Y-23.884 E878.06127 F3000
G1 X-31.042 Y-23.831 E878.07015 F3000
G1 X-31.045 Y-23.574 E878.11282 F3000
G1 X-31.072 Y-22.529 E878.28673 F3000
G1 X-31.076 Y-22.301 E878.32456 F3000
G1 X-31.056 Y-21.159 E878.51452 F3000
G1 X-31.046 Y-20.552 E878.61545 F3000
G1 X-30.991 Y-19.060 E878.86371 F3000
G1 X-30.962 Y-18.323 E878.98645 F3000
G1 X-30.907 Y-16.981 E879.20976 F3000
G1 X-30.877 Y-15.828 E879.40161 F3000
G1 X-30.869 Y-15.357 E879.48001 F3000
G1 X-30.846 Y-13.831 E879.73369 F3000
G1 X-30.800 Y-11.365 E880.14392 F3000
G1 X-30.763 Y-8.218 E880.66734 F3000
G1 X-30.758 Y-6.924 E880.88246 F3000
G1 X-30.746 Y-4.054 E881.35974 F3000
G1 X-30.746 Y-2.606 E881.60062 F3000
G1 X-30.741 Y-0.899 E881.88452 F3000
G1 X-30.741 Y1.051 E882.20876 F3000
G1 X-30.741 Y2.752 E882.49159 F3000
G1 X-30.740 Y3.481 E882.61283 F3000
G1 X-30.741 Y4.674 E882.81128 F3000
G1 X-30.740 Y5.015 E882.86804 F3000
G1 X-30.740 Y5.216 E882.90137 F3000
G1 X-30.742 Y5.984 E883.02907 F3000
G1 X-30.742 Y6.137 E883.05464 F3000
G1 X-30.746 Y6.713 E883.15038 F3000
G1 X-30.751 Y7.316 E883.25072 F3000
G1 X-30.751 Y7.531 E883.28640 F3000
G1 X-30.758 Y8.110 E883.38275 F3000
G1 X-30.759 Y8.375 E883.42680 F3000
G1 X-30.760 Y8.669 E883.47570 F3000
G1 X-30.767 Y9.184 E883.56128 F3000
G1 X-30.770 Y9.490 E883.61225 F3000
G1 X-30.776 Y9.895 E883.67953 F3000
G1 X-30.783 Y10.179 E883.72687 F3000
G1 X-30.788 Y10.446 E883.77124 F3000
G1 X-30.795 Y10.668 E883.80822 F3000
G1 X-30.802 Y10.918 E883.84967 F3000
G1 X-30.814 Y11.192 E883.89537 F3000
G1 X-30.822 Y11.389 E883.92807 F3000
G1 X-30.838 Y11.738 E883.98628 F3000
G1 X-30.848 Y11.939 E884.01970 F3000
G1 X-30.858 Y12.173 E884.05863 F3000
G1 X-30.881 Y12.648 E884.13780 F3000
G1 X-30.893 Y12.872 E884.17503 F3000
G1 X-30.927 Y13.516 E884.28231 F3000
G1 X-30.988 Y14.503 E884.44671 F3000
G1 X-30.991 Y14.542 E884.45328 F3000
G1 X-31.005 Y14.743 E884.48674 F3000
G1 X-31.085 Y15.728 E884.65102 F3000
G1 X-31.164 Y16.570 E884.79173 F3000
G1 X-31.208 Y17.075 E884.87608 F3000
G1 X-31.259 Y17.595 E884.96293 F3000
G1 X-31.342 Y18.505 E885.11482 F3000
G1 X-31.371 Y18.834 E885.16975 F3000
G1 X-31.450 Y19.594 E885.29680 F3000
G1 X-31.478 Y19.934 E885.35358 F3000
G1 X-31.537 Y20.571 E885.46007 F3000
G1 X-31.591 Y21.272 E885.57688 F3000
G1 X-31.669 Y22.387 E885.76274 F3000
G1 X-31.677 Y22.562 E885.79196 F3000
G1 X-31.713 Y23.379 E885.92795 F3000
G1 X-31.706 Y23.979 E886.02781 F3000
G1 X-31.704 Y24.130 E886.05287 F3000
G1 X-31.648 Y24.534 E886.12073 F3000
G1 X-31.628 Y24.671 E886.14363 F3000
G1 X-31.584 Y24.759 E886.15999 F3000
G1 X-31.471 Y24.995 E886.20355 F3000
G1 X-31.365 Y25.043 E886.22293 F3000
G1 X-31.118 Y25.157 E886.26819 F3000
G1 X-30.660 Y25.195 E886.34453 F3000
G1 X-30.453 Y25.211 E886.37912 F3000
G1 X-29.702 Y25.211 E886.50401 F3000
G1 X-29.361 Y25.211 E886.56065 F3000
G1 X-28.853 Y25.211 E886.64519 F3000
G1 X-27.728 Y25.211 E886.83231 F3000
G1 X-27.119 Y25.211 E886.93359 F3000
G1 X-25.769 Y25.211 E887.15808 F3000
G1 X-24.344 Y25.211 E887.39510 F3000
G1 X-23.701 Y25.211 E887.50196 F3000
G1 X-22.350 Y25.211 E887.72665 F3000
G1 X-21.741 Y25.211 E887.82792 F3000
G1 X-21.233 Y25.211 E887.91243 F3000
G1 X-20.105 Y25.211 E888.09993 F3000
G1 X-19.643 Y25.211 E888.17677 F3000
G1 X-18.618 Y25.211 E888.34725 F3000
G1 X-17.574 Y25.211 E888.52084 F3000
G1 X-17.104 Y25.211 E888.59908 F3000
G1 X-15.920 Y25.211 E888.79595 F3000
G1 X-15.387 Y25.211 E888.88468 F3000
G1 X-14.735 Y25.211 E888.99298 F3000
G1 X-13.290 Y25.211 E889.23326 F3000
G1 X-12.575 Y25.211 E889.35221 F3000
G1 X-10.988 Y25.211 E889.61614 F3000
G1 X-9.378 Y25.211 E889.88394 F3000
G1 X-8.652 Y25.211 E890.00464 F3000
G1 X-7.137 Y25.211 E890.25652 F3000
G1 X-6.455 Y25.211 E890.37005 F3000
G1 X-5.869 Y25.211 E890.46750 F3000
G1 X-4.569 Y25.211 E890.68370 F3000
G1 X-4.055 Y25.211 E890.76909 F3000
G1 X-2.916 Y25.211 E890.95853 F3000
G1 X-1.884 Y25.211 E891.13013 F3000
G1 X-1.419 Y25.211 E891.20747 F3000
G1 X-0.441 Y25.211 E891.37015 F3000
G1 X0.000 Y25.211 E891.44347 F3000
G1 X0.441 Y25.211 E891.51680 F3000
G1 X1.419 Y25.211 E891.67948 F3000
G1 X1.884 Y25.211 E891.75682 F3000
G1 X2.916 Y25.211 E891.92842 F3000
G1 X4.055 Y25.211 E892.11786 F3000
G1 X4.569 Y25.211 E892.20325 F3000
G1 X5.869 Y25.211 E892.41945 F3000
G1 X6.455 Y25.211 E892.51690 F3000
G1 X7.137 Y25.211 E892.63043 F3000
G1 X8.652 Y25.211 E892.88231 F3000
G1 X9.378 Y25.211 E893.00301 F3000
G1 X10.988 Y25.211 E893.27081 F3000
G1 X12.575 Y25.211 E893.53473 F3000
G1 X13.290 Y25.211 E893.65369 F3000
G1 X14.735 Y25.211 E893.89397 F3000
G1 X15.387 Y25.211 E894.00227 F3000
G1 X15.920 Y25.211 E894.09100 F3000
G1 X17.104 Y25.211 E894.28787 F3000
G1 X17.574 Y25.211 E894.36611 F3000
G1 X18.618 Y25.211 E894.53970 F3000
G1 X19.643 Y25.211 E894.71018 F3000
G1 X20.105 Y25.211 E894.78701 F3000
G1 X21.233 Y25.211 E894.97452 F3000
G1 X21.741 Y25.211 E895.05903 F3000
G1 X22.350 Y25.211 E895.16030 F3000
G1 X23.701 Y25.211 E895.38499 F3000
G1 X24.344 Y25.211 E895.49185 F3000
G1 X25.769 Y25.211 E895.72887 F3000
G1 X27.119 Y25.211 E895.95336 F3000
G1 X27.728 Y25.211 E896.05464 F3000
G1 X28.853 Y25.211 E896.24176 F3000
G1 X29.361 Y25.211 E896.32630 F3000
G1 X29.702 Y25.211 E896.38294 F3000
G1 X30.453 Y25.211 E896.50783 F3000
G1 X30.660 Y25.195 E896.54241 F3000
G1 X31.118 Y25.157 E896.61876 F3000
G1 X31.365 Y25.043 E896.66402 F3000
G1 X31.471 Y24.995 E896.68340 F3000
G1 X31.584 Y24.759 E896.72696 F3000
G1 X31.628 Y24.671 E896.74331 F3000
G1 X31.648 Y24.534 E896.76622 F3000
G1 X31.704 Y24.130 E896.83408 F3000
G1 X31.706 Y23.979 E896.85914 F3000
G1 X31.713 Y23.379 E896.95900 F3000
G1 X31.677 Y22.562 E897.09499 F3000
G1 X31.671 Y22.424 E897.11803 F3000
G1 X31.591 Y21.272 E897.31007 F3000
G1 X31.537 Y20.571 E897.42688 F3000
G1 X31.478 Y19.934 E897.53337 F3000
G1 X31.450 Y19.594 E897.59015 F3000
G1 X31.371 Y18.834 E897.71720 F3000
G1 X31.342 Y18.505 E897.77213 F3000
G1 X31.259 Y17.595 E897.92402 F3000
G1 X31.208 Y17.075 E898.01087 F3000
G1 X31.164 Y16.570 E898.09522 F3000
G1 X31.085 Y15.728 E898.23593 F3000
G1 X31.005 Y14.743 E898.40021 F3000
G1 X30.991 Y14.542 E898.43368 F3000
G1 X30.988 Y14.503 E898.44024 F3000
G1 X30.927 Y13.516 E898.60464 F3000
G1 X30.893 Y12.872 E898.71192 F3000
G1 X30.881 Y12.648 E898.74915 F3000
G1 X30.858 Y12.173 E898.82832 F3000
G1 X30.848 Y11.939 E898.86725 F3000
G1 X30.838 Y11.738 E898.90067 F3000
G1 X30.822 Y11.389 E898.95888 F3000
G1 X30.814 Y11.192 E898.99158 F3000
G1 X30.802 Y10.918 E899.03728 F3000
G1 X30.795 Y10.668 E899.07873 F3000
G1 X30.788 Y10.446 E899.11571 F3000
G1 X30.783 Y10.179 E899.16008 F3000
G1 X30.776 Y9.895 E899.20742 F3000
G1 X30.770 Y9.490 E899.27470 F3000
G1 X30.767 Y9.184 E899.32567 F3000
G1 X30.760 Y8.669 E899.41126 F3000
G1 X30.759 Y8.375 E899.46015 F3000
G1 X30.758 Y8.110 E899.50420 F3000
G1 X30.751 Y7.531 E899.60056 F3000
G1 X30.751 Y7.316 E899.63623 F3000
G1 X30.746 Y6.713 E899.73657 F3000
G1 X30.742 Y6.137 E899.83231 F3000
G1 X30.742 Y5.984 E899.85788 F3000
G1 X30.740 Y5.216 E899.98558 F3000
G1 X30.740 Y5.015 E900.01891 F3000
G1 X30.741 Y4.674 E900.07567 F3000
G1 X30.740 Y3.481 E900.27412 F3000
G1 X30.741 Y2.752 E900.39536 F3000
G1 X30.741 Y1.051 E900.67819 F3000
G1 X30.741 Y-0.899 E901.00243 F3000
G1 X30.746 Y-2.606 E901.28633 F3000
; LAYER:23
; Z:23.500
G0 Z23.500 F600
G0 X30.818 Y-2.653 F9000
G1 X30.829 Y-4.171 E901.53884 F3000
G1 X30.870 Y-7.032 E902.01465 F3000
G1 X30.875 Y-7.384 E902.07320 F3000
G1 X30.941 Y-9.926 E902.49605 F3000
G1 X31.005 Y-11.626 E902.77896 F3000
G1 X31.035 Y-12.578 E902.93731 F3000
G1 X31.098 Y-14.030 E903.17902 F3000
G1 X31.154 Y-15.048 E903.34866 F3000
G1 X31.206 Y-15.833 E903.47949 F3000
G1 X31.342 Y-17.883 E903.82109 F3000
G1 X31.411 Y-18.975 E904.00303 F3000
G1 X31.473 Y-20.018 E904.17681 F3000
G1 X31.540 Y-20.951 E904.33233 F3000
G1 X31.564 Y-21.277 E904.38672 F3000
G1 X31.580 Y-21.682 E904.45421 F3000
G1 X31.634 Y-23.038 E904.67989 F3000
G1 X31.616 Y-23.759 E904.79973 F3000
G1 X31.602 Y-24.580 E904.93634 F3000
G1 X31.557 Y-25.226 E905.04395 F3000
G1 X31.464 Y-26.223 E905.21049 F3000
G1 X31.398 Y-26.700 E905.29057 F3000
G1 X31.206 Y-27.831 E905.48139 F3000
G1 X30.890 Y-28.983 E905.68005 F3000
G1 X30.820 Y-29.278 E905.73047 F3000
G1 X30.376 Y-30.249 E905.90809 F3000
G1 X30.298 Y-30.440 E905.94237 F3000
G1 X30.205 Y-30.554 E905.96676 F3000
G1 X29.631 Y-31.193 E906.10961 F3000
G1 X29.520 Y-31.257 E906.13087 F3000
G1 X28.813 Y-31.634 E906.26420 F3000
G1 X27.976 Y-31.821 E906.40687 F3000
G1 X27.832 Y-31.855 E906.43138 F3000
G1 X26.849 Y-31.937 E906.59549 F3000
G1 X26.679 Y-31.951 E906.62387 F3000
G1 X26.486 Y-31.961 E906.65598 F3000
G1 X25.341 Y-32.015 E906.84668 F3000
G1 X25.161 Y-32.020 E906.87654 F3000
G1 X23.935 Y-32.051 E907.08059 F3000
G1 X22.616 Y-32.060 E907.29987 F3000
G1 X22.288 Y-32.058 E907.35441 F3000
G1 X21.385 Y-32.049 E907.50452 F3000
G1 X20.670 Y-32.026 E907.62351 F3000
G1 X20.474 Y-32.016 E907.65628 F3000
G1 X20.056 Y-31.968 E907.72614 F3000
G1 X19.800 Y-31.927 E907.76921 F3000
G1 X19.506 Y-31.809 E907.82203 F3000
G1 X19.330 Y-31.748 E907.85296 F3000
G1 X19.032 Y-31.449 E907.92312 F3000
G1 X19.025 Y-31.443 E907.92471 F3000
G1 X19.022 Y-31.437 E907.92576 F3000
G1 X19.013 Y-31.412 E907.93019 F3000
G1 X18.844 Y-30.970 E908.00885 F3000
G1 X18.807 Y-30.784 E908.04037 F3000
G1 X18.725 Y-30.417 E908.10298 F3000
G1 X18.665 Y-30.184 E908.14298 F3000
G1 X18.600 Y-29.892 E908.19266 F3000
G1 X18.521 Y-29.757 E908.21870 F3000
G1 X18.400 Y-29.526 E908.26212 F3000
G1 X18.227 Y-29.483 E908.29174 F3000
G1 X18.059 Y-29.435 E908.32086 F3000
G1 X17.863 Y-29.477 E908.35415 F3000
G1 X17.479 Y-29.528 E908.41858 F3000
G1 X16.608 Y-29.705 E908.56629 F3000
G1 X16.569 Y-29.713 E908.57289 F3000
G1 X15.423 Y-29.899 E908.76603 F3000
G1 X15.200 Y-29.928 E908.80346 F3000
G1 X14.822 Y-29.964 E908.86652 F3000
G1 X13.294 Y-30.125 E909.12210 F3000
G1 X12.667 Y-30.172 E909.22664 F3000
G1 X11.060 Y-30.303 E909.49483 F3000
G1 X9.421 Y-30.410 E909.76803 F3000
G1 X8.715 Y-30.455 E909.88551 F3000
G1 X7.139 Y-30.538 E910.14812 F3000
G1 X6.480 Y-30.572 E910.25777 F3000
G1 X5.908 Y-30.594 E910.35290 F3000
G1 X4.573 Y-30.645 E910.57518 F3000
G1 X4.077 Y-30.656 E910.65764 F3000
G1 X2.912 Y-30.683 E910.85149 F3000
G1 X1.868 Y-30.694 E911.02515 F3000
G1 X1.415 Y-30.698 E911.10044 F3000
G1 X0.434 Y-30.699 E911.26361 F3000
G1 X0.000 Y-30.699 E911.33573 F3000
G1 X-0.434 Y-30.699 E911.40785 F3000
G1 X-1.415 Y-30.698 E911.57102 F3000
G1 X-1.868 Y-30.694 E911.64631 F3000
G1 X-2.912 Y-30.683 E911.81997 F3000
G1 X-4.077 Y-30.656 E912.01382 F3000
G1 X-4.573 Y-30.645 E912.09628 F3000
G1 X-5.908 Y-30.594 E912.31855 F3000
G1 X-6.480 Y-30.572 E912.41368 F3000
G1 X-7.139 Y-30.538 E912.52334 F3000
G1 X-8.715 Y-30.455 E912.78595 F3000
G1 X-9.421 Y-30.410 E912.90343 F3000
G1 X-11.060 Y-30.303 E913.17663 F3000
G1 X-12.667 Y-30.172 E913.44481 F3000
G1 X-13.294 Y-30.125 E913.54935 F3000
G1 X-14.822 Y-29.964 E913.80493 F3000
G1 X-15.200 Y-29.928 E913.86799 F3000
G1 X-15.423 Y-29.899 E913.90543 F3000
G1 X-16.560 Y-29.714 E914.09704 F3000
G1 X-16.569 Y-29.713 E914.09857 F3000
G1 X-16.608 Y-29.705 E914.10517 F3000
G1 X-17.479 Y-29.528 E914.25287 F3000
G1 X-17.863 Y-29.477 E914.31731 F3000
G1 X-18.059 Y-29.435 E914.35060 F3000
G1 X-18.227 Y-29.483 E914.37972 F3000
G1 X-18.400 Y-29.526 E914.40934 F3000
G1 X-18.521 Y-29.757 E914.45276 F3000
G1 X-18.600 Y-29.892 E914.47880 F3000
G1 X-18.665 Y-30.184 E914.52848 F3000
G1 X-18.725 Y-30.417 E914.56848 F3000
G1 X-18.807 Y-30.784 E914.63108 F3000
G1 X-18.844 Y-30.970 E914.66260 F3000
G1 X-19.013 Y-31.412 E914.74127 F3000
G1 X-19.022 Y-31.437 E914.74570 F3000
G1 X-19.032 Y-31.449 E914.74828 F3000
G1 X-19.330 Y-31.748 E914.81844 F3000
G1 X-19.506 Y-31.809 E914.84937 F3000
G1 X-19.800 Y-31.927 E914.90220 F3000
G1 X-20.056 Y-31.968 E914.94527 F3000
G1 X-20.474 Y-32.016 E915.01512 F3000
G1 X-20.670 Y-32.026 E915.04789 F3000
G1 X-21.385 Y-32.049 E915.16688 F3000
G1 X-22.288 Y-32.058 E915.31699 F3000
G1 X-22.577 Y-32.061 E915.36501 F3000
G1 X-22.616 Y-32.060 E915.37153 F3000
G1 X-23.935 Y-32.051 E915.59082 F3000
G1 X-25.161 Y-32.020 E915.79487 F3000
G1 X-25.341 Y-32.015 E915.82472 F3000
G1 X-26.486 Y-31.961 E916.01542 F3000
G1 X-26.679 Y-31.951 E916.04754 F3000
G1 X-26.849 Y-31.937 E916.07591 F3000
G1 X-27.832 Y-31.855 E916.24002 F3000
G1 X-27.976 Y-31.821 E916.26453 F3000
G1 X-28.813 Y-31.634 E916.40720 F3000
G1 X-29.520 Y-31.257 E916.54053 F3000
G1 X-29.631 Y-31.193 E916.56179 F3000
G1 X-30.205 Y-30.554 E916.70465 F3000
G1 X-30.298 Y-30.440 E916.72903 F3000
G1 X-30.376 Y-30.249 E916.76331 F3000
G1 X-30.820 Y-29.278 E916.94093 F3000
G1 X-30.890 Y-28.983 E916.99135 F3000
G1 X-31.206 Y-27.831 E917.19001 F3000
G1 X-31.398 Y-26.700 E917.38084 F3000
G1 X-31.464 Y-26.223 E917.46091 F3000
G1 X-31.557 Y-25.226 E917.62746 F3000
G1 X-31.602 Y-24.580 E917.73506 F3000
G1 X-31.616 Y-23.759 E917.87167 F3000
G1 X-31.634 Y-23.038 E917.99151 F3000
G1 X-31.580 Y-21.682 E918.21719 F3000
G1 X-31.564 Y-21.277 E918.28468 F3000
G1 X-31.540 Y-20.951 E918.33907 F3000
G1 X-31.473 Y-20.018 E918.49459 F3000
G1 X-31.411 Y-18.975 E918.66837 F3000
G1 X-31.342 Y-17.883 E918.85031 F3000
G1 X-31.206 Y-15.833 E919.19191 F3000
G1 X-31.154 Y-15.048 E919.32274 F3000
G1 X-31.098 Y-14.030 E919.49238 F3000
G1 X-31.035 Y-12.578 E919.73409 F3000
G1 X-31.005 Y-11.626 E919.89244 F3000
G1 X-30.941 Y-9.926 E920.17536 F3000
G1 X-30.875 Y-7.384 E920.59820 F3000
G1 X-30.870 Y-7.032 E920.65675 F3000
G1 X-30.829 Y-4.171 E921.13256 F3000
G1 X-30.818 Y-2.653 E921.38507 F3000
G1 X-30.802 Y-1.224 E921.62272 F3000
G1 X-30.790 Y1.035 E921.99832 F3000
G1 X-30.780 Y3.337 E922.38128 F3000
G1 X-30.778 Y3.476 E922.40428 F3000
G1 X-30.776 Y4.419 E922.56122 F3000
G1 X-30.775 Y5.014 E922.66014 F3000
G1 X-30.775 Y5.954 E922.81650 F3000
G1 X-30.775 Y5.984 E922.82136 F3000
G1 X-30.777 Y6.644 E922.93111 F3000
G1 X-30.777 Y6.713 E922.94267 F3000
G1 X-30.781 Y7.478 E923.06994 F3000
G1 X-30.781 Y7.531 E923.07868 F3000
G1 X-30.787 Y8.258 E923.19962 F3000
G1 X-30.787 Y8.375 E923.21908 F3000
G1 X-30.788 Y8.511 E923.24172 F3000
G1 X-30.795 Y9.184 E923.35356 F3000
G1 X-30.798 Y9.372 E923.38494 F3000
G1 X-30.805 Y9.895 E923.47181 F3000
G1 X-30.814 Y10.245 E923.53004 F3000
G1 X-30.818 Y10.446 E923.56353 F3000
G1 X-30.828 Y10.718 E923.60877 F3000
G1 X-30.835 Y10.918 E923.64197 F3000
G1 X-30.846 Y11.144 E923.67965 F3000
G1 X-30.858 Y11.389 E923.72040 F3000
G1 X-30.875 Y11.691 E923.77084 F3000
G1 X-30.888 Y11.939 E923.81208 F3000
G1 X-30.903 Y12.214 E923.85791 F3000
G1 X-30.927 Y12.649 E923.93024 F3000
G1 X-30.942 Y12.904 E923.97275 F3000
G1 X-30.980 Y13.517 E924.07497 F3000
G1 X-31.051 Y14.530 E924.24373 F3000
G1 X-31.057 Y14.608 E924.25689 F3000
G1 X-31.141 Y15.466 E924.40014 F3000
G1 X-31.165 Y15.737 E924.44550 F3000
G1 X-31.232 Y16.427 E924.56069 F3000
G1 X-31.301 Y17.097 E924.67271 F3000
G1 X-31.390 Y18.023 E924.82737 F3000
G1 X-31.441 Y18.542 E924.91424 F3000
G1 X-31.522 Y19.364 E925.05158 F3000
G1 X-31.565 Y19.987 E925.15541 F3000
G1 X-31.599 Y20.382 E925.22139 F3000
G1 X-31.659 Y21.337 E925.38038 F3000
G1 X-31.680 Y21.682 E925.43794 F3000
G1 X-31.720 Y22.351 E925.54936 F3000
G1 X-31.726 Y22.495 E925.57332 F3000
G1 X-31.753 Y23.216 E925.69330 F3000
G1 X-31.760 Y23.453 E925.73276 F3000
G1 X-31.755 Y23.677 E925.77009 F3000
G1 X-31.746 Y24.205 E925.85784 F3000
G1 X-31.716 Y24.405 E925.89146 F3000
G1 X-31.667 Y24.746 E925.94869 F3000
G1 X-31.572 Y24.936 E925.98406 F3000
G1 X-31.503 Y25.070 E926.00911 F3000
G1 X-31.299 Y25.162 E926.04636 F3000
G1 X-31.141 Y25.232 E926.07507 F3000
G1 X-30.844 Y25.256 E926.12467 F3000
G1 X-30.468 Y25.286 E926.18745 F3000
G1 X-29.981 Y25.286 E926.26833 F3000
G1 X-29.369 Y25.286 E926.37021 F3000
G1 X-28.454 Y25.286 E926.52228 F3000
G1 X-27.731 Y25.286 E926.64260 F3000
G1 X-26.635 Y25.286 E926.82479 F3000
G1 X-25.770 Y25.286 E926.96875 F3000
G1 X-24.857 Y25.286 E927.12054 F3000
G1 X-23.701 Y25.286 E927.31275 F3000
G1 X-22.836 Y25.286 E927.45655 F3000
G1 X-21.741 Y25.286 E927.63871 F3000
G1 X-20.827 Y25.286 E927.79072 F3000
G1 X-20.105 Y25.286 E927.91072 F3000
G1 X-19.274 Y25.286 E928.04893 F3000
G1 X-18.618 Y25.286 E928.15804 F3000
G1 X-17.950 Y25.286 E928.26914 F3000
G1 X-17.104 Y25.286 E928.40987 F3000
G1 X-16.346 Y25.286 E928.53587 F3000
G1 X-15.387 Y25.286 E928.69547 F3000
G1 X-14.215 Y25.286 E928.89027 F3000
G1 X-13.290 Y25.286 E929.04405 F3000
G1 X-12.004 Y25.286 E929.25802 F3000
G1 X-10.988 Y25.286 E929.42693 F3000
G1 X-9.958 Y25.286 E929.59832 F3000
G1 X-8.652 Y25.286 E929.81542 F3000
G1 X-7.683 Y25.286 E929.97663 F3000
G1 X-6.455 Y25.286 E930.18084 F3000
G1 X-5.401 Y25.286 E930.35612 F3000
G1 X-4.569 Y25.286 E930.49449 F3000
G1 X-3.645 Y25.286 E930.64807 F3000
G1 X-2.916 Y25.286 E930.76932 F3000
G1 X-2.256 Y25.286 E930.87914 F3000
G1 X-1.419 Y25.286 E931.01826 F3000
G1 X-0.793 Y25.286 E931.12238 F3000
G1 X0.000 Y25.286 E931.25426 F3000
G1 X0.793 Y25.286 E931.38615 F3000
G1 X1.419 Y25.286 E931.49027 F3000
G1 X2.256 Y25.286 E931.62938 F3000
G1 X2.916 Y25.286 E931.73921 F3000
G1 X3.645 Y25.286 E931.86045 F3000
G1 X4.569 Y25.286 E932.01404 F3000
G1 X5.401 Y25.286 E932.15241 F3000
G1 X6.455 Y25.286 E932.32769 F3000
G1 X7.683 Y25.286 E932.53189 F3000
G1 X8.652 Y25.286 E932.69310 F3000
G1 X9.958 Y25.286 E932.91021 F3000
G1 X10.988 Y25.286 E933.08160 F3000
G1 X12.004 Y25.286 E933.25051 F3000
G1 X13.290 Y25.286 E933.46448 F3000
G1 X14.215 Y25.286 E933.61826 F3000
G1 X15.387 Y25.286 E933.81306 F3000
G1 X16.346 Y25.286 E933.97266 F3000
G1 X17.104 Y25.286 E934.09866 F3000
G1 X17.950 Y25.286 E934.23939 F3000
G1 X18.618 Y25.286 E934.35049 F3000
G1 X19.274 Y25.286 E934.45960 F3000
G1 X20.105 Y25.286 E934.59780 F3000
G1 X20.827 Y25.286 E934.71781 F3000
G1 X21.741 Y25.286 E934.86982 F3000
G1 X22.836 Y25.286 E935.05198 F3000
G1 X23.701 Y25.286 E935.19578 F3000
G1 X24.857 Y25.286 E935.38799 F3000
G1 X25.770 Y25.286 E935.53978 F3000
G1 X26.635 Y25.286 E935.68374 F3000
G1 X27.731 Y25.286 E935.86592 F3000
G1 X28.454 Y25.286 E935.98625 F3000
G1 X29.369 Y25.286 E936.13832 F3000
G1 X29.981 Y25.286 E936.24019 F3000
G1 X30.468 Y25.286 E936.32108 F3000
G1 X30.844 Y25.256 E936.38385 F3000
G1 X31.141 Y25.232 E936.43346 F3000
G1 X31.299 Y25.162 E936.46217 F3000
G1 X31.503 Y25.070 E936.49941 F3000
G1 X31.572 Y24.936 E936.52447 F3000
G1 X31.667 Y24.746 E936.55984 F3000
G1 X31.716 Y24.405 E936.61707 F3000
G1 X31.746 Y24.205 E936.65069 F3000
G1 X31.755 Y23.677 E936.73844 F3000
G1 X31.760 Y23.453 E936.77576 F3000
G1 X31.753 Y23.216 E936.81523 F3000
G1 X31.726 Y22.495 E936.93521 F3000
G1 X31.720 Y22.351 E936.95916 F3000
G1 X31.680 Y21.682 E937.07059 F3000
G1 X31.659 Y21.337 E937.12815 F3000
G1 X31.599 Y20.382 E937.28714 F3000
G1 X31.565 Y19.987 E937.35312 F3000
G1 X31.522 Y19.364 E937.45694 F3000
G1 X31.441 Y18.542 E937.59429 F3000
G1 X31.390 Y18.023 E937.68116 F3000
G1 X31.301 Y17.097 E937.83582 F3000
G1 X31.232 Y16.427 E937.94784 F3000
G1 X31.165 Y15.737 E938.06303 F3000
G1 X31.141 Y15.466 E938.10839 F3000
G1 X31.057 Y14.608 E938.25163 F3000
G1 X31.052 Y14.546 E938.26206 F3000
G1 X31.051 Y14.530 E938.26479 F3000
G1 X30.980 Y13.517 E938.43355 F3000
G1 X30.942 Y12.904 E938.53578 F3000
G1 X30.927 Y12.649 E938.57829 F3000
G1 X30.903 Y12.214 E938.65062 F3000
G1 X30.888 Y11.939 E938.69645 F3000
G1 X30.875 Y11.691 E938.73769 F3000
G1 X30.858 Y11.389 E938.78813 F3000
G1 X30.846 Y11.144 E938.82888 F3000
G1 X30.835 Y10.918 E938.86656 F3000
G1 X30.828 Y10.718 E938.89976 F3000
G1 X30.818 Y10.446 E938.94500 F3000
G1 X30.814 Y10.245 E938.97849 F3000
G1 X30.805 Y9.895 E939.03671 F3000
G1 X30.798 Y9.372 E939.12359 F3000
G1 X30.795 Y9.184 E939.15496 F3000
G1 X30.789 Y8.511 E939.26681 F3000
G1 X30.787 Y8.375 E939.28944 F3000
G1 X30.787 Y8.258 E939.30891 F3000
G1 X30.781 Y7.531 E939.42985 F3000
G1 X30.781 Y7.478 E939.43859 F3000
G1 X30.777 Y6.713 E939.56586 F3000
G1 X30.777 Y6.644 E939.57742 F3000
G1 X30.775 Y5.984 E939.68717 F3000
G1 X30.775 Y5.954 E939.69203 F3000
G1 X30.775 Y5.014 E939.84839 F3000
G1 X30.776 Y4.419 E939.94731 F3000
G1 X30.778 Y3.476 E940.10424 F3000
G1 X30.780 Y3.337 E940.12725 F3000
G1 X30.790 Y1.035 E940.51021 F3000
G1 X30.802 Y-1.224 E940.88580 F3000
G1 X30.818 Y-2.653 E941.12346 F3000
; LAYER:24
; Z:24.500
G0 Z24.500 F600
G0 X17.519 Y-29.229 F9000
G1 X17.826 Y-29.155 E941.17601 F3000
G1 X18.110 Y-29.058 E941.22593 F3000
G1 X18.210 Y-29.078 E941.24293 F3000
G1 X18.462 Y-29.129 E941.28568 F3000
G1 X18.637 Y-29.539 E941.35989 F3000
G1 X18.663 Y-29.587 E941.36889 F3000
G1 X18.752 Y-30.093 E941.45426 F3000
G1 X18.786 Y-30.241 E941.47962 F3000
G1 X18.836 Y-30.495 E941.52258 F3000
G1 X18.909 Y-30.907 E941.59220 F3000
G1 X19.060 Y-31.356 E941.67091 F3000
G1 X19.097 Y-31.475 E941.69173 F3000
G1 X19.131 Y-31.522 E941.70131 F3000
G1 X19.249 Y-31.659 E941.73137 F3000
G1 X19.379 Y-31.818 E941.76552 F3000
G1 X19.416 Y-31.856 E941.77433 F3000
G1 X19.750 Y-32.024 E941.83643 F3000
G1 X19.909 Y-32.088 E941.86500 F3000
G1 X20.278 Y-32.148 E941.92724 F3000
G1 X20.615 Y-32.213 E941.98434 F3000
G1 X21.355 Y-32.253 E942.10744 F3000
G1 X21.573 Y-32.269 E942.14388 F3000
G1 X21.786 Y-32.275 E942.17931 F3000
G1 X22.825 Y-32.293 E942.35202 F3000
G1 X22.913 Y-32.293 E942.36674 F3000
G1 X24.101 Y-32.289 E942.56427 F3000
G1 X24.246 Y-32.289 E942.58841 F3000
G1 X25.664 Y-32.256 E942.82433 F3000
G1 X25.723 Y-32.254 E942.83407 F3000
G1 X27.054 Y-32.191 E943.05573 F3000
G1 X27.128 Y-32.187 E943.06802 F3000
G1 X27.192 Y-32.182 E943.07879 F3000
G1 X28.336 Y-32.084 E943.26959 F3000
G1 X28.392 Y-32.071 E943.27920 F3000
G1 X29.360 Y-31.858 E943.44400 F3000
G1 X30.175 Y-31.442 E943.59620 F3000
G1 X30.213 Y-31.422 E943.60333 F3000
G1 X30.880 Y-30.719 E943.76446 F3000
G1 X30.929 Y-30.642 E943.77966 F3000
G1 X31.454 Y-29.573 E943.97764 F3000
G1 X31.470 Y-29.513 E943.98811 F3000
G1 X31.861 Y-28.191 E944.21734 F3000
G1 X32.116 Y-26.781 E944.45554 F3000
G1 X32.137 Y-26.657 E944.47650 F3000
G1 X32.271 Y-25.295 E944.70411 F3000
G1 X32.289 Y-25.087 E944.73883 F3000
G1 X32.294 Y-24.847 E944.77876 F3000
G1 X32.326 Y-23.598 E944.98655 F3000
G1 X32.305 Y-23.112 E945.06744 F3000
G1 X32.250 Y-21.872 E945.27389 F3000
G1 X32.153 Y-20.722 E945.46576 F3000
G1 X32.063 Y-19.594 E945.65387 F3000
G1 X31.979 Y-18.724 E945.79930 F3000
G1 X31.791 Y-16.647 E946.14609 F3000
G1 X31.780 Y-16.514 E946.16830 F3000
G1 X31.775 Y-16.456 E946.17806 F3000
G1 X31.742 Y-16.040 E946.24745 F3000
G1 X31.428 Y-12.108 E946.90333 F3000
G1 X31.308 Y-10.484 E947.17409 F3000
G1 X31.202 Y-8.718 E947.46843 F3000
G1 X31.134 Y-7.316 E947.70185 F3000
G1 X31.017 Y-4.824 E948.11669 F3000
G1 X30.960 Y-2.764 E948.45933 F3000
G1 X30.916 Y-0.595 E948.82025 F3000
G1 X30.879 Y0.997 E949.08497 F3000
G1 X30.871 Y1.395 E949.15113 F3000
G1 X30.852 Y2.788 E949.38285 F3000
G1 X30.846 Y3.464 E949.49527 F3000
G1 X30.846 Y3.553 E949.51018 F3000
G1 X30.837 Y5.011 E949.75264 F3000
G1 X30.836 Y5.838 E949.89009 F3000
G1 X30.836 Y5.984 E949.91434 F3000
G1 X30.838 Y6.631 E950.02207 F3000
G1 X30.838 Y6.713 E950.03565 F3000
G1 X30.838 Y6.796 E950.04939 F3000
G1 X30.841 Y7.531 E950.17166 F3000
G1 X30.843 Y7.833 E950.22192 F3000
G1 X30.851 Y8.375 E950.31207 F3000
G1 X30.863 Y9.025 E950.42022 F3000
G1 X30.867 Y9.184 E950.44657 F3000
G1 X30.880 Y9.674 E950.52807 F3000
G1 X30.887 Y9.895 E950.56485 F3000
G1 X30.895 Y10.109 E950.60054 F3000
G1 X30.907 Y10.446 E950.65661 F3000
G1 X30.919 Y10.678 E950.69514 F3000
G1 X30.931 Y10.918 E950.73510 F3000
G1 X30.944 Y11.120 E950.76884 F3000
G1 X30.962 Y11.389 E950.81361 F3000
G1 X30.975 Y11.580 E950.84548 F3000
G1 X31.000 Y11.939 E950.90538 F3000
G1 X31.042 Y12.522 E951.00249 F3000
G1 X31.050 Y12.649 E951.02367 F3000
G1 X31.110 Y13.437 E951.15521 F3000
G1 X31.118 Y13.519 E951.16876 F3000
G1 X31.197 Y14.305 E951.30020 F3000
G1 X31.219 Y14.551 E951.34131 F3000
G1 X31.285 Y15.164 E951.44376 F3000
G1 X31.337 Y15.751 E951.54177 F3000
G1 X31.447 Y16.919 E951.73693 F3000
G1 X31.462 Y17.060 E951.76055 F3000
G1 X31.466 Y17.124 E951.77114 F3000
G1 X31.554 Y18.065 E951.92831 F3000
G1 X31.582 Y18.586 E952.01504 F3000
G1 X31.638 Y19.621 E952.18741 F3000
G1 X31.667 Y20.044 E952.25797 F3000
G1 X31.710 Y20.961 E952.41059 F3000
G1 X31.728 Y21.403 E952.48426 F3000
G1 X31.769 Y22.316 E952.63614 F3000
G1 X31.776 Y22.567 E952.67788 F3000
G1 X31.794 Y23.218 E952.78633 F3000
G1 X31.799 Y23.527 E952.83768 F3000
G1 X31.792 Y23.810 E952.88476 F3000
G1 X31.781 Y24.280 E952.96289 F3000
G1 X31.744 Y24.517 E953.00273 F3000
G1 X31.698 Y24.820 E953.05383 F3000
G1 X31.610 Y24.991 E953.08573 F3000
G1 X31.529 Y25.145 E953.11469 F3000
G1 X31.343 Y25.227 E953.14848 F3000
G1 X31.160 Y25.307 E953.18168 F3000
G1 X30.818 Y25.334 E953.23877 F3000
G1 X30.479 Y25.361 E953.29521 F3000
G1 X29.923 Y25.361 E953.38780 F3000
G1 X29.375 Y25.361 E953.47892 F3000
G1 X28.559 Y25.361 E953.61449 F3000
G1 X27.733 Y25.361 E953.75189 F3000
G1 X26.758 Y25.361 E953.91409 F3000
G1 X25.770 Y25.361 E954.07833 F3000
G1 X24.729 Y25.361 E954.25142 F3000
G1 X23.701 Y25.361 E954.42242 F3000
G1 X22.715 Y25.361 E954.58637 F3000
G1 X21.741 Y25.361 E954.74838 F3000
G1 X20.928 Y25.361 E954.88358 F3000
G1 X20.105 Y25.361 E955.02040 F3000
G1 X19.366 Y25.361 E955.14332 F3000
G1 X18.618 Y25.361 E955.26771 F3000
G1 X17.857 Y25.361 E955.39438 F3000
G1 X17.104 Y25.361 E955.51955 F3000
G1 X16.240 Y25.361 E955.66319 F3000
G1 X15.387 Y25.361 E955.80514 F3000
G1 X14.345 Y25.361 E955.97840 F3000
G1 X13.290 Y25.361 E956.15372 F3000
G1 X12.146 Y25.361 E956.34403 F3000
G1 X10.988 Y25.361 E956.53661 F3000
G1 X9.813 Y25.361 E956.73201 F3000
G1 X8.652 Y25.361 E956.92510 F3000
G1 X7.547 Y25.361 E957.10889 F3000
G1 X6.455 Y25.361 E957.29052 F3000
G1 X5.517 Y25.361 E957.44641 F3000
G1 X4.569 Y25.361 E957.60417 F3000
G1 X3.747 Y25.361 E957.74076 F3000
G1 X2.916 Y25.361 E957.87899 F3000
G1 X2.163 Y25.361 E958.00420 F3000
G1 X1.419 Y25.361 E958.12794 F3000
G1 X0.705 Y25.361 E958.24664 F3000
G1 X0.000 Y25.361 E958.36394 F3000
G1 X-0.705 Y25.361 E958.48124 F3000
G1 X-1.419 Y25.361 E958.59994 F3000
G1 X-2.163 Y25.361 E958.72367 F3000
G1 X-2.916 Y25.361 E958.84888 F3000
G1 X-3.747 Y25.361 E958.98711 F3000
G1 X-4.569 Y25.361 E959.12371 F3000
G1 X-5.517 Y25.361 E959.28147 F3000
G1 X-6.455 Y25.361 E959.43736 F3000
G1 X-7.547 Y25.361 E959.61898 F3000
G1 X-8.652 Y25.361 E959.80278 F3000
G1 X-9.813 Y25.361 E959.99587 F3000
G1 X-10.988 Y25.361 E960.19127 F3000
G1 X-12.146 Y25.361 E960.38385 F3000
G1 X-13.290 Y25.361 E960.57415 F3000
G1 X-14.345 Y25.361 E960.74948 F3000
G1 X-15.387 Y25.361 E960.92274 F3000
G1 X-16.240 Y25.361 E961.06469 F3000
G1 X-17.104 Y25.361 E961.20833 F3000
G1 X-17.857 Y25.361 E961.33350 F3000
G1 X-18.618 Y25.361 E961.46017 F3000
G1 X-19.366 Y25.361 E961.58456 F3000
G1 X-20.105 Y25.361 E961.70748 F3000
G1 X-20.928 Y25.361 E961.84430 F3000
G1 X-21.741 Y25.361 E961.97950 F3000
G1 X-22.715 Y25.361 E962.14151 F3000
G1 X-23.701 Y25.361 E962.30545 F3000
G1 X-24.729 Y25.361 E962.47646 F3000
G1 X-25.770 Y25.361 E962.64955 F3000
G1 X-26.758 Y25.361 E962.81379 F3000
G1 X-27.733 Y25.361 E962.97598 F3000
G1 X-28.559 Y25.361 E963.11339 F3000
G1 X-29.375 Y25.361 E963.24896 F3000
G1 X-29.923 Y25.361 E963.34008 F3000
G1 X-30.479 Y25.361 E963.43267 F3000
G1 X-30.818 Y25.334 E963.48911 F3000
G1 X-31.160 Y25.307 E963.54619 F3000
G1 X-31.343 Y25.227 E963.57940 F3000
G1 X-31.529 Y25.145 E963.61319 F3000
G1 X-31.610 Y24.991 E963.64215 F3000
G1 X-31.698 Y24.820 E963.67405 F3000
G1 X-31.744 Y24.517 E963.72515 F3000
G1 X-31.781 Y24.280 E963.76498 F3000
G1 X-31.792 Y23.810 E963.84312 F3000
G1 X-31.799 Y23.527 E963.89020 F3000
G1 X-31.794 Y23.218 E963.94154 F3000
G1 X-31.776 Y22.567 E964.04999 F3000
G1 X-31.769 Y22.316 E964.09174 F3000
G1 X-31.728 Y21.403 E964.24362 F3000
G1 X-31.710 Y20.961 E964.31729 F3000
G1 X-31.667 Y20.044 E964.46990 F3000
G1 X-31.638 Y19.621 E964.54047 F3000
G1 X-31.582 Y18.586 E964.71283 F3000
G1 X-31.554 Y18.065 E964.79957 F3000
G1 X-31.466 Y17.124 E964.95674 F3000
G1 X-31.462 Y17.060 E964.96733 F3000
G1 X-31.447 Y16.919 E964.99095 F3000
G1 X-31.337 Y15.751 E965.18611 F3000
G1 X-31.285 Y15.164 E965.28412 F3000
G1 X-31.219 Y14.551 E965.38657 F3000
G1 X-31.197 Y14.305 E965.42768 F3000
G1 X-31.118 Y13.519 E965.55911 F3000
G1 X-31.110 Y13.437 E965.57267 F3000
G1 X-31.050 Y12.649 E965.70421 F3000
G1 X-31.042 Y12.522 E965.72538 F3000
G1 X-31.000 Y11.939 E965.82250 F3000
G1 X-30.975 Y11.580 E965.88239 F3000
G1 X-30.962 Y11.389 E965.91427 F3000
G1 X-30.944 Y11.120 E965.95904 F3000
G1 X-30.931 Y10.918 E965.99278 F3000
G1 X-30.919 Y10.678 E966.03274 F3000
G1 X-30.907 Y10.446 E966.07127 F3000
G1 X-30.895 Y10.109 E966.12734 F3000
G1 X-30.887 Y9.895 E966.16303 F3000
G1 X-30.880 Y9.674 E966.19981 F3000
G1 X-30.867 Y9.184 E966.28131 F3000
G1 X-30.863 Y9.025 E966.30766 F3000
G1 X-30.851 Y8.375 E966.41581 F3000
G1 X-30.843 Y7.833 E966.50595 F3000
G1 X-30.841 Y7.557 E966.55190 F3000
G1 X-30.838 Y6.796 E966.67849 F3000
G1 X-30.838 Y6.713 E966.69223 F3000
G1 X-30.838 Y6.631 E966.70581 F3000
G1 X-30.836 Y5.984 E966.81354 F3000
G1 X-30.836 Y5.838 E966.83779 F3000
G1 X-30.837 Y5.011 E966.97524 F3000
G1 X-30.846 Y3.553 E967.21770 F3000
G1 X-30.846 Y3.464 E967.23261 F3000
G1 X-30.852 Y2.788 E967.34503 F3000
G1 X-30.871 Y1.395 E967.57675 F3000
G1 X-30.879 Y0.997 E967.64291 F3000
G1 X-30.916 Y-0.595 E967.90763 F3000
G1 X-30.960 Y-2.764 E968.26855 F3000
G1 X-31.017 Y-4.824 E968.61119 F3000
G1 X-31.134 Y-7.316 E969.02603 F3000
G1 X-31.202 Y-8.718 E969.25945 F3000
G1 X-31.308 Y-10.484 E969.55379 F3000
G1 X-31.428 Y-12.108 E969.82455 F3000
G1 X-31.742 Y-16.040 E970.48042 F3000
G1 X-31.775 Y-16.456 E970.54981 F3000
G1 X-31.780 Y-16.514 E970.55957 F3000
G1 X-31.791 Y-16.647 E970.58179 F3000
G1 X-31.979 Y-18.724 E970.92858 F3000
G1 X-32.063 Y-19.594 E971.07401 F3000
G1 X-32.153 Y-20.722 E971.26211 F3000
G1 X-32.250 Y-21.872 E971.45399 F3000
G1 X-32.305 Y-23.112 E971.66044 F3000
G1 X-32.326 Y-23.598 E971.74132 F3000
G1 X-32.294 Y-24.847 E971.94912 F3000
G1 X-32.289 Y-25.087 E971.98905 F3000
G1 X-32.271 Y-25.295 E972.02377 F3000
G1 X-32.137 Y-26.657 E972.25138 F3000
G1 X-32.116 Y-26.781 E972.27234 F3000
G1 X-31.861 Y-28.191 E972.51054 F3000
G1 X-31.470 Y-29.513 E972.73976 F3000
G1 X-31.454 Y-29.573 E972.75023 F3000
G1 X-30.929 Y-30.642 E972.94822 F3000
G1 X-30.907 Y-30.689 E972.95689 F3000
G1 X-30.213 Y-31.422 E973.12472 F3000
G1 X-30.175 Y-31.442 E973.13185 F3000
G1 X-29.360 Y-31.858 E973.28405 F3000
G1 X-28.392 Y-32.071 E973.44885 F3000
G1 X-28.336 Y-32.084 E973.45846 F3000
G1 X-27.192 Y-32.182 E973.64926 F3000
G1 X-27.128 Y-32.187 E973.66003 F3000
G1 X-27.054 Y-32.191 E973.67232 F3000
G1 X-25.723 Y-32.254 E973.89398 F3000
G1 X-25.664 Y-32.256 E973.90371 F3000
G1 X-24.246 Y-32.289 E974.13963 F3000
G1 X-24.101 Y-32.289 E974.16378 F3000
G1 X-22.913 Y-32.293 E974.36131 F3000
G1 X-22.825 Y-32.293 E974.37603 F3000
G1 X-21.786 Y-32.275 E974.54873 F3000
G1 X-21.573 Y-32.269 E974.58417 F3000
G1 X-21.355 Y-32.253 E974.62060 F3000
G1 X-20.615 Y-32.213 E974.74371 F3000
G1 X-20.278 Y-32.148 E974.80081 F3000
G1 X-19.909 Y-32.088 E974.86305 F3000
G1 X-19.750 Y-32.024 E974.89161 F3000
G1 X-19.416 Y-31.856 E974.95372 F3000
G1 X-19.379 Y-31.818 E974.96252 F3000
G1 X-19.249 Y-31.659 E974.99668 F3000
G1 X-19.131 Y-31.522 E975.02674 F3000
G1 X-19.097 Y-31.475 E975.03631 F3000
G1 X-19.060 Y-31.356 E975.05713 F3000
G1 X-18.909 Y-30.907 E975.13585 F3000
G1 X-18.836 Y-30.495 E975.20547 F3000
G1 X-18.786 Y-30.241 E975.24843 F3000
G1 X-18.752 Y-30.093 E975.27379 F3000
G1 X-18.663 Y-29.587 E975.35915 F3000
G1 X-18.637 Y-29.539 E975.36815 F3000
G1 X-18.462 Y-29.129 E975.44237 F3000
G1 X-18.210 Y-29.078 E975.48512 F3000
G1 X-18.110 Y-29.058 E975.50212 F3000
G1 X-17.826 Y-29.155 E975.55203 F3000
G1 X-17.519 Y-29.229 E975.60459 F3000
G1 X-16.626 Y-29.491 E975.75933 F3000
G1 X-16.592 Y-29.502 E975.76520 F3000
G1 X-16.454 Y-29.532 E975.78861 F3000
G1 X-15.224 Y-29.768 E975.99692 F3000
G1 X-13.827 Y-29.943 E976.23110 F3000
G1 X-13.312 Y-29.997 E976.31721 F3000
G1 X-11.762 Y-30.141 E976.57616 F3000
G1 X-11.072 Y-30.196 E976.69118 F3000
G1 X-10.331 Y-30.245 E976.81476 F3000
G1 X-8.723 Y-30.365 E977.08284 F3000
G1 X-8.061 Y-30.400 E977.19313 F3000
G1 X-6.484 Y-30.493 E977.45583 F3000
G1 X-5.062 Y-30.554 E977.69250 F3000
G1 X-4.574 Y-30.573 E977.77367 F3000
G1 X-3.328 Y-30.605 E977.98108 F3000
G1 X-2.912 Y-30.615 E978.05019 F3000
G1 X-2.536 Y-30.619 E978.11277 F3000
G1 X-1.415 Y-30.631 E978.29921 F3000
G1 X-1.057 Y-30.631 E978.35877 F3000
G1 X0.000 Y-30.632 E978.53450 F3000
G1 X1.057 Y-30.631 E978.71023 F3000
G1 X1.415 Y-30.631 E978.76979 F3000
G1 X2.536 Y-30.619 E978.95623 F3000
G1 X2.912 Y-30.615 E979.01881 F3000
G1 X3.328 Y-30.605 E979.08792 F3000
G1 X4.574 Y-30.573 E979.29533 F3000
G1 X5.062 Y-30.554 E979.37650 F3000
G1 X6.484 Y-30.493 E979.61317 F3000
G1 X8.061 Y-30.400 E979.87587 F3000
G1 X8.723 Y-30.365 E979.98616 F3000
G1 X10.331 Y-30.245 E980.25424 F3000
G1 X11.072 Y-30.196 E980.37782 F3000
G1 X11.762 Y-30.141 E980.49284 F3000
G1 X13.312 Y-29.997 E980.75179 F3000
G1 X13.827 Y-29.943 E980.83790 F3000
G1 X15.224 Y-29.768 E981.07208 F3000
G1 X16.454 Y-29.532 E981.28039 F3000
G1 X16.592 Y-29.502 E981.30380 F3000
G1 X16.626 Y-29.491 E981.30967 F3000
G1 X17.519 Y-29.229 E981.46441 F3000
; LAYER:25
; Z:25.500
G0 Z25.500 F600
G0 X18.166 Y-28.448 F9000
G1 X18.090 Y-28.483 E981.47834 F3000
G1 X17.553 Y-28.752 E981.57830 F3000
G1 X17.241 Y-28.914 E981.63679 F3000
G1 X16.618 Y-29.175 E981.74913 F3000
G1 X16.552 Y-29.199 E981.76077 F3000
G1 X16.336 Y-29.261 E981.79809 F3000
G1 X15.244 Y-29.532 E981.98515 F3000
G1 X13.913 Y-29.736 E982.20912 F3000
G1 X13.327 Y-29.810 E982.30738 F3000
G1 X11.868 Y-29.968 E982.55137 F3000
G1 X11.082 Y-30.042 E982.68263 F3000
G1 X10.257 Y-30.102 E982.82023 F3000
G1 X8.729 Y-30.230 E983.07520 F3000
G1 X8.028 Y-30.271 E983.19205 F3000
G1 X6.487 Y-30.373 E983.44885 F3000
G1 X5.051 Y-30.441 E983.68789 F3000
G1 X4.576 Y-30.461 E983.76706 F3000
G1 X3.303 Y-30.498 E983.97875 F3000
G1 X2.912 Y-30.508 E984.04376 F3000
G1 X2.562 Y-30.512 E984.10206 F3000
G1 X1.415 Y-30.526 E984.29283 F3000
G1 X1.084 Y-30.526 E984.34794 F3000
G1 X0.000 Y-30.527 E984.52813 F3000
G1 X-1.084 Y-30.526 E984.70831 F3000
G1 X-1.415 Y-30.526 E984.76342 F3000
G1 X-2.562 Y-30.512 E984.95419 F3000
G1 X-2.912 Y-30.508 E985.01249 F3000
G1 X-3.303 Y-30.498 E985.07750 F3000
G1 X-4.576 Y-30.461 E985.28919 F3000
G1 X-5.051 Y-30.441 E985.36836 F3000
G1 X-6.487 Y-30.373 E985.60741 F3000
G1 X-8.028 Y-30.271 E985.86420 F3000
G1 X-8.729 Y-30.230 E985.98105 F3000
G1 X-10.257 Y-30.102 E986.23602 F3000
G1 X-11.082 Y-30.042 E986.37362 F3000
G1 X-11.868 Y-29.968 E986.50488 F3000
G1 X-13.327 Y-29.810 E986.74887 F3000
G1 X-13.913 Y-29.736 E986.84713 F3000
G1 X-15.244 Y-29.532 E987.07110 F3000
G1 X-16.336 Y-29.261 E987.25816 F3000
G1 X-16.552 Y-29.199 E987.29548 F3000
G1 X-16.618 Y-29.175 E987.30712 F3000
G1 X-17.241 Y-28.914 E987.41946 F3000
G1 X-17.553 Y-28.752 E987.47795 F3000
G1 X-18.090 Y-28.483 E987.57791 F3000
G1 X-18.166 Y-28.448 E987.59184 F3000
G1 X-18.271 Y-28.464 E987.60947 F3000
G1 X-18.546 Y-28.445 E987.65523 F3000
G1 X-18.705 Y-29.001 E987.75144 F3000
G1 X-18.729 Y-29.181 E987.78165 F3000
G1 X-18.786 Y-29.654 E987.86089 F3000
G1 X-18.837 Y-30.052 E987.92763 F3000
G1 X-18.919 Y-30.612 E988.02168 F3000
G1 X-18.961 Y-30.844 E988.06103 F3000
G1 X-19.046 Y-31.143 E988.11273 F3000
G1 X-19.158 Y-31.499 E988.17481 F3000
G1 X-19.412 Y-31.847 E988.24637 F3000
G1 X-19.473 Y-31.932 E988.26379 F3000
G1 X-19.492 Y-31.953 E988.26845 F3000
G1 X-19.875 Y-32.177 E988.34223 F3000
G1 X-20.011 Y-32.243 E988.36748 F3000
G1 X-20.343 Y-32.311 E988.42386 F3000
G1 X-20.764 Y-32.411 E988.49570 F3000
G1 X-21.488 Y-32.466 E988.61654 F3000
G1 X-21.792 Y-32.495 E988.66724 F3000
G1 X-22.090 Y-32.507 E988.71689 F3000
G1 X-23.144 Y-32.536 E988.89223 F3000
G1 X-23.311 Y-32.537 E988.91993 F3000
G1 X-24.682 Y-32.538 E989.14793 F3000
G1 X-26.097 Y-32.505 E989.38340 F3000
G1 X-26.272 Y-32.501 E989.41256 F3000
G1 X-26.278 Y-32.500 E989.41354 F3000
G1 X-27.782 Y-32.422 E989.66403 F3000
G1 X-29.026 Y-32.302 E989.87180 F3000
G1 X-30.101 Y-32.059 E990.05501 F3000
G1 X-30.143 Y-32.049 E990.06217 F3000
G1 X-30.177 Y-32.032 E990.06864 F3000
G1 X-31.025 Y-31.593 E990.22737 F3000
G1 X-31.055 Y-31.562 E990.23458 F3000
G1 X-31.729 Y-30.849 E990.39780 F3000
G1 X-32.249 Y-29.775 E990.59618 F3000
G1 X-32.269 Y-29.734 E990.60372 F3000
G1 X-32.645 Y-28.411 E990.83246 F3000
G1 X-32.659 Y-28.364 E990.84066 F3000
G1 X-32.668 Y-28.310 E990.84981 F3000
G1 X-32.911 Y-26.850 E991.09589 F3000
G1 X-32.918 Y-26.780 E991.10762 F3000
G1 X-33.040 Y-25.305 E991.35368 F3000
G1 X-33.056 Y-24.010 E991.56902 F3000
G1 X-33.060 Y-23.842 E991.59697 F3000
G1 X-32.985 Y-22.479 E991.82411 F3000
G1 X-32.969 Y-22.147 E991.87931 F3000
G1 X-32.917 Y-21.546 E991.97969 F3000
G1 X-32.766 Y-19.906 E992.25352 F3000
G1 X-32.606 Y-18.278 E992.52554 F3000
G1 X-32.454 Y-16.809 E992.77124 F3000
G1 X-32.333 Y-15.639 E992.96683 F3000
G1 X-32.087 Y-12.996 E993.40818 F3000
G1 X-32.045 Y-12.540 E993.48434 F3000
G1 X-31.968 Y-11.644 E993.63399 F3000
G1 X-31.621 Y-7.695 E994.29320 F3000
G1 X-31.553 Y-6.899 E994.42599 F3000
G1 X-31.483 Y-5.968 E994.58133 F3000
G1 X-31.360 Y-4.296 E994.86012 F3000
G1 X-31.279 Y-2.992 E995.07733 F3000
G1 X-31.210 Y-1.945 E995.25186 F3000
G1 X-31.143 Y-0.726 E995.45496 F3000
G1 X-31.075 Y0.904 E995.72617 F3000
G1 X-31.026 Y2.197 E995.94142 F3000
G1 X-30.990 Y3.432 E996.14692 F3000
G1 X-30.980 Y3.829 E996.21291 F3000
G1 X-30.956 Y5.005 E996.40844 F3000
G1 X-30.951 Y5.906 E996.55829 F3000
G1 X-30.950 Y5.984 E996.57127 F3000
G1 X-30.960 Y6.601 E996.67388 F3000
G1 X-30.963 Y6.713 E996.69260 F3000
G1 X-30.968 Y6.871 E996.71887 F3000
G1 X-30.985 Y7.531 E996.82866 F3000
G1 X-30.997 Y7.847 E996.88132 F3000
G1 X-31.015 Y8.375 E996.96915 F3000
G1 X-31.028 Y8.724 E997.02716 F3000
G1 X-31.050 Y9.184 E997.10375 F3000
G1 X-31.060 Y9.388 E997.13768 F3000
G1 X-31.087 Y9.895 E997.22215 F3000
G1 X-31.118 Y10.408 E997.30771 F3000
G1 X-31.120 Y10.446 E997.31401 F3000
G1 X-31.141 Y10.730 E997.36129 F3000
G1 X-31.155 Y10.898 E997.38932 F3000
G1 X-31.158 Y10.942 E997.39664 F3000
G1 X-31.200 Y11.389 E997.47131 F3000
G1 X-31.208 Y11.487 E997.48766 F3000
G1 X-31.252 Y11.939 E997.56327 F3000
G1 X-31.294 Y12.374 E997.63599 F3000
G1 X-31.318 Y12.649 E997.68178 F3000
G1 X-31.358 Y13.050 E997.74882 F3000
G1 X-31.398 Y13.520 E997.82735 F3000
G1 X-31.473 Y14.379 E997.97065 F3000
G1 X-31.491 Y14.558 E998.00057 F3000
G1 X-31.533 Y15.071 E998.08613 F3000
G1 X-31.587 Y15.767 E998.20227 F3000
G1 X-31.652 Y16.629 E998.34600 F3000
G1 X-31.671 Y17.155 E998.43352 F3000
G1 X-31.708 Y17.732 E998.52975 F3000
G1 X-31.729 Y18.631 E998.67928 F3000
G1 X-31.763 Y20.082 E998.92068 F3000
G1 X-31.765 Y20.168 E998.93488 F3000
G1 X-31.786 Y21.265 E999.11748 F3000
G1 X-31.784 Y21.470 E999.15151 F3000
G1 X-31.787 Y21.688 E999.18782 F3000
G1 X-31.810 Y22.638 E999.34584 F3000
G1 X-31.813 Y22.943 E999.39647 F3000
G1 X-31.823 Y23.601 E999.50599 F3000
G1 X-31.810 Y24.042 E999.57927 F3000
G1 X-31.799 Y24.355 E999.63136 F3000
G1 X-31.754 Y24.646 E999.68041 F3000
G1 X-31.714 Y24.895 E999.72236 F3000
G1 X-31.629 Y25.055 E999.75240 F3000
G1 X-31.542 Y25.220 E999.78347 F3000
G1 X-31.351 Y25.302 E999.81796 F3000
G1 X-31.169 Y25.382 E999.85102 F3000
G1 X-30.840 Y25.408 E999.90601 F3000
G1 X-30.485 Y25.436 E999.96513 F3000
G1 X-29.953 Y25.436 E1000.05356 F3000
G1 X-29.378 Y25.436 E1000.14933 F3000
G1 X-28.524 Y25.436 E1000.29135 F3000
G1 X-27.734 Y25.436 E1000.42259 F3000
G1 X-26.714 Y25.436 E1000.59230 F3000
G1 X-25.771 Y25.436 E1000.74917 F3000
G1 X-24.776 Y25.436 E1000.91449 F3000
G1 X-23.701 Y25.436 E1001.09331 F3000
G1 X-22.760 Y25.436 E1001.24990 F3000
G1 X-21.741 Y25.436 E1001.41927 F3000
G1 X-20.891 Y25.436 E1001.56061 F3000
G1 X-20.105 Y25.436 E1001.69129 F3000
G1 X-19.333 Y25.436 E1001.81979 F3000
G1 X-18.618 Y25.436 E1001.93860 F3000
G1 X-17.891 Y25.436 E1002.05958 F3000
G1 X-17.104 Y25.436 E1002.19044 F3000
G1 X-16.279 Y25.436 E1002.32763 F3000
G1 X-15.387 Y25.436 E1002.47603 F3000
G1 X-14.297 Y25.436 E1002.65716 F3000
G1 X-13.290 Y25.436 E1002.82461 F3000
G1 X-12.094 Y25.436 E1003.02356 F3000
G1 X-10.988 Y25.436 E1003.20750 F3000
G1 X-9.866 Y25.436 E1003.39413 F3000
G1 X-8.652 Y25.436 E1003.59599 F3000
G1 X-7.596 Y25.436 E1003.77153 F3000
G1 X-6.455 Y25.436 E1003.96141 F3000
G1 X-5.475 Y25.436 E1004.12438 F3000
G1 X-4.569 Y25.436 E1004.27506 F3000
G1 X-3.710 Y25.436 E1004.41786 F3000
G1 X-2.916 Y25.436 E1004.54988 F3000
G1 X-2.197 Y25.436 E1004.66947 F3000
G1 X-1.419 Y25.436 E1004.79883 F3000
G1 X-0.737 Y25.436 E1004.91220 F3000
G1 X0.000 Y25.436 E1005.03483 F3000
G1 X0.737 Y25.436 E1005.15746 F3000
G1 X1.419 Y25.436 E1005.27083 F3000
G1 X2.197 Y25.436 E1005.40018 F3000
G1 X2.916 Y25.436 E1005.51977 F3000
G1 X3.710 Y25.436 E1005.65180 F3000
G1 X4.569 Y25.436 E1005.79460 F3000
G1 X5.475 Y25.436 E1005.94528 F3000
G1 X6.455 Y25.436 E1006.10825 F3000
G1 X7.596 Y25.436 E1006.29812 F3000
G1 X8.652 Y25.436 E1006.47367 F3000
G1 X9.866 Y25.436 E1006.67553 F3000
G1 X10.988 Y25.436 E1006.86216 F3000
G1 X12.094 Y25.436 E1007.04610 F3000
G1 X13.290 Y25.436 E1007.24504 F3000
G1 X14.297 Y25.436 E1007.41250 F3000
G1 X15.387 Y25.436 E1007.59363 F3000
G1 X16.279 Y25.436 E1007.74202 F3000
G1 X17.104 Y25.436 E1007.87922 F3000
G1 X17.891 Y25.436 E1008.01008 F3000
G1 X18.618 Y25.436 E1008.13106 F3000
G1 X19.333 Y25.436 E1008.24986 F3000
G1 X20.105 Y25.436 E1008.37837 F3000
G1 X20.891 Y25.436 E1008.50904 F3000
G1 X21.741 Y25.436 E1008.65039 F3000
G1 X22.760 Y25.436 E1008.81976 F3000
G1 X23.701 Y25.436 E1008.97634 F3000
G1 X24.776 Y25.436 E1009.15517 F3000
G1 X25.771 Y25.436 E1009.32049 F3000
G1 X26.714 Y25.436 E1009.47736 F3000
G1 X27.734 Y25.436 E1009.64707 F3000
G1 X28.524 Y25.436 E1009.77831 F3000
G1 X29.378 Y25.436 E1009.92033 F3000
G1 X29.953 Y25.436 E1010.01610 F3000
G1 X30.485 Y25.436 E1010.10453 F3000
G1 X30.840 Y25.408 E1010.16365 F3000
G1 X31.169 Y25.382 E1010.21864 F3000
G1 X31.351 Y25.302 E1010.25170 F3000
G1 X31.542 Y25.220 E1010.28619 F3000
G1 X31.629 Y25.055 E1010.31725 F3000
G1 X31.714 Y24.895 E1010.34730 F3000
G1 X31.754 Y24.646 E1010.38924 F3000
G1 X31.799 Y24.355 E1010.43830 F3000
G1 X31.810 Y24.042 E1010.49039 F3000
G1 X31.823 Y23.601 E1010.56367 F3000
G1 X31.813 Y22.943 E1010.67319 F3000
G1 X31.810 Y22.638 E1010.72382 F3000
G1 X31.787 Y21.688 E1010.88184 F3000
G1 X31.784 Y21.470 E1010.91815 F3000
G1 X31.786 Y21.265 E1010.95217 F3000
G1 X31.765 Y20.168 E1011.13478 F3000
G1 X31.764 Y20.102 E1011.14573 F3000
G1 X31.763 Y20.082 E1011.14898 F3000
G1 X31.729 Y18.631 E1011.39038 F3000
G1 X31.708 Y17.732 E1011.53991 F3000
G1 X31.671 Y17.155 E1011.63613 F3000
G1 X31.652 Y16.629 E1011.72365 F3000
G1 X31.587 Y15.767 E1011.86739 F3000
G1 X31.533 Y15.071 E1011.98353 F3000
G1 X31.491 Y14.558 E1012.06908 F3000
G1 X31.473 Y14.379 E1012.09901 F3000
G1 X31.398 Y13.520 E1012.24231 F3000
G1 X31.358 Y13.050 E1012.32084 F3000
G1 X31.318 Y12.649 E1012.38787 F3000
G1 X31.294 Y12.374 E1012.43367 F3000
G1 X31.252 Y11.939 E1012.50639 F3000
G1 X31.208 Y11.487 E1012.58199 F3000
G1 X31.200 Y11.389 E1012.59835 F3000
G1 X31.158 Y10.942 E1012.67302 F3000
G1 X31.156 Y10.918 E1012.67703 F3000
G1 X31.155 Y10.898 E1012.68034 F3000
G1 X31.141 Y10.730 E1012.70837 F3000
G1 X31.120 Y10.446 E1012.75565 F3000
G1 X31.118 Y10.408 E1012.76195 F3000
G1 X31.087 Y9.895 E1012.84751 F3000
G1 X31.060 Y9.388 E1012.93198 F3000
G1 X31.050 Y9.184 E1012.96590 F3000
G1 X31.028 Y8.724 E1013.04250 F3000
G1 X31.015 Y8.375 E1013.10051 F3000
G1 X30.997 Y7.847 E1013.18834 F3000
G1 X30.985 Y7.531 E1013.24100 F3000
G1 X30.968 Y6.871 E1013.35079 F3000
G1 X30.963 Y6.713 E1013.37706 F3000
G1 X30.960 Y6.601 E1013.39577 F3000
G1 X30.950 Y5.984 E1013.49838 F3000
G1 X30.951 Y5.906 E1013.51137 F3000
G1 X30.956 Y5.005 E1013.66122 F3000
G1 X30.980 Y3.829 E1013.85675 F3000
G1 X30.990 Y3.432 E1013.92273 F3000
G1 X31.026 Y2.197 E1014.12824 F3000
G1 X31.075 Y0.904 E1014.34349 F3000
G1 X31.143 Y-0.726 E1014.61470 F3000
G1 X31.210 Y-1.945 E1014.81779 F3000
G1 X31.279 Y-2.992 E1014.99233 F3000
G1 X31.360 Y-4.296 E1015.20954 F3000
G1 X31.483 Y-5.968 E1015.48833 F3000
G1 X31.553 Y-6.899 E1015.64367 F3000
G1 X31.621 Y-7.695 E1015.77646 F3000
G1 X31.968 Y-11.644 E1016.43567 F3000
G1 X32.045 Y-12.540 E1016.58532 F3000
G1 X32.087 Y-12.996 E1016.66147 F3000
G1 X32.333 Y-15.639 E1017.10283 F3000
G1 X32.454 Y-16.809 E1017.29841 F3000
G1 X32.606 Y-18.278 E1017.54412 F3000
G1 X32.766 Y-19.906 E1017.81614 F3000
G1 X32.917 Y-21.546 E1018.08997 F3000
G1 X32.969 Y-22.147 E1018.19035 F3000
G1 X32.985 Y-22.479 E1018.24555 F3000
G1 X33.060 Y-23.842 E1018.47268 F3000
G1 X33.056 Y-24.010 E1018.50064 F3000
G1 X33.040 Y-25.305 E1018.71598 F3000
G1 X32.918 Y-26.780 E1018.96204 F3000
G1 X32.911 Y-26.850 E1018.97377 F3000
G1 X32.668 Y-28.310 E1019.21985 F3000
G1 X32.659 Y-28.364 E1019.22900 F3000
G1 X32.645 Y-28.411 E1019.23720 F3000
G1 X32.269 Y-29.734 E1019.46594 F3000
G1 X32.249 Y-29.775 E1019.47347 F3000
G1 X31.729 Y-30.849 E1019.67186 F3000
G1 X31.055 Y-31.562 E1019.83508 F3000
G1 X31.025 Y-31.593 E1019.84229 F3000
G1 X30.177 Y-32.032 E1020.00101 F3000
G1 X30.143 Y-32.049 E1020.00748 F3000
G1 X30.101 Y-32.059 E1020.01465 F3000
G1 X29.067 Y-32.298 E1020.19110 F3000
G1 X27.782 Y-32.422 E1020.40570 F3000
G1 X26.278 Y-32.500 E1020.65618 F3000
G1 X26.272 Y-32.501 E1020.65716 F3000
G1 X26.097 Y-32.505 E1020.68632 F3000
G1 X24.682 Y-32.538 E1020.92180 F3000
G1 X23.311 Y-32.537 E1021.14979 F3000
G1 X23.144 Y-32.536 E1021.17750 F3000
G1 X22.090 Y-32.507 E1021.35284 F3000
G1 X21.792 Y-32.495 E1021.40249 F3000
G1 X21.488 Y-32.466 E1021.45319 F3000
G1 X20.764 Y-32.411 E1021.57402 F3000
G1 X20.343 Y-32.311 E1021.64586 F3000
G1 X20.011 Y-32.243 E1021.70224 F3000
G1 X19.875 Y-32.177 E1021.72749 F3000
G1 X19.492 Y-31.953 E1021.80128 F3000
G1 X19.473 Y-31.932 E1021.80594 F3000
G1 X19.412 Y-31.847 E1021.82336 F3000
G1 X19.158 Y-31.499 E1021.89491 F3000
G1 X19.046 Y-31.143 E1021.95700 F3000
G1 X18.961 Y-30.844 E1022.00870 F3000
G1 X18.919 Y-30.612 E1022.04805 F3000
G1 X18.837 Y-30.052 E1022.14209 F3000
G1 X18.786 Y-29.654 E1022.20884 F3000
G1 X18.729 Y-29.181 E1022.28808 F3000
G1 X18.705 Y-29.001 E1022.31828 F3000
G1 X18.546 Y-28.445 E1022.41449 F3000
G1 X18.271 Y-28.464 E1022.46026 F3000
G1 X18.166 Y-28.448 E1022.47789 F3000
; LAYER:26
; Z:26.500
G0 Z26.500 F600
G0 X17.663 Y-27.743 F9000
G1 X17.578 Y-27.820 E1022.49703 F3000
G1 X17.066 Y-28.248 E1022.60789 F3000
G1 X16.636 Y-28.547 E1022.69506 F3000
G1 X16.395 Y-28.674 E1022.74031 F3000
G1 X15.874 Y-28.908 E1022.83527 F3000
G1 X15.431 Y-29.066 E1022.91357 F3000
G1 X15.260 Y-29.116 E1022.94314 F3000
G1 X14.898 Y-29.176 E1023.00419 F3000
G1 X13.339 Y-29.468 E1023.26800 F3000
G1 X12.610 Y-29.548 E1023.38987 F3000
G1 X11.091 Y-29.737 E1023.64455 F3000
G1 X9.427 Y-29.886 E1023.92223 F3000
G1 X8.734 Y-29.942 E1024.03787 F3000
G1 X6.972 Y-30.059 E1024.33153 F3000
G1 X6.490 Y-30.089 E1024.41196 F3000
G1 X6.118 Y-30.105 E1024.47385 F3000
G1 X4.577 Y-30.181 E1024.73046 F3000
G1 X4.320 Y-30.188 E1024.77308 F3000
G1 X2.913 Y-30.231 E1025.00729 F3000
G1 X1.617 Y-30.247 E1025.22281 F3000
G1 X1.415 Y-30.250 E1025.25641 F3000
G1 X0.194 Y-30.251 E1025.45941 F3000
G1 X0.000 Y-30.252 E1025.49170 F3000
G1 X-0.194 Y-30.251 E1025.52398 F3000
G1 X-1.415 Y-30.250 E1025.72699 F3000
G1 X-1.617 Y-30.247 E1025.76059 F3000
G1 X-2.913 Y-30.231 E1025.97611 F3000
G1 X-4.320 Y-30.188 E1026.21032 F3000
G1 X-4.577 Y-30.181 E1026.25294 F3000
G1 X-6.118 Y-30.105 E1026.50955 F3000
G1 X-6.490 Y-30.089 E1026.57144 F3000
G1 X-6.972 Y-30.059 E1026.65187 F3000
G1 X-8.734 Y-29.942 E1026.94553 F3000
G1 X-9.427 Y-29.886 E1027.06117 F3000
G1 X-11.091 Y-29.737 E1027.33885 F3000
G1 X-12.610 Y-29.548 E1027.59353 F3000
G1 X-13.339 Y-29.468 E1027.71540 F3000
G1 X-14.898 Y-29.176 E1027.97921 F3000
G1 X-15.260 Y-29.116 E1028.04026 F3000
G1 X-15.431 Y-29.066 E1028.06983 F3000
G1 X-15.874 Y-28.908 E1028.14813 F3000
G1 X-16.395 Y-28.674 E1028.24309 F3000
G1 X-16.636 Y-28.547 E1028.28833 F3000
G1 X-17.066 Y-28.248 E1028.37551 F3000
G1 X-17.578 Y-27.820 E1028.48636 F3000
G1 X-17.663 Y-27.743 E1028.50551 F3000
G1 X-17.929 Y-27.245 E1028.59941 F3000
G1 X-18.177 Y-26.644 E1028.70753 F3000
G1 X-18.294 Y-26.484 E1028.74039 F3000
G1 X-18.426 Y-25.998 E1028.82431 F3000
G1 X-18.500 Y-25.441 E1028.91770 F3000
G1 X-18.562 Y-26.054 E1029.02011 F3000
G1 X-18.579 Y-26.393 E1029.07663 F3000
G1 X-18.686 Y-26.922 E1029.16642 F3000
G1 X-18.715 Y-27.714 E1029.29817 F3000
G1 X-18.721 Y-28.308 E1029.39698 F3000
G1 X-18.798 Y-28.886 E1029.49387 F3000
G1 X-18.816 Y-29.235 E1029.55205 F3000
G1 X-18.879 Y-29.904 E1029.66385 F3000
G1 X-18.914 Y-30.158 E1029.70649 F3000
G1 X-18.977 Y-30.643 E1029.78778 F3000
G1 X-19.001 Y-30.798 E1029.81383 F3000
G1 X-19.115 Y-31.207 E1029.88450 F3000
G1 X-19.209 Y-31.523 E1029.93935 F3000
G1 X-19.545 Y-32.024 E1030.03964 F3000
G1 X-19.558 Y-32.045 E1030.04371 F3000
G1 X-19.603 Y-32.074 E1030.05258 F3000
G1 X-20.108 Y-32.394 E1030.15203 F3000
G1 X-20.604 Y-32.535 E1030.23775 F3000
G1 X-20.914 Y-32.609 E1030.29080 F3000
G1 X-21.403 Y-32.668 E1030.37276 F3000
G1 X-22.028 Y-32.727 E1030.47712 F3000
G1 X-23.199 Y-32.773 E1030.67190 F3000
G1 X-23.507 Y-32.788 E1030.72332 F3000
G1 X-25.010 Y-32.795 E1030.97329 F3000
G1 X-25.193 Y-32.796 E1031.00356 F3000
G1 X-25.358 Y-32.792 E1031.03114 F3000
G1 X-26.931 Y-32.753 E1031.29276 F3000
G1 X-27.010 Y-32.748 E1031.30584 F3000
G1 X-28.566 Y-32.657 E1031.56516 F3000
G1 X-29.312 Y-32.573 E1031.68992 F3000
G1 X-29.918 Y-32.505 E1031.79141 F3000
G1 X-29.935 Y-32.504 E1031.79415 F3000
G1 X-31.017 Y-32.229 E1031.97988 F3000
G1 X-31.058 Y-32.220 E1031.98692 F3000
G1 X-31.093 Y-32.202 E1031.99332 F3000
G1 X-31.958 Y-31.729 E1032.15735 F3000
G1 X-31.999 Y-31.685 E1032.16730 F3000
G1 X-32.654 Y-30.954 E1032.33049 F3000
G1 X-33.126 Y-29.898 E1032.52288 F3000
G1 X-33.164 Y-29.819 E1032.53750 F3000
G1 X-33.484 Y-28.528 E1032.75866 F3000
G1 X-33.511 Y-28.434 E1032.77487 F3000
G1 X-33.528 Y-28.330 E1032.79241 F3000
G1 X-33.715 Y-26.912 E1033.03023 F3000
G1 X-33.724 Y-26.801 E1033.04874 F3000
G1 X-33.801 Y-25.366 E1033.28786 F3000
G1 X-33.790 Y-24.071 E1033.50322 F3000
G1 X-33.792 Y-23.906 E1033.53055 F3000
G1 X-33.695 Y-22.505 E1033.76410 F3000
G1 X-33.680 Y-22.221 E1033.81147 F3000
G1 X-33.636 Y-21.748 E1033.89038 F3000
G1 X-33.457 Y-19.995 E1034.18340 F3000
G1 X-33.338 Y-18.855 E1034.37404 F3000
G1 X-33.121 Y-16.917 E1034.69842 F3000
G1 X-32.915 Y-15.082 E1035.00551 F3000
G1 X-32.674 Y-12.673 E1035.40810 F3000
G1 X-32.572 Y-11.739 E1035.56442 F3000
G1 X-32.349 Y-9.406 E1035.95407 F3000
G1 X-32.239 Y-8.314 E1036.13660 F3000
G1 X-32.202 Y-7.886 E1036.20806 F3000
G1 X-32.084 Y-6.517 E1036.43659 F3000
G1 X-31.781 Y-3.187 E1036.99255 F3000
G1 X-31.540 Y-0.101 E1037.50735 F3000
G1 X-31.496 Y0.454 E1037.59996 F3000
G1 X-31.474 Y0.774 E1037.65331 F3000
G1 X-31.432 Y1.461 E1037.76778 F3000
G1 X-31.307 Y3.378 E1038.08728 F3000
G1 X-31.255 Y4.576 E1038.28672 F3000
G1 X-31.235 Y4.991 E1038.35574 F3000
G1 X-31.232 Y5.186 E1038.38825 F3000
G1 X-31.223 Y5.984 E1038.52087 F3000
G1 X-31.227 Y6.113 E1038.54237 F3000
G1 X-31.248 Y6.713 E1038.64225 F3000
G1 X-31.275 Y7.246 E1038.73104 F3000
G1 X-31.290 Y7.531 E1038.77844 F3000
G1 X-31.317 Y7.971 E1038.85176 F3000
G1 X-31.342 Y8.375 E1038.91911 F3000
G1 X-31.378 Y8.882 E1039.00358 F3000
G1 X-31.399 Y9.184 E1039.05391 F3000
G1 X-31.441 Y9.743 E1039.14709 F3000
G1 X-31.452 Y9.895 E1039.17248 F3000
G1 X-31.459 Y9.984 E1039.18741 F3000
G1 X-31.495 Y10.446 E1039.26445 F3000
G1 X-31.498 Y10.484 E1039.27080 F3000
G1 X-31.533 Y10.918 E1039.34310 F3000
G1 X-31.540 Y11.003 E1039.35731 F3000
G1 X-31.568 Y11.366 E1039.41787 F3000
G1 X-31.570 Y11.389 E1039.42168 F3000
G1 X-31.608 Y11.876 E1039.50297 F3000
G1 X-31.613 Y11.939 E1039.51352 F3000
G1 X-31.619 Y12.031 E1039.52881 F3000
G1 X-31.668 Y12.649 E1039.63187 F3000
G1 X-31.680 Y12.846 E1039.66481 F3000
G1 X-31.728 Y13.522 E1039.77749 F3000
G1 X-31.768 Y14.140 E1039.88042 F3000
G1 X-31.788 Y14.565 E1039.95120 F3000
G1 X-31.818 Y15.126 E1040.04460 F3000
G1 X-31.835 Y15.784 E1040.15400 F3000
G1 X-31.844 Y16.794 E1040.32209 F3000
G1 X-31.857 Y17.185 E1040.38711 F3000
G1 X-31.852 Y18.579 E1040.61885 F3000
G1 X-31.854 Y18.676 E1040.63499 F3000
G1 X-31.856 Y18.737 E1040.64514 F3000
G1 X-31.850 Y19.165 E1040.71638 F3000
G1 X-31.842 Y20.026 E1040.85960 F3000
G1 X-31.837 Y20.159 E1040.88164 F3000
G1 X-31.830 Y21.256 E1041.06417 F3000
G1 X-31.821 Y21.536 E1041.11078 F3000
G1 X-31.819 Y21.816 E1041.15724 F3000
G1 X-31.826 Y22.710 E1041.30594 F3000
G1 X-31.825 Y23.035 E1041.36007 F3000
G1 X-31.829 Y23.675 E1041.46649 F3000
G1 X-31.813 Y24.110 E1041.53893 F3000
G1 X-31.801 Y24.430 E1041.59202 F3000
G1 X-31.755 Y24.717 E1041.64050 F3000
G1 X-31.715 Y24.970 E1041.68305 F3000
G1 X-31.629 Y25.132 E1041.71353 F3000
G1 X-31.542 Y25.294 E1041.74420 F3000
G1 X-31.349 Y25.378 E1041.77911 F3000
G1 X-31.169 Y25.457 E1041.81177 F3000
G1 X-30.844 Y25.482 E1041.86601 F3000
G1 X-30.485 Y25.511 E1041.92588 F3000
G1 X-29.961 Y25.511 E1042.01298 F3000
G1 X-29.377 Y25.511 E1042.11007 F3000
G1 X-28.511 Y25.511 E1042.25417 F3000
G1 X-27.734 Y25.511 E1042.38333 F3000
G1 X-26.699 Y25.511 E1042.55556 F3000
G1 X-25.771 Y25.511 E1042.70991 F3000
G1 X-24.793 Y25.511 E1042.87254 F3000
G1 X-23.701 Y25.511 E1043.05405 F3000
G1 X-22.775 Y25.511 E1043.20809 F3000
G1 X-21.741 Y25.511 E1043.38001 F3000
G1 X-20.878 Y25.511 E1043.52348 F3000
G1 X-20.105 Y25.511 E1043.65203 F3000
G1 X-19.321 Y25.511 E1043.78247 F3000
G1 X-18.618 Y25.511 E1043.89934 F3000
G1 X-17.903 Y25.511 E1044.01835 F3000
G1 X-17.104 Y25.511 E1044.15117 F3000
G1 X-16.292 Y25.511 E1044.28614 F3000
G1 X-15.387 Y25.511 E1044.43677 F3000
G1 X-14.281 Y25.511 E1044.62062 F3000
G1 X-13.290 Y25.511 E1044.78535 F3000
G1 X-12.076 Y25.511 E1044.98730 F3000
G1 X-10.988 Y25.511 E1045.16823 F3000
G1 X-9.884 Y25.511 E1045.35182 F3000
G1 X-8.652 Y25.511 E1045.55673 F3000
G1 X-7.614 Y25.511 E1045.72941 F3000
G1 X-6.455 Y25.511 E1045.92214 F3000
G1 X-5.460 Y25.511 E1046.08757 F3000
G1 X-4.569 Y25.511 E1046.23579 F3000
G1 X-3.697 Y25.511 E1046.38075 F3000
G1 X-2.916 Y25.511 E1046.51062 F3000
G1 X-2.209 Y25.511 E1046.62826 F3000
G1 X-1.419 Y25.511 E1046.75956 F3000
G1 X-0.748 Y25.511 E1046.87109 F3000
G1 X0.000 Y25.511 E1046.99557 F3000
G1 X0.748 Y25.511 E1047.12004 F3000
G1 X1.419 Y25.511 E1047.23157 F3000
G1 X2.209 Y25.511 E1047.36287 F3000
G1 X2.916 Y25.511 E1047.48051 F3000
G1 X3.697 Y25.511 E1047.61039 F3000
G1 X4.569 Y25.511 E1047.75534 F3000
G1 X5.460 Y25.511 E1047.90356 F3000
G1 X6.455 Y25.511 E1048.06899 F3000
G1 X7.614 Y25.511 E1048.26172 F3000
G1 X8.652 Y25.511 E1048.43441 F3000
G1 X9.884 Y25.511 E1048.63931 F3000
G1 X10.988 Y25.511 E1048.82290 F3000
G1 X12.076 Y25.511 E1049.00384 F3000
G1 X13.290 Y25.511 E1049.20578 F3000
G1 X14.281 Y25.511 E1049.37051 F3000
G1 X15.387 Y25.511 E1049.55436 F3000
G1 X16.292 Y25.511 E1049.70500 F3000
G1 X17.104 Y25.511 E1049.83996 F3000
G1 X17.903 Y25.511 E1049.97279 F3000
G1 X18.618 Y25.511 E1050.09180 F3000
G1 X19.321 Y25.511 E1050.20867 F3000
G1 X20.105 Y25.511 E1050.33911 F3000
G1 X20.878 Y25.511 E1050.46765 F3000
G1 X21.741 Y25.511 E1050.61113 F3000
G1 X22.775 Y25.511 E1050.78305 F3000
G1 X23.701 Y25.511 E1050.93708 F3000
G1 X24.793 Y25.511 E1051.11859 F3000
G1 X25.771 Y25.511 E1051.28122 F3000
G1 X26.699 Y25.511 E1051.43557 F3000
G1 X27.734 Y25.511 E1051.60780 F3000
G1 X28.511 Y25.511 E1051.73697 F3000
G1 X29.377 Y25.511 E1051.88106 F3000
G1 X29.961 Y25.511 E1051.97815 F3000
G1 X30.485 Y25.511 E1052.06525 F3000
G1 X30.844 Y25.482 E1052.12513 F3000
G1 X31.169 Y25.457 E1052.17936 F3000
G1 X31.349 Y25.378 E1052.21202 F3000
G1 X31.542 Y25.294 E1052.24694 F3000
G1 X31.629 Y25.132 E1052.27760 F3000
G1 X31.715 Y24.970 E1052.30809 F3000
G1 X31.755 Y24.717 E1052.35063 F3000
G1 X31.801 Y24.430 E1052.39911 F3000
G1 X31.813 Y24.110 E1052.45221 F3000
G1 X31.829 Y23.675 E1052.52464 F3000
G1 X31.825 Y23.035 E1052.63107 F3000
G1 X31.826 Y22.710 E1052.68520 F3000
G1 X31.819 Y21.816 E1052.83389 F3000
G1 X31.821 Y21.536 E1052.88035 F3000
G1 X31.830 Y21.256 E1052.92696 F3000
G1 X31.837 Y20.159 E1053.10949 F3000
G1 X31.842 Y20.026 E1053.13154 F3000
G1 X31.850 Y19.165 E1053.27475 F3000
G1 X31.856 Y18.737 E1053.34600 F3000
G1 X31.854 Y18.676 E1053.35615 F3000
G1 X31.852 Y18.579 E1053.37228 F3000
G1 X31.857 Y17.185 E1053.60402 F3000
G1 X31.844 Y16.794 E1053.66904 F3000
G1 X31.835 Y15.784 E1053.83713 F3000
G1 X31.818 Y15.126 E1053.94653 F3000
G1 X31.788 Y14.565 E1054.03994 F3000
G1 X31.768 Y14.140 E1054.11071 F3000
G1 X31.728 Y13.522 E1054.21365 F3000
G1 X31.680 Y12.846 E1054.32632 F3000
G1 X31.668 Y12.649 E1054.35926 F3000
G1 X31.619 Y12.031 E1054.46232 F3000
G1 X31.613 Y11.939 E1054.47762 F3000
G1 X31.608 Y11.876 E1054.48816 F3000
G1 X31.570 Y11.389 E1054.56945 F3000
G1 X31.568 Y11.366 E1054.57327 F3000
G1 X31.540 Y11.003 E1054.63382 F3000
G1 X31.533 Y10.918 E1054.64804 F3000
G1 X31.498 Y10.484 E1054.72033 F3000
G1 X31.495 Y10.446 E1054.72668 F3000
G1 X31.459 Y9.984 E1054.80373 F3000
G1 X31.452 Y9.895 E1054.81865 F3000
G1 X31.441 Y9.743 E1054.84405 F3000
G1 X31.399 Y9.184 E1054.93722 F3000
G1 X31.378 Y8.882 E1054.98756 F3000
G1 X31.342 Y8.375 E1055.07202 F3000
G1 X31.317 Y7.971 E1055.13937 F3000
G1 X31.290 Y7.531 E1055.21269 F3000
G1 X31.275 Y7.246 E1055.26009 F3000
G1 X31.248 Y6.713 E1055.34888 F3000
G1 X31.227 Y6.113 E1055.44876 F3000
G1 X31.223 Y5.984 E1055.47027 F3000
G1 X31.232 Y5.186 E1055.60289 F3000
G1 X31.235 Y4.991 E1055.63539 F3000
G1 X31.255 Y4.576 E1055.70442 F3000
G1 X31.307 Y3.378 E1055.90385 F3000
G1 X31.432 Y1.461 E1056.22336 F3000
G1 X31.474 Y0.774 E1056.33783 F3000
G1 X31.496 Y0.454 E1056.39117 F3000
G1 X31.540 Y-0.101 E1056.48378 F3000
G1 X31.781 Y-3.187 E1056.99858 F3000
G1 X32.084 Y-6.517 E1057.55454 F3000
G1 X32.202 Y-7.886 E1057.78307 F3000
G1 X32.239 Y-8.314 E1057.85454 F3000
G1 X32.349 Y-9.406 E1058.03706 F3000
G1 X32.572 Y-11.739 E1058.42672 F3000
G1 X32.674 Y-12.673 E1058.58303 F3000
G1 X32.915 Y-15.082 E1058.98562 F3000
G1 X33.121 Y-16.917 E1059.29272 F3000
G1 X33.338 Y-18.855 E1059.61709 F3000
G1 X33.457 Y-19.995 E1059.80773 F3000
G1 X33.636 Y-21.748 E1060.10075 F3000
G1 X33.680 Y-22.221 E1060.17966 F3000
G1 X33.695 Y-22.505 E1060.22704 F3000
G1 X33.792 Y-23.906 E1060.46059 F3000
G1 X33.790 Y-24.071 E1060.48792 F3000
G1 X33.801 Y-25.366 E1060.70328 F3000
G1 X33.724 Y-26.801 E1060.94239 F3000
G1 X33.715 Y-26.912 E1060.96090 F3000
G1 X33.528 Y-28.330 E1061.19873 F3000
G1 X33.511 Y-28.434 E1061.21627 F3000
G1 X33.484 Y-28.528 E1061.23248 F3000
G1 X33.164 Y-29.819 E1061.45363 F3000
G1 X33.126 Y-29.898 E1061.46825 F3000
G1 X32.654 Y-30.954 E1061.66064 F3000
G1 X31.999 Y-31.685 E1061.82383 F3000
G1 X31.958 Y-31.729 E1061.83378 F3000
G1 X31.093 Y-32.202 E1061.99781 F3000
G1 X31.058 Y-32.220 E1062.00421 F3000
G1 X31.017 Y-32.229 E1062.01125 F3000
G1 X29.935 Y-32.504 E1062.19698 F3000
G1 X29.918 Y-32.505 E1062.19972 F3000
G1 X29.312 Y-32.573 E1062.30122 F3000
G1 X28.566 Y-32.657 E1062.42597 F3000
G1 X27.010 Y-32.748 E1062.68529 F3000
G1 X26.931 Y-32.753 E1062.69837 F3000
G1 X25.358 Y-32.792 E1062.95999 F3000
G1 X25.193 Y-32.796 E1062.98757 F3000
G1 X25.010 Y-32.795 E1063.01785 F3000
G1 X23.507 Y-32.788 E1063.26781 F3000
G1 X23.199 Y-32.773 E1063.31923 F3000
G1 X22.028 Y-32.727 E1063.51401 F3000
G1 X21.403 Y-32.668 E1063.61838 F3000
G1 X20.914 Y-32.609 E1063.70034 F3000
G1 X20.604 Y-32.535 E1063.75339 F3000
G1 X20.108 Y-32.394 E1063.83910 F3000
G1 X19.603 Y-32.074 E1063.93856 F3000
G1 X19.558 Y-32.045 E1063.94742 F3000
G1 X19.545 Y-32.024 E1063.95150 F3000
G1 X19.209 Y-31.523 E1064.05178 F3000
G1 X19.115 Y-31.207 E1064.10663 F3000
G1 X19.001 Y-30.798 E1064.17731 F3000
G1 X18.977 Y-30.643 E1064.20335 F3000
G1 X18.914 Y-30.158 E1064.28464 F3000
G1 X18.879 Y-29.904 E1064.32729 F3000
G1 X18.816 Y-29.235 E1064.43908 F3000
G1 X18.798 Y-28.886 E1064.49726 F3000
G1 X18.721 Y-28.308 E1064.59415 F3000
G1 X18.715 Y-27.714 E1064.69296 F3000
G1 X18.686 Y-26.922 E1064.82472 F3000
G1 X18.579 Y-26.393 E1064.91450 F3000
G1 X18.562 Y-26.054 E1064.97103 F3000
G1 X18.500 Y-25.441 E1065.07343 F3000
G1 X18.426 Y-25.998 E1065.16682 F3000
G1 X18.294 Y-26.484 E1065.25074 F3000
G1 X18.214 Y-26.635 E1065.27906 F3000
G1 X17.929 Y-27.245 E1065.39105 F3000
G1 X17.663 Y-27.743 E1065.48495 F3000
G0 X-17.851 Y4.055 F9000
G1 X-17.844 Y4.917 E1065.62835 F3000
G1 X-17.761 Y5.688 E1065.75724 F3000
G1 X-17.757 Y5.702 E1065.75978 F3000
G1 X-17.573 Y5.820 E1065.79605 F3000
G1 X-17.504 Y5.911 E1065.81494 F3000
G1 X-17.283 Y5.799 E1065.85608 F3000
G1 X-17.409 Y5.591 E1065.89642 F3000
G1 X-17.503 Y4.984 E1065.99866 F3000
G1 X-17.562 Y4.691 E1066.04841 F3000
G1 X-17.696 Y4.226 E1066.12877 F3000
G1 X-17.851 Y4.055 E1066.16723 F3000
G0 X17.760 Y5.696 F9000
G1 X17.761 Y5.688 E1066.16866 F3000
G1 X17.844 Y4.917 E1066.29754 F3000
G1 X17.851 Y4.055 E1066.44095 F3000
G1 X17.696 Y4.226 E1066.47941 F3000
G1 X17.562 Y4.691 E1066.55977 F3000
G1 X17.503 Y4.984 E1066.60952 F3000
G1 X17.409 Y5.591 E1066.71176 F3000
G1 X17.283 Y5.799 E1066.75210 F3000
G1 X17.504 Y5.911 E1066.79324 F3000
G1 X17.573 Y5.820 E1066.81213 F3000
G1 X17.760 Y5.696 E1066.84944 F3000
; LAYER:27
; Z:27.500
G0 Z27.500 F600
G0 X19.615 Y-32.134 F9000
G1 X19.735 Y-32.223 E1066.87417 F3000
G1 X20.055 Y-32.443 E1066.93876 F3000
G1 X20.198 Y-32.542 E1066.96777 F3000
G1 X20.854 Y-32.749 E1067.08213 F3000
G1 X21.063 Y-32.807 E1067.11816 F3000
G1 X21.774 Y-32.906 E1067.23753 F3000
G1 X22.273 Y-32.963 E1067.32105 F3000
G1 X23.238 Y-33.010 E1067.48173 F3000
G1 X23.895 Y-33.047 E1067.59121 F3000
G1 X25.214 Y-33.058 E1067.81058 F3000
G1 X25.746 Y-33.064 E1067.89910 F3000
G1 X26.219 Y-33.051 E1067.97780 F3000
G1 X27.649 Y-33.014 E1068.21557 F3000
G1 X27.983 Y-32.989 E1068.27124 F3000
G1 X29.419 Y-32.894 E1068.51072 F3000
G1 X30.741 Y-32.723 E1068.73240 F3000
G1 X30.871 Y-32.704 E1068.75411 F3000
G1 X32.009 Y-32.384 E1068.95083 F3000
G1 X32.033 Y-32.376 E1068.95492 F3000
G1 X32.048 Y-32.367 E1068.95789 F3000
G1 X32.343 Y-32.192 E1069.01500 F3000
G1 X32.909 Y-31.856 E1069.12449 F3000
G1 X32.936 Y-31.841 E1069.12949 F3000
G1 X33.564 Y-31.074 E1069.29439 F3000
G1 X33.607 Y-31.026 E1069.30508 F3000
G1 X33.639 Y-30.955 E1069.31804 F3000
G1 X34.072 Y-29.858 E1069.51416 F3000
G1 X34.098 Y-29.753 E1069.53225 F3000
G1 X34.361 Y-28.448 E1069.75367 F3000
G1 X34.490 Y-27.031 E1069.99012 F3000
G1 X34.506 Y-26.906 E1070.01116 F3000
G1 X34.532 Y-25.485 E1070.24750 F3000
G1 X34.540 Y-25.347 E1070.27058 F3000
G1 X34.539 Y-25.210 E1070.29334 F3000
G1 X34.496 Y-23.882 E1070.51425 F3000
G1 X34.482 Y-23.679 E1070.54813 F3000
G1 X34.360 Y-22.198 E1070.79518 F3000
G1 X34.165 Y-20.449 E1071.08791 F3000
G1 X34.118 Y-19.980 E1071.16621 F3000
G1 X33.861 Y-17.849 E1071.52320 F3000
G1 X33.757 Y-16.913 E1071.67975 F3000
G1 X33.544 Y-14.985 E1072.00241 F3000
G1 X33.271 Y-12.683 E1072.38799 F3000
G1 X32.890 Y-9.138 E1072.98091 F3000
G1 X32.748 Y-7.913 E1073.18589 F3000
G1 X32.657 Y-7.104 E1073.32129 F3000
G1 X32.399 Y-4.522 E1073.75289 F3000
G1 X32.268 Y-3.230 E1073.96880 F3000
G1 X32.222 Y-2.695 E1074.05814 F3000
G1 X31.897 Y0.738 E1074.63149 F3000
G1 X31.779 Y2.118 E1074.86188 F3000
G1 X31.689 Y3.355 E1075.06818 F3000
G1 X31.649 Y3.971 E1075.17074 F3000
G1 X31.594 Y4.984 E1075.33952 F3000
G1 X31.581 Y5.698 E1075.45834 F3000
G1 X31.574 Y5.984 E1075.50580 F3000
G1 X31.591 Y6.490 E1075.59011 F3000
G1 X31.597 Y6.713 E1075.62717 F3000
G1 X31.610 Y6.980 E1075.67156 F3000
G1 X31.636 Y7.531 E1075.76334 F3000
G1 X31.654 Y7.856 E1075.81745 F3000
G1 X31.684 Y8.375 E1075.90396 F3000
G1 X31.711 Y8.805 E1075.97552 F3000
G1 X31.734 Y9.184 E1076.03869 F3000
G1 X31.756 Y9.522 E1076.09508 F3000
G1 X31.779 Y9.895 E1076.15717 F3000
G1 X31.799 Y10.207 E1076.20923 F3000
G1 X31.815 Y10.446 E1076.24905 F3000
G1 X31.833 Y10.732 E1076.29666 F3000
G1 X31.846 Y10.918 E1076.32761 F3000
G1 X31.858 Y11.088 E1076.35603 F3000
G1 X31.876 Y11.389 E1076.40613 F3000
G1 X31.889 Y11.569 E1076.43622 F3000
G1 X31.912 Y11.939 E1076.49787 F3000
G1 X31.945 Y12.453 E1076.58343 F3000
G1 X31.958 Y12.649 E1076.61613 F3000
G1 X31.992 Y13.333 E1076.72998 F3000
G1 X32.003 Y13.524 E1076.76187 F3000
G1 X32.012 Y13.715 E1076.79372 F3000
G1 X32.037 Y14.572 E1076.93619 F3000
G1 X32.041 Y14.715 E1076.96008 F3000
G1 X32.045 Y15.799 E1077.14032 F3000
G1 X32.028 Y16.621 E1077.27708 F3000
G1 X32.016 Y17.163 E1077.36722 F3000
G1 X32.013 Y17.214 E1077.37569 F3000
G1 X31.968 Y18.531 E1077.59486 F3000
G1 X31.956 Y18.719 E1077.62611 F3000
G1 X31.944 Y18.923 E1077.66006 F3000
G1 X31.892 Y20.215 E1077.87511 F3000
G1 X31.876 Y20.533 E1077.92810 F3000
G1 X31.842 Y21.602 E1078.10600 F3000
G1 X31.837 Y22.367 E1078.23319 F3000
G1 X31.827 Y22.781 E1078.30209 F3000
G1 X31.825 Y23.349 E1078.39655 F3000
G1 X31.819 Y23.749 E1078.46309 F3000
G1 X31.804 Y24.099 E1078.52129 F3000
G1 X31.788 Y24.504 E1078.58879 F3000
G1 X31.744 Y24.784 E1078.63582 F3000
G1 X31.702 Y25.045 E1078.67981 F3000
G1 X31.624 Y25.191 E1078.70733 F3000
G1 X31.531 Y25.369 E1078.74081 F3000
G1 X31.371 Y25.439 E1078.76984 F3000
G1 X31.161 Y25.531 E1078.80796 F3000
G1 X30.767 Y25.563 E1078.87367 F3000
G1 X30.480 Y25.585 E1078.92157 F3000
G1 X29.838 Y25.585 E1079.02832 F3000
G1 X29.375 Y25.585 E1079.10533 F3000
G1 X28.688 Y25.585 E1079.21962 F3000
G1 X27.733 Y25.585 E1079.37833 F3000
G1 X26.912 Y25.585 E1079.51493 F3000
G1 X25.770 Y25.585 E1079.70477 F3000
G1 X24.567 Y25.585 E1079.90491 F3000
G1 X23.701 Y25.585 E1080.04887 F3000
G1 X22.561 Y25.585 E1080.23847 F3000
G1 X21.741 Y25.585 E1080.37483 F3000
G1 X21.057 Y25.585 E1080.48863 F3000
G1 X20.105 Y25.585 E1080.64685 F3000
G1 X19.483 Y25.585 E1080.75031 F3000
G1 X18.618 Y25.585 E1080.89416 F3000
G1 X17.737 Y25.585 E1081.04064 F3000
G1 X17.104 Y25.585 E1081.14600 F3000
G1 X16.105 Y25.585 E1081.31212 F3000
G1 X15.387 Y25.585 E1081.43159 F3000
G1 X14.510 Y25.585 E1081.57742 F3000
G1 X13.290 Y25.585 E1081.78017 F3000
G1 X12.327 Y25.585 E1081.94035 F3000
G1 X10.988 Y25.585 E1082.16306 F3000
G1 X9.629 Y25.585 E1082.38903 F3000
G1 X8.652 Y25.585 E1082.55155 F3000
G1 X7.374 Y25.585 E1082.76410 F3000
G1 X6.455 Y25.585 E1082.91697 F3000
G1 X5.666 Y25.585 E1083.04818 F3000
G1 X4.569 Y25.585 E1083.23062 F3000
G1 X3.877 Y25.585 E1083.34559 F3000
G1 X2.916 Y25.585 E1083.50544 F3000
G1 X2.045 Y25.585 E1083.65025 F3000
G1 X1.419 Y25.585 E1083.75439 F3000
G1 X0.594 Y25.585 E1083.89166 F3000
G1 X0.000 Y25.585 E1083.99039 F3000
G1 X-0.594 Y25.585 E1084.08912 F3000
G1 X-1.419 Y25.585 E1084.22639 F3000
G1 X-2.045 Y25.585 E1084.33053 F3000
G1 X-2.916 Y25.585 E1084.47534 F3000
G1 X-3.877 Y25.585 E1084.63519 F3000
G1 X-4.569 Y25.585 E1084.75016 F3000
G1 X-5.666 Y25.585 E1084.93260 F3000
G1 X-6.455 Y25.585 E1085.06381 F3000
G1 X-7.374 Y25.585 E1085.21668 F3000
G1 X-8.652 Y25.585 E1085.42923 F3000
G1 X-9.629 Y25.585 E1085.59175 F3000
G1 X-10.988 Y25.585 E1085.81772 F3000
G1 X-12.327 Y25.585 E1086.04043 F3000
G1 X-13.290 Y25.585 E1086.20061 F3000
G1 X-14.510 Y25.585 E1086.40336 F3000
G1 X-15.387 Y25.585 E1086.54919 F3000
G1 X-16.105 Y25.585 E1086.66866 F3000
G1 X-17.104 Y25.585 E1086.83478 F3000
G1 X-17.737 Y25.585 E1086.94014 F3000
G1 X-18.618 Y25.585 E1087.08662 F3000
G1 X-19.483 Y25.585 E1087.23047 F3000
G1 X-20.105 Y25.585 E1087.33393 F3000
G1 X-21.057 Y25.585 E1087.49215 F3000
G1 X-21.741 Y25.585 E1087.60595 F3000
G1 X-22.561 Y25.585 E1087.74231 F3000
G1 X-23.701 Y25.585 E1087.93191 F3000
G1 X-24.567 Y25.585 E1088.07587 F3000
G1 X-25.770 Y25.585 E1088.27600 F3000
G1 X-26.912 Y25.585 E1088.46584 F3000
G1 X-27.733 Y25.585 E1088.60245 F3000
G1 X-28.688 Y25.585 E1088.76116 F3000
G1 X-29.375 Y25.585 E1088.87545 F3000
G1 X-29.838 Y25.585 E1088.95246 F3000
G1 X-30.480 Y25.585 E1089.05921 F3000
G1 X-30.767 Y25.563 E1089.10711 F3000
G1 X-31.161 Y25.531 E1089.17282 F3000
G1 X-31.371 Y25.439 E1089.21093 F3000
G1 X-31.531 Y25.369 E1089.23997 F3000
G1 X-31.624 Y25.191 E1089.27345 F3000
G1 X-31.702 Y25.045 E1089.30097 F3000
G1 X-31.744 Y24.784 E1089.34496 F3000
G1 X-31.788 Y24.504 E1089.39199 F3000
G1 X-31.804 Y24.099 E1089.45949 F3000
G1 X-31.819 Y23.749 E1089.51769 F3000
G1 X-31.825 Y23.349 E1089.58423 F3000
G1 X-31.827 Y22.781 E1089.67869 F3000
G1 X-31.837 Y22.367 E1089.74759 F3000
G1 X-31.842 Y21.602 E1089.87478 F3000
G1 X-31.876 Y20.533 E1090.05268 F3000
G1 X-31.892 Y20.215 E1090.10567 F3000
G1 X-31.944 Y18.923 E1090.32072 F3000
G1 X-31.956 Y18.719 E1090.35467 F3000
G1 X-31.968 Y18.531 E1090.38592 F3000
G1 X-32.013 Y17.214 E1090.60509 F3000
G1 X-32.016 Y17.163 E1090.61356 F3000
G1 X-32.028 Y16.621 E1090.70369 F3000
G1 X-32.045 Y15.799 E1090.84046 F3000
G1 X-32.041 Y14.715 E1091.02070 F3000
G1 X-32.037 Y14.572 E1091.04459 F3000
G1 X-32.012 Y13.715 E1091.18706 F3000
G1 X-32.003 Y13.524 E1091.21891 F3000
G1 X-31.992 Y13.333 E1091.25080 F3000
G1 X-31.958 Y12.649 E1091.36465 F3000
G1 X-31.945 Y12.453 E1091.39735 F3000
G1 X-31.912 Y11.939 E1091.48291 F3000
G1 X-31.889 Y11.569 E1091.54456 F3000
G1 X-31.876 Y11.389 E1091.57465 F3000
G1 X-31.858 Y11.088 E1091.62475 F3000
G1 X-31.846 Y10.918 E1091.65317 F3000
G1 X-31.833 Y10.732 E1091.68412 F3000
G1 X-31.815 Y10.446 E1091.73173 F3000
G1 X-31.799 Y10.207 E1091.77155 F3000
G1 X-31.779 Y9.895 E1091.82361 F3000
G1 X-31.756 Y9.522 E1091.88570 F3000
G1 X-31.734 Y9.184 E1091.94209 F3000
G1 X-31.711 Y8.805 E1092.00526 F3000
G1 X-31.684 Y8.375 E1092.07682 F3000
G1 X-31.654 Y7.856 E1092.16333 F3000
G1 X-31.636 Y7.531 E1092.21744 F3000
G1 X-31.610 Y6.980 E1092.30922 F3000
G1 X-31.597 Y6.713 E1092.35361 F3000
G1 X-31.591 Y6.490 E1092.39067 F3000
G1 X-31.574 Y5.984 E1092.47498 F3000
G1 X-31.581 Y5.698 E1092.52244 F3000
G1 X-31.594 Y4.984 E1092.64126 F3000
G1 X-31.649 Y3.971 E1092.81004 F3000
G1 X-31.689 Y3.355 E1092.91260 F3000
G1 X-31.779 Y2.118 E1093.11890 F3000
G1 X-31.897 Y0.738 E1093.34929 F3000
G1 X-32.222 Y-2.695 E1093.92264 F3000
G1 X-32.268 Y-3.230 E1094.01198 F3000
G1 X-32.399 Y-4.522 E1094.22789 F3000
G1 X-32.657 Y-7.104 E1094.65949 F3000
G1 X-32.748 Y-7.913 E1094.79489 F3000
G1 X-32.890 Y-9.138 E1094.99987 F3000
G1 X-33.271 Y-12.683 E1095.59279 F3000
G1 X-33.544 Y-14.985 E1095.97837 F3000
G1 X-33.757 Y-16.913 E1096.30103 F3000
G1 X-33.861 Y-17.849 E1096.45758 F3000
G1 X-34.118 Y-19.980 E1096.81457 F3000
G1 X-34.165 Y-20.449 E1096.89287 F3000
G1 X-34.360 Y-22.198 E1097.18560 F3000
G1 X-34.482 Y-23.679 E1097.43265 F3000
G1 X-34.496 Y-23.882 E1097.46653 F3000
G1 X-34.539 Y-25.210 E1097.68743 F3000
G1 X-34.540 Y-25.347 E1097.71020 F3000
G1 X-34.532 Y-25.485 E1097.73328 F3000
G1 X-34.506 Y-26.906 E1097.96962 F3000
G1 X-34.490 Y-27.031 E1097.99066 F3000
G1 X-34.361 Y-28.448 E1098.22711 F3000
G1 X-34.098 Y-29.753 E1098.44853 F3000
G1 X-34.072 Y-29.858 E1098.46662 F3000
G1 X-33.639 Y-30.955 E1098.66274 F3000
G1 X-33.607 Y-31.026 E1098.67570 F3000
G1 X-33.564 Y-31.074 E1098.68639 F3000
G1 X-32.936 Y-31.841 E1098.85129 F3000
G1 X-32.909 Y-31.856 E1098.85629 F3000
G1 X-32.343 Y-32.192 E1098.96578 F3000
G1 X-32.048 Y-32.367 E1099.02289 F3000
G1 X-32.033 Y-32.376 E1099.02586 F3000
G1 X-32.009 Y-32.384 E1099.02995 F3000
G1 X-30.871 Y-32.704 E1099.22667 F3000
G1 X-30.741 Y-32.723 E1099.24838 F3000
G1 X-29.419 Y-32.894 E1099.47006 F3000
G1 X-27.983 Y-32.989 E1099.70954 F3000
G1 X-27.649 Y-33.014 E1099.76521 F3000
G1 X-26.219 Y-33.051 E1100.00298 F3000
G1 X-25.746 Y-33.064 E1100.08168 F3000
G1 X-25.214 Y-33.058 E1100.17020 F3000
G1 X-23.895 Y-33.047 E1100.38957 F3000
G1 X-23.238 Y-33.010 E1100.49905 F3000
G1 X-22.273 Y-32.963 E1100.65973 F3000
G1 X-21.774 Y-32.906 E1100.74325 F3000
G1 X-21.063 Y-32.807 E1100.86262 F3000
G1 X-20.854 Y-32.749 E1100.89865 F3000
G1 X-20.198 Y-32.542 E1101.01301 F3000
G1 X-20.055 Y-32.443 E1101.04202 F3000
G1 X-19.735 Y-32.223 E1101.10661 F3000
G1 X-19.615 Y-32.134 E1101.13134 F3000
G1 X-19.424 Y-31.839 E1101.18981 F3000
G1 X-19.249 Y-31.557 E1101.24504 F3000
G1 X-19.046 Y-30.846 E1101.36798 F3000
G1 X-19.030 Y-30.790 E1101.37768 F3000
G1 X-19.026 Y-30.754 E1101.38376 F3000
G1 X-18.913 Y-29.872 E1101.53158 F3000
G1 X-18.881 Y-29.372 E1101.61495 F3000
G1 X-18.861 Y-28.821 E1101.70657 F3000
G1 X-18.850 Y-28.489 E1101.76182 F3000
G1 X-18.846 Y-27.642 E1101.90268 F3000
G1 X-18.825 Y-26.382 E1102.11222 F3000
G1 X-18.824 Y-26.348 E1102.11789 F3000
G1 X-18.801 Y-25.279 E1102.29572 F3000
G1 X-18.787 Y-24.673 E1102.39655 F3000
G1 X-18.730 Y-22.275 E1102.79545 F3000
G1 X-18.728 Y-22.198 E1102.80826 F3000
G1 X-18.648 Y-18.911 E1103.35497 F3000
G1 X-18.539 Y-14.410 E1104.10375 F3000
G1 X-18.536 Y-14.272 E1104.12679 F3000
G1 X-18.415 Y-9.243 E1104.96326 F3000
G1 X-18.410 Y-9.047 E1104.99586 F3000
G1 X-18.405 Y-8.845 E1105.02947 F3000
G1 X-18.289 Y-3.930 E1105.84714 F3000
G1 X-18.284 Y-3.700 E1105.88534 F3000
G1 X-18.190 Y0.389 E1106.56561 F3000
G1 X-18.137 Y2.939 E1106.98969 F3000
G1 X-18.131 Y3.219 E1107.03621 F3000
G1 X-18.082 Y4.688 E1107.28071 F3000
G1 X-18.075 Y4.890 E1107.31438 F3000
G1 X-18.063 Y4.996 E1107.33210 F3000
G1 X-17.983 Y5.737 E1107.45595 F3000
G1 X-17.963 Y5.782 E1107.46419 F3000
G1 X-17.820 Y6.098 E1107.52190 F3000
G1 X-17.568 Y6.301 E1107.57571 F3000
G1 X-17.061 Y6.423 E1107.66242 F3000
G1 X-16.942 Y6.429 E1107.68219 F3000
G1 X-16.225 Y6.453 E1107.80162 F3000
G1 X-16.061 Y6.452 E1107.82878 F3000
G1 X-14.947 Y6.444 E1108.01411 F3000
G1 X-13.638 Y6.440 E1108.23175 F3000
G1 X-13.114 Y6.438 E1108.31883 F3000
G1 X-11.694 Y6.436 E1108.55498 F3000
G1 X-10.944 Y6.434 E1108.67978 F3000
G1 X-10.084 Y6.433 E1108.82287 F3000
G1 X-8.652 Y6.433 E1109.06096 F3000
G1 X-7.809 Y6.432 E1109.20116 F3000
G1 X-6.455 Y6.432 E1109.42637 F3000
G1 X-5.292 Y6.432 E1109.61965 F3000
G1 X-4.569 Y6.431 E1109.74002 F3000
G1 X-3.550 Y6.431 E1109.90934 F3000
G1 X-2.916 Y6.431 E1110.01484 F3000
G1 X-2.341 Y6.431 E1110.11045 F3000
G1 X-1.419 Y6.431 E1110.26378 F3000
G1 X-0.874 Y6.431 E1110.35443 F3000
G1 X0.000 Y6.431 E1110.49977 F3000
G1 X0.874 Y6.431 E1110.64512 F3000
G1 X1.419 Y6.431 E1110.73577 F3000
G1 X2.341 Y6.431 E1110.88910 F3000
G1 X2.916 Y6.431 E1110.98471 F3000
G1 X3.550 Y6.431 E1111.09021 F3000
G1 X4.569 Y6.431 E1111.25953 F3000
G1 X5.292 Y6.432 E1111.37989 F3000
G1 X6.455 Y6.432 E1111.57317 F3000
G1 X7.809 Y6.432 E1111.79838 F3000
G1 X8.652 Y6.433 E1111.93859 F3000
G1 X10.084 Y6.433 E1112.17668 F3000
G1 X10.944 Y6.434 E1112.31977 F3000
G1 X11.694 Y6.436 E1112.44456 F3000
G1 X13.114 Y6.438 E1112.68072 F3000
G1 X13.638 Y6.440 E1112.76780 F3000
G1 X14.947 Y6.444 E1112.98544 F3000
G1 X16.061 Y6.452 E1113.17077 F3000
G1 X16.225 Y6.453 E1113.19793 F3000
G1 X16.942 Y6.429 E1113.31735 F3000
G1 X17.048 Y6.425 E1113.33492 F3000
G1 X17.549 Y6.316 E1113.42025 F3000
G1 X17.820 Y6.098 E1113.47803 F3000
G1 X17.963 Y5.782 E1113.53574 F3000
G1 X17.983 Y5.737 E1113.54397 F3000
G1 X18.063 Y4.996 E1113.66783 F3000
G1 X18.075 Y4.890 E1113.68555 F3000
G1 X18.082 Y4.688 E1113.71922 F3000
G1 X18.131 Y3.219 E1113.96372 F3000
G1 X18.137 Y2.939 E1114.01024 F3000
G1 X18.190 Y0.389 E1114.43432 F3000
G1 X18.284 Y-3.700 E1115.11459 F3000
G1 X18.289 Y-3.930 E1115.15279 F3000
G1 X18.405 Y-8.845 E1115.97047 F3000
G1 X18.410 Y-9.047 E1116.00407 F3000
G1 X18.415 Y-9.243 E1116.03666 F3000
G1 X18.536 Y-14.272 E1116.87314 F3000
G1 X18.539 Y-14.410 E1116.89618 F3000
G1 X18.648 Y-18.911 E1117.64496 F3000
G1 X18.728 Y-22.198 E1118.19167 F3000
G1 X18.730 Y-22.275 E1118.20448 F3000
G1 X18.786 Y-24.629 E1118.59610 F3000
G1 X18.801 Y-25.279 E1118.70421 F3000
G1 X18.824 Y-26.348 E1118.88204 F3000
G1 X18.825 Y-26.382 E1118.88771 F3000
G1 X18.846 Y-27.642 E1119.09725 F3000
G1 X18.850 Y-28.489 E1119.23811 F3000
G1 X18.861 Y-28.821 E1119.29336 F3000
G1 X18.881 Y-29.372 E1119.38498 F3000
G1 X18.913 Y-29.872 E1119.46835 F3000
G1 X19.026 Y-30.754 E1119.61617 F3000
G1 X19.030 Y-30.790 E1119.62225 F3000
G1 X19.046 Y-30.846 E1119.63195 F3000
G1 X19.249 Y-31.557 E1119.75489 F3000
G1 X19.424 Y-31.839 E1119.81012 F3000
G1 X19.615 Y-32.134 E1119.86859 F3000
G0 X13.116 Y5.012 F9000
G1 X12.210 Y5.163 E1120.02128 F3000
G1 X11.207 Y5.257 E1120.18885 F3000
G1 X10.944 Y5.275 E1120.23278 F3000
G1 X10.589 Y5.282 E1120.29171 F3000
G1 X8.651 Y5.326 E1120.61416 F3000
G1 X8.164 Y5.325 E1120.69518 F3000
G1 X6.453 Y5.314 E1120.97963 F3000
G1 X4.982 Y5.308 E1121.22427 F3000
G1 X4.567 Y5.307 E1121.29327 F3000
G1 X3.281 Y5.305 E1121.50718 F3000
G1 X2.915 Y5.305 E1121.56805 F3000
G1 X2.583 Y5.305 E1121.62334 F3000
G1 X1.419 Y5.304 E1121.81692 F3000
G1 X1.101 Y5.305 E1121.86968 F3000
G1 X0.000 Y5.305 E1122.05284 F3000
G1 X-1.101 Y5.305 E1122.23600 F3000
G1 X-1.419 Y5.304 E1122.28876 F3000
G1 X-2.583 Y5.305 E1122.48233 F3000
G1 X-2.915 Y5.305 E1122.53763 F3000
G1 X-3.281 Y5.305 E1122.59850 F3000
G1 X-4.567 Y5.307 E1122.81241 F3000
G1 X-4.982 Y5.308 E1122.88141 F3000
G1 X-6.453 Y5.314 E1123.12605 F3000
G1 X-8.164 Y5.325 E1123.41050 F3000
G1 X-8.651 Y5.326 E1123.49151 F3000
G1 X-10.589 Y5.282 E1123.81397 F3000
G1 X-10.944 Y5.275 E1123.87289 F3000
G1 X-11.207 Y5.257 E1123.91682 F3000
G1 X-12.210 Y5.163 E1124.08439 F3000
G1 X-13.116 Y5.012 E1124.23709 F3000
G1 X-13.473 Y4.839 E1124.30308 F3000
G1 X-14.956 Y4.179 E1124.57297 F3000
G1 X-15.252 Y3.862 E1124.64512 F3000
G1 X-15.498 Y3.476 E1124.72118 F3000
G1 X-15.859 Y2.572 E1124.88307 F3000
G1 X-16.271 Y1.232 E1125.11624 F3000
G1 X-16.355 Y0.839 E1125.18309 F3000
G1 X-16.395 Y0.567 E1125.22877 F3000
G1 X-16.445 Y-0.239 E1125.36307 F3000
G1 X-16.702 Y-3.901 E1125.97353 F3000
G1 X-16.773 Y-6.338 E1126.37902 F3000
G1 X-16.861 Y-9.202 E1126.85552 F3000
G1 X-16.892 Y-11.848 E1127.29560 F3000
G1 X-16.932 Y-14.627 E1127.75783 F3000
G1 X-16.939 Y-17.154 E1128.17799 F3000
G1 X-16.956 Y-19.453 E1128.56042 F3000
G1 X-16.967 Y-20.978 E1128.81392 F3000
G1 X-16.974 Y-22.935 E1129.13946 F3000
G1 X-16.938 Y-23.822 E1129.28699 F3000
G1 X-16.862 Y-25.378 E1129.54612 F3000
G1 X-16.631 Y-26.418 E1129.72331 F3000
G1 X-16.356 Y-27.105 E1129.84637 F3000
G1 X-15.267 Y-28.110 E1130.09270 F3000
G1 X-14.898 Y-28.251 E1130.15843 F3000
G1 X-13.900 Y-28.608 E1130.33484 F3000
G1 X-13.346 Y-28.744 E1130.42962 F3000
G1 X-13.198 Y-28.763 E1130.45437 F3000
G1 X-11.096 Y-29.056 E1130.80745 F3000
G1 X-8.933 Y-29.237 E1131.16828 F3000
G1 X-8.764 Y-29.245 E1131.19653 F3000
G1 X-6.906 Y-29.244 E1131.50555 F3000
G1 X-6.491 Y-29.241 E1131.57452 F3000
G1 X-5.988 Y-29.241 E1131.65817 F3000
G1 X-4.577 Y-29.246 E1131.89278 F3000
G1 X-3.955 Y-29.250 E1131.99622 F3000
G1 X-2.913 Y-29.258 E1132.16955 F3000
G1 X-2.032 Y-29.266 E1132.31607 F3000
G1 X-1.415 Y-29.271 E1132.41868 F3000
G1 X-0.585 Y-29.275 E1132.55675 F3000
G1 X0.000 Y-29.278 E1132.65397 F3000
G1 X0.585 Y-29.275 E1132.75118 F3000
G1 X1.415 Y-29.271 E1132.88926 F3000
G1 X2.032 Y-29.266 E1132.99187 F3000
G1 X2.913 Y-29.258 E1133.13839 F3000
G1 X3.955 Y-29.250 E1133.31172 F3000
G1 X4.577 Y-29.246 E1133.41516 F3000
G1 X5.988 Y-29.241 E1133.64976 F3000
G1 X6.491 Y-29.241 E1133.73342 F3000
G1 X6.906 Y-29.244 E1133.80238 F3000
G1 X8.737 Y-29.246 E1134.10700 F3000
G1 X8.764 Y-29.245 E1134.11141 F3000
G1 X8.933 Y-29.237 E1134.13966 F3000
G1 X11.096 Y-29.056 E1134.50050 F3000
G1 X13.198 Y-28.763 E1134.85357 F3000
G1 X13.346 Y-28.744 E1134.87832 F3000
G1 X13.900 Y-28.608 E1134.97310 F3000
G1 X14.898 Y-28.251 E1135.14951 F3000
G1 X15.267 Y-28.110 E1135.21524 F3000
G1 X16.356 Y-27.105 E1135.46157 F3000
G1 X16.631 Y-26.418 E1135.58463 F3000
G1 X16.862 Y-25.378 E1135.76182 F3000
G1 X16.938 Y-23.822 E1136.02096 F3000
G1 X16.974 Y-22.935 E1136.16848 F3000
G1 X16.967 Y-20.978 E1136.49403 F3000
G1 X16.956 Y-19.453 E1136.74752 F3000
G1 X16.939 Y-17.154 E1137.12996 F3000
G1 X16.932 Y-14.627 E1137.55012 F3000
G1 X16.892 Y-11.848 E1138.01234 F3000
G1 X16.861 Y-9.202 E1138.45242 F3000
G1 X16.773 Y-6.338 E1138.92892 F3000
G1 X16.702 Y-3.901 E1139.33441 F3000
G1 X16.445 Y-0.239 E1139.94487 F3000
G1 X16.395 Y0.567 E1140.07917 F3000
G1 X16.355 Y0.839 E1140.12486 F3000
G1 X16.271 Y1.232 E1140.19170 F3000
G1 X15.859 Y2.572 E1140.42487 F3000
G1 X15.498 Y3.476 E1140.58676 F3000
G1 X15.252 Y3.862 E1140.66282 F3000
G1 X14.956 Y4.179 E1140.73497 F3000
G1 X13.473 Y4.839 E1141.00486 F3000
G1 X13.116 Y5.012 E1141.07086 F3000
; LAYER:28
; Z:28.500
G0 Z28.500 F600
G0 X32.970 Y-32.526 F9000
G1 X33.705 Y-32.052 E1141.21637 F3000
G1 X33.866 Y-31.940 E1141.24893 F3000
G1 X34.456 Y-31.154 E1141.41233 F3000
G1 X34.507 Y-31.079 E1141.42753 F3000
G1 X34.534 Y-30.991 E1141.44278 F3000
G1 X34.924 Y-29.873 E1141.63973 F3000
G1 X34.929 Y-29.828 E1141.64729 F3000
G1 X35.154 Y-28.431 E1141.88249 F3000
G1 X35.238 Y-26.873 E1142.14202 F3000
G1 X35.228 Y-25.930 E1142.29889 F3000
G1 X35.220 Y-25.294 E1142.40463 F3000
G1 X35.142 Y-23.817 E1142.65052 F3000
G1 X34.983 Y-22.132 E1142.93206 F3000
G1 X34.743 Y-20.105 E1143.27141 F3000
G1 X34.722 Y-19.918 E1143.30280 F3000
G1 X34.392 Y-17.312 E1143.73962 F3000
G1 X34.339 Y-16.859 E1143.81544 F3000
G1 X34.241 Y-16.025 E1143.95519 F3000
G1 X33.817 Y-12.639 E1144.52255 F3000
G1 X33.625 Y-10.981 E1144.80020 F3000
G1 X33.243 Y-7.882 E1145.31938 F3000
G1 X32.956 Y-5.510 E1145.71680 F3000
G1 X32.703 Y-3.213 E1146.10110 F3000
G1 X32.539 Y-1.792 E1146.33892 F3000
G1 X32.274 Y0.743 E1146.76280 F3000
G1 X32.058 Y3.020 E1147.14319 F3000
G1 X32.023 Y3.356 E1147.19944 F3000
G1 X31.912 Y4.882 E1147.45378 F3000
G1 X31.903 Y4.984 E1147.47087 F3000
G1 X31.901 Y5.044 E1147.48088 F3000
G1 X31.873 Y5.984 E1147.63717 F3000
G1 X31.893 Y6.713 E1147.75853 F3000
G1 X31.924 Y7.462 E1147.88323 F3000
G1 X31.926 Y7.531 E1147.89466 F3000
G1 X31.963 Y8.281 E1148.01954 F3000
G1 X31.968 Y8.375 E1148.03522 F3000
G1 X31.972 Y8.468 E1148.05070 F3000
G1 X32.011 Y9.184 E1148.16989 F3000
G1 X32.016 Y9.286 E1148.18695 F3000
G1 X32.050 Y9.895 E1148.28831 F3000
G1 X32.076 Y10.344 E1148.36311 F3000
G1 X32.081 Y10.446 E1148.38014 F3000
G1 X32.102 Y10.822 E1148.44280 F3000
G1 X32.107 Y10.918 E1148.45865 F3000
G1 X32.112 Y11.014 E1148.47479 F3000
G1 X32.133 Y11.389 E1148.53712 F3000
G1 X32.139 Y11.511 E1148.55749 F3000
G1 X32.163 Y11.939 E1148.62881 F3000
G1 X32.193 Y12.466 E1148.71652 F3000
G1 X32.202 Y12.649 E1148.74700 F3000
G1 X32.227 Y13.276 E1148.85144 F3000
G1 X32.235 Y13.526 E1148.89292 F3000
G1 X32.236 Y13.833 E1148.94397 F3000
G1 X32.246 Y14.578 E1149.06791 F3000
G1 X32.234 Y14.973 E1149.13369 F3000
G1 X32.221 Y15.814 E1149.27349 F3000
G1 X32.179 Y16.706 E1149.42211 F3000
G1 X32.143 Y17.242 E1149.51134 F3000
G1 X32.089 Y18.147 E1149.66208 F3000
G1 X32.038 Y18.761 E1149.76458 F3000
G1 X31.987 Y19.380 E1149.86795 F3000
G1 X31.931 Y20.270 E1150.01617 F3000
G1 X31.887 Y20.903 E1150.12179 F3000
G1 X31.847 Y21.667 E1150.24902 F3000
G1 X31.835 Y22.239 E1150.34404 F3000
G1 X31.813 Y22.852 E1150.44612 F3000
G1 X31.807 Y23.268 E1150.51527 F3000
G1 X31.794 Y23.823 E1150.60762 F3000
G1 X31.771 Y24.310 E1150.68865 F3000
G1 X31.759 Y24.579 E1150.73350 F3000
G1 X31.701 Y24.958 E1150.79725 F3000
G1 X31.675 Y25.120 E1150.82447 F3000
G1 X31.628 Y25.209 E1150.84127 F3000
G1 X31.508 Y25.444 E1150.88514 F3000
G1 X31.416 Y25.485 E1150.90189 F3000
G1 X31.144 Y25.606 E1150.95141 F3000
G1 X30.629 Y25.648 E1151.03734 F3000
G1 X30.469 Y25.660 E1151.06400 F3000
G1 X29.628 Y25.660 E1151.20393 F3000
G1 X29.370 Y25.660 E1151.24688 F3000
G1 X28.986 Y25.660 E1151.31073 F3000
G1 X27.731 Y25.660 E1151.51936 F3000
G1 X27.272 Y25.660 E1151.59573 F3000
G1 X25.770 Y25.660 E1151.84554 F3000
G1 X24.185 Y25.660 E1152.10904 F3000
G1 X23.701 Y25.660 E1152.18956 F3000
G1 X22.200 Y25.660 E1152.43923 F3000
G1 X21.741 Y25.660 E1152.51551 F3000
G1 X21.358 Y25.660 E1152.57917 F3000
G1 X20.105 Y25.660 E1152.78753 F3000
G1 X19.757 Y25.660 E1152.84540 F3000
G1 X18.618 Y25.660 E1153.03484 F3000
G1 X17.458 Y25.660 E1153.22775 F3000
G1 X17.104 Y25.660 E1153.28668 F3000
G1 X15.788 Y25.660 E1153.50544 F3000
G1 X15.387 Y25.660 E1153.57227 F3000
G1 X14.896 Y25.660 E1153.65384 F3000
G1 X13.290 Y25.660 E1153.92086 F3000
G1 X12.752 Y25.660 E1154.01045 F3000
G1 X10.988 Y25.660 E1154.30374 F3000
G1 X9.199 Y25.660 E1154.60132 F3000
G1 X8.652 Y25.660 E1154.69223 F3000
G1 X6.969 Y25.660 E1154.97214 F3000
G1 X6.455 Y25.660 E1155.05765 F3000
G1 X6.013 Y25.660 E1155.13105 F3000
G1 X4.569 Y25.660 E1155.37130 F3000
G1 X4.182 Y25.660 E1155.43561 F3000
G1 X2.916 Y25.660 E1155.64613 F3000
G1 X1.769 Y25.660 E1155.83681 F3000
G1 X1.419 Y25.660 E1155.89507 F3000
G1 X0.332 Y25.660 E1156.07584 F3000
G1 X0.000 Y25.660 E1156.13107 F3000
G1 X-0.332 Y25.660 E1156.18630 F3000
G1 X-1.419 Y25.660 E1156.36707 F3000
G1 X-1.769 Y25.660 E1156.42533 F3000
G1 X-2.916 Y25.660 E1156.61602 F3000
G1 X-4.182 Y25.660 E1156.82653 F3000
G1 X-4.569 Y25.660 E1156.89084 F3000
G1 X-6.013 Y25.660 E1157.13110 F3000
G1 X-6.455 Y25.660 E1157.20449 F3000
G1 X-6.969 Y25.660 E1157.29000 F3000
G1 X-8.652 Y25.660 E1157.56991 F3000
G1 X-9.199 Y25.660 E1157.66082 F3000
G1 X-10.988 Y25.660 E1157.95840 F3000
G1 X-12.752 Y25.660 E1158.25169 F3000
G1 X-13.290 Y25.660 E1158.34129 F3000
G1 X-14.896 Y25.660 E1158.60830 F3000
G1 X-15.387 Y25.660 E1158.68987 F3000
G1 X-15.788 Y25.660 E1158.75670 F3000
G1 X-17.104 Y25.660 E1158.97546 F3000
G1 X-17.458 Y25.660 E1159.03439 F3000
G1 X-18.618 Y25.660 E1159.22730 F3000
G1 X-19.757 Y25.660 E1159.41674 F3000
G1 X-20.105 Y25.660 E1159.47461 F3000
G1 X-21.358 Y25.660 E1159.68297 F3000
G1 X-21.741 Y25.660 E1159.74663 F3000
G1 X-22.200 Y25.660 E1159.82291 F3000
G1 X-23.701 Y25.660 E1160.07259 F3000
G1 X-24.185 Y25.660 E1160.15310 F3000
G1 X-25.770 Y25.660 E1160.41660 F3000
G1 X-27.272 Y25.660 E1160.66641 F3000
G1 X-27.731 Y25.660 E1160.74278 F3000
G1 X-28.986 Y25.660 E1160.95141 F3000
G1 X-29.370 Y25.660 E1161.01526 F3000
G1 X-29.628 Y25.660 E1161.05821 F3000
G1 X-30.469 Y25.660 E1161.19815 F3000
G1 X-30.629 Y25.648 E1161.22480 F3000
G1 X-31.144 Y25.606 E1161.31073 F3000
G1 X-31.416 Y25.485 E1161.36025 F3000
G1 X-31.508 Y25.444 E1161.37700 F3000
G1 X-31.628 Y25.209 E1161.42087 F3000
G1 X-31.675 Y25.120 E1161.43767 F3000
G1 X-31.701 Y24.958 E1161.46489 F3000
G1 X-31.759 Y24.579 E1161.52864 F3000
G1 X-31.771 Y24.310 E1161.57349 F3000
G1 X-31.794 Y23.823 E1161.65452 F3000
G1 X-31.807 Y23.268 E1161.74688 F3000
G1 X-31.813 Y22.852 E1161.81602 F3000
G1 X-31.835 Y22.239 E1161.91810 F3000
G1 X-31.847 Y21.667 E1162.01313 F3000
G1 X-31.887 Y20.903 E1162.14036 F3000
G1 X-31.931 Y20.270 E1162.24597 F3000
G1 X-31.987 Y19.380 E1162.39419 F3000
G1 X-32.038 Y18.761 E1162.49756 F3000
G1 X-32.089 Y18.147 E1162.60006 F3000
G1 X-32.143 Y17.242 E1162.75080 F3000
G1 X-32.179 Y16.706 E1162.84003 F3000
G1 X-32.221 Y15.814 E1162.98865 F3000
G1 X-32.234 Y14.973 E1163.12845 F3000
G1 X-32.246 Y14.578 E1163.19423 F3000
G1 X-32.236 Y13.833 E1163.31817 F3000
G1 X-32.235 Y13.526 E1163.36922 F3000
G1 X-32.227 Y13.276 E1163.41070 F3000
G1 X-32.202 Y12.649 E1163.51514 F3000
G1 X-32.193 Y12.466 E1163.54562 F3000
G1 X-32.163 Y11.939 E1163.63333 F3000
G1 X-32.139 Y11.511 E1163.70465 F3000
G1 X-32.133 Y11.389 E1163.72502 F3000
G1 X-32.112 Y11.014 E1163.78735 F3000
G1 X-32.107 Y10.918 E1163.80349 F3000
G1 X-32.102 Y10.822 E1163.81935 F3000
G1 X-32.081 Y10.446 E1163.88200 F3000
G1 X-32.076 Y10.344 E1163.89903 F3000
G1 X-32.050 Y9.895 E1163.97383 F3000
G1 X-32.016 Y9.286 E1164.07519 F3000
G1 X-32.011 Y9.184 E1164.09226 F3000
G1 X-31.972 Y8.468 E1164.21144 F3000
G1 X-31.968 Y8.375 E1164.22692 F3000
G1 X-31.963 Y8.281 E1164.24260 F3000
G1 X-31.926 Y7.531 E1164.36749 F3000
G1 X-31.924 Y7.462 E1164.37891 F3000
G1 X-31.893 Y6.713 E1164.50361 F3000
G1 X-31.873 Y6.018 E1164.61922 F3000
G1 X-31.901 Y5.044 E1164.78125 F3000
G1 X-31.903 Y4.984 E1164.79126 F3000
G1 X-31.911 Y4.882 E1164.80835 F3000
G1 X-32.023 Y3.356 E1165.06270 F3000
G1 X-32.058 Y3.020 E1165.11894 F3000
G1 X-32.274 Y0.743 E1165.49933 F3000
G1 X-32.539 Y-1.792 E1165.92321 F3000
G1 X-32.703 Y-3.213 E1166.16104 F3000
G1 X-32.956 Y-5.510 E1166.54533 F3000
G1 X-33.243 Y-7.882 E1166.94276 F3000
G1 X-33.625 Y-10.981 E1167.46193 F3000
G1 X-33.817 Y-12.639 E1167.73958 F3000
G1 X-34.241 Y-16.025 E1168.30694 F3000
G1 X-34.339 Y-16.859 E1168.44669 F3000
G1 X-34.392 Y-17.312 E1168.52251 F3000
G1 X-34.722 Y-19.918 E1168.95933 F3000
G1 X-34.743 Y-20.105 E1168.99072 F3000
G1 X-34.983 Y-22.132 E1169.33007 F3000
G1 X-35.140 Y-23.788 E1169.60666 F3000
G1 X-35.220 Y-25.287 E1169.85630 F3000
G1 X-35.228 Y-25.929 E1169.96320 F3000
G1 X-35.238 Y-26.866 E1170.11897 F3000
G1 X-35.238 Y-26.873 E1170.12012 F3000
G1 X-35.154 Y-28.431 E1170.37965 F3000
G1 X-34.929 Y-29.828 E1170.61484 F3000
G1 X-34.924 Y-29.873 E1170.62241 F3000
G1 X-34.534 Y-30.991 E1170.81935 F3000
G1 X-34.507 Y-31.079 E1170.83460 F3000
G1 X-34.456 Y-31.154 E1170.84980 F3000
G1 X-33.866 Y-31.940 E1171.01320 F3000
G1 X-33.705 Y-32.052 E1171.04577 F3000
G1 X-32.970 Y-32.526 E1171.19128 F3000
G1 X-32.187 Y-32.767 E1171.32751 F3000
G1 X-31.784 Y-32.905 E1171.39836 F3000
G1 X-30.955 Y-33.025 E1171.53766 F3000
G1 X-30.264 Y-33.139 E1171.65401 F3000
G1 X-29.175 Y-33.226 E1171.83572 F3000
G1 X-28.366 Y-33.285 E1171.97059 F3000
G1 X-26.992 Y-33.325 E1172.19920 F3000
G1 X-26.301 Y-33.345 E1172.31415 F3000
G1 X-25.748 Y-33.339 E1172.40617 F3000
G1 X-24.280 Y-33.318 E1172.65029 F3000
G1 X-23.968 Y-33.301 E1172.70219 F3000
G1 X-22.511 Y-33.207 E1172.94515 F3000
G1 X-22.047 Y-33.136 E1173.02316 F3000
G1 X-21.200 Y-33.003 E1173.16577 F3000
G1 X-21.053 Y-32.948 E1173.19187 F3000
G1 X-20.276 Y-32.678 E1173.32855 F3000
G1 X-19.982 Y-32.462 E1173.38930 F3000
G1 X-19.665 Y-32.215 E1173.45612 F3000
G1 X-19.565 Y-32.055 E1173.48760 F3000
G1 X-19.286 Y-31.598 E1173.57654 F3000
G1 X-19.245 Y-31.457 E1173.60107 F3000
G1 X-19.102 Y-30.954 E1173.68790 F3000
G1 X-19.062 Y-30.818 E1173.71159 F3000
G1 X-18.994 Y-30.245 E1173.80751 F3000
G1 X-18.951 Y-29.897 E1173.86577 F3000
G1 X-18.929 Y-29.298 E1173.96555 F3000
G1 X-18.911 Y-28.850 E1174.04004 F3000
G1 X-18.906 Y-27.930 E1174.19302 F3000
G1 X-18.903 Y-27.683 E1174.23420 F3000
G1 X-18.899 Y-27.472 E1174.26921 F3000
G1 X-18.885 Y-26.401 E1174.44730 F3000
G1 X-18.882 Y-26.261 E1174.47068 F3000
G1 X-18.850 Y-24.715 E1174.72776 F3000
G1 X-18.793 Y-22.358 E1175.11987 F3000
G1 X-18.731 Y-19.909 E1175.52734 F3000
G1 X-18.707 Y-18.963 E1175.68462 F3000
G1 X-18.591 Y-14.396 E1176.44442 F3000
G1 X-18.588 Y-14.315 E1176.45782 F3000
G1 X-18.461 Y-9.263 E1177.29826 F3000
G1 X-18.456 Y-9.082 E1177.32847 F3000
G1 X-18.451 Y-8.892 E1177.36008 F3000
G1 X-18.327 Y-3.954 E1178.18138 F3000
G1 X-18.321 Y-3.707 E1178.22262 F3000
G1 X-18.222 Y0.373 E1178.90130 F3000
G1 X-18.165 Y2.949 E1179.32977 F3000
G1 X-18.159 Y3.209 E1179.37298 F3000
G1 X-18.106 Y4.712 E1179.62304 F3000
G1 X-18.099 Y4.888 E1179.65238 F3000
G1 X-18.089 Y4.979 E1179.66769 F3000
G1 X-18.005 Y5.746 E1179.79594 F3000
G1 X-17.987 Y5.787 E1179.80345 F3000
G1 X-17.838 Y6.119 E1179.86392 F3000
G1 X-17.583 Y6.324 E1179.91832 F3000
G1 X-17.559 Y6.343 E1179.92335 F3000
G1 X-17.086 Y6.449 E1180.00398 F3000
G1 X-17.058 Y6.455 E1180.00870 F3000
G1 X-17.014 Y6.457 E1180.01614 F3000
G1 X-16.225 Y6.492 E1180.14751 F3000
G1 X-15.226 Y6.492 E1180.31362 F3000
G1 X-14.958 Y6.492 E1180.35820 F3000
G1 X-13.115 Y6.491 E1180.66470 F3000
G1 X-13.038 Y6.491 E1180.67743 F3000
G1 X-10.944 Y6.491 E1181.02565 F3000
G1 X-8.770 Y6.491 E1181.38716 F3000
G1 X-8.652 Y6.491 E1181.40683 F3000
G1 X-6.569 Y6.491 E1181.75325 F3000
G1 X-6.455 Y6.491 E1181.77225 F3000
G1 X-6.357 Y6.491 E1181.78856 F3000
G1 X-4.569 Y6.491 E1182.08590 F3000
G1 X-4.483 Y6.491 E1182.10019 F3000
G1 X-2.916 Y6.491 E1182.36073 F3000
G1 X-1.497 Y6.491 E1182.59673 F3000
G1 X-1.419 Y6.491 E1182.60967 F3000
G1 X-0.074 Y6.491 E1182.83340 F3000
G1 X0.000 Y6.491 E1182.84567 F3000
G1 X0.074 Y6.491 E1182.85794 F3000
G1 X1.419 Y6.491 E1183.08167 F3000
G1 X1.497 Y6.491 E1183.09462 F3000
G1 X2.916 Y6.491 E1183.33062 F3000
G1 X4.483 Y6.491 E1183.59115 F3000
G1 X4.569 Y6.491 E1183.60544 F3000
G1 X6.357 Y6.491 E1183.90278 F3000
G1 X6.455 Y6.491 E1183.91909 F3000
G1 X6.569 Y6.491 E1183.93809 F3000
G1 X8.652 Y6.491 E1184.28451 F3000
G1 X8.770 Y6.491 E1184.30418 F3000
G1 X10.944 Y6.491 E1184.66569 F3000
G1 X13.038 Y6.491 E1185.01391 F3000
G1 X13.115 Y6.491 E1185.02664 F3000
G1 X14.930 Y6.492 E1185.32848 F3000
G1 X15.226 Y6.492 E1185.37773 F3000
G1 X16.197 Y6.492 E1185.53918 F3000
G1 X17.014 Y6.457 E1185.67520 F3000
G1 X17.058 Y6.455 E1185.68264 F3000
G1 X17.086 Y6.449 E1185.68736 F3000
G1 X17.559 Y6.343 E1185.76798 F3000
G1 X17.583 Y6.324 E1185.77302 F3000
G1 X17.838 Y6.119 E1185.82742 F3000
G1 X17.987 Y5.787 E1185.88789 F3000
G1 X18.005 Y5.746 E1185.89540 F3000
G1 X18.089 Y4.979 E1186.02365 F3000
G1 X18.099 Y4.888 E1186.03896 F3000
G1 X18.106 Y4.712 E1186.06830 F3000
G1 X18.159 Y3.209 E1186.31836 F3000
G1 X18.165 Y2.949 E1186.36157 F3000
G1 X18.222 Y0.373 E1186.79004 F3000
G1 X18.321 Y-3.707 E1187.46872 F3000
G1 X18.327 Y-3.954 E1187.50996 F3000
G1 X18.451 Y-8.892 E1188.33126 F3000
G1 X18.456 Y-9.082 E1188.36287 F3000
G1 X18.461 Y-9.263 E1188.39308 F3000
G1 X18.588 Y-14.315 E1189.23352 F3000
G1 X18.591 Y-14.396 E1189.24692 F3000
G1 X18.707 Y-18.963 E1190.00672 F3000
G1 X18.731 Y-19.909 E1190.16400 F3000
G1 X18.792 Y-22.333 E1190.56728 F3000
G1 X18.850 Y-24.715 E1190.96358 F3000
G1 X18.882 Y-26.261 E1191.22066 F3000
G1 X18.885 Y-26.401 E1191.24404 F3000
G1 X18.899 Y-27.472 E1191.42213 F3000
G1 X18.903 Y-27.683 E1191.45714 F3000
G1 X18.906 Y-27.930 E1191.49832 F3000
G1 X18.911 Y-28.850 E1191.65130 F3000
G1 X18.929 Y-29.298 E1191.72579 F3000
G1 X18.951 Y-29.897 E1191.82557 F3000
G1 X18.994 Y-30.245 E1191.88383 F3000
G1 X19.062 Y-30.818 E1191.97975 F3000
G1 X19.102 Y-30.954 E1192.00344 F3000
G1 X19.245 Y-31.457 E1192.09027 F3000
G1 X19.286 Y-31.598 E1192.11480 F3000
G1 X19.565 Y-32.055 E1192.20374 F3000
G1 X19.665 Y-32.215 E1192.23522 F3000
G1 X19.982 Y-32.462 E1192.30204 F3000
G1 X20.276 Y-32.678 E1192.36279 F3000
G1 X21.053 Y-32.948 E1192.49946 F3000
G1 X21.200 Y-33.003 E1192.52557 F3000
G1 X22.047 Y-33.136 E1192.66818 F3000
G1 X22.511 Y-33.207 E1192.74618 F3000
G1 X23.968 Y-33.301 E1192.98915 F3000
G1 X24.280 Y-33.318 E1193.04105 F3000
G1 X25.748 Y-33.339 E1193.28517 F3000
G1 X26.301 Y-33.345 E1193.37719 F3000
G1 X26.992 Y-33.325 E1193.49214 F3000
G1 X28.366 Y-33.285 E1193.72075 F3000
G1 X29.175 Y-33.226 E1193.85562 F3000
G1 X30.264 Y-33.139 E1194.03733 F3000
G1 X30.955 Y-33.025 E1194.15368 F3000
G1 X31.784 Y-32.905 E1194.29298 F3000
G1 X32.187 Y-32.767 E1194.36383 F3000
G1 X32.970 Y-32.526 E1194.50006 F3000
G0 X9.201 Y-9.799 F9000
G1 X10.653 Y-10.593 E1194.77527 F3000
G1 X11.015 Y-11.314 E1194.90948 F3000
G1 X11.317 Y-10.446 E1195.06247 F3000
G1 X11.418 Y-9.661 E1195.19394 F3000
G1 X11.252 Y-9.053 E1195.29886 F3000
G1 X10.995 Y-7.053 E1195.63420 F3000
G1 X9.673 Y-6.566 E1195.86856 F3000
G1 X9.201 Y-9.799 E1196.41183 F3000
G0 X-11.015 Y-11.314 F9000
G1 X-10.653 Y-10.593 E1196.54604 F3000
G1 X-9.201 Y-9.799 E1196.82125 F3000
G1 X-9.673 Y-6.566 E1197.36452 F3000
G1 X-10.995 Y-7.053 E1197.59888 F3000
G1 X-11.252 Y-9.053 E1197.93422 F3000
G1 X-11.418 Y-9.661 E1198.03914 F3000
G1 X-11.317 Y-10.446 E1198.17060 F3000
G1 X-11.015 Y-11.314 E1198.32359 F3000
; LAYER:29
; Z:29.500
G0 Z29.500 F600
G0 X35.440 Y-22.084 F9000
G1 X35.261 Y-20.598 E1198.57260 F3000
G1 X35.170 Y-19.871 E1198.69446 F3000
G1 X34.895 Y-17.716 E1199.05575 F3000
G1 X34.777 Y-16.815 E1199.20686 F3000
G1 X34.620 Y-15.613 E1199.40837 F3000
G1 X34.235 Y-12.600 E1199.91358 F3000
G1 X34.091 Y-11.489 E1200.09981 F3000
G1 X33.632 Y-7.850 E1200.70982 F3000
G1 X33.117 Y-3.709 E1201.40380 F3000
G1 X33.051 Y-3.190 E1201.49077 F3000
G1 X32.601 Y0.562 E1202.11924 F3000
G1 X32.578 Y0.756 E1202.15162 F3000
G1 X32.564 Y0.879 E1202.17229 F3000
G1 X32.294 Y3.362 E1202.58760 F3000
G1 X32.293 Y3.376 E1202.59000 F3000
G1 X32.232 Y4.098 E1202.71048 F3000
G1 X32.157 Y4.967 E1202.85553 F3000
G1 X32.156 Y4.986 E1202.85861 F3000
G1 X32.155 Y4.997 E1202.86059 F3000
G1 X32.117 Y5.984 E1203.02472 F3000
G1 X32.117 Y5.996 E1203.02683 F3000
G1 X32.134 Y6.713 E1203.14606 F3000
G1 X32.163 Y7.524 E1203.28098 F3000
G1 X32.163 Y7.531 E1203.28215 F3000
G1 X32.198 Y8.374 E1203.42244 F3000
G1 X32.198 Y8.375 E1203.42268 F3000
G1 X32.198 Y8.377 E1203.42290 F3000
G1 X32.207 Y8.567 E1203.45453 F3000
G1 X32.235 Y9.180 E1203.55661 F3000
G1 X32.269 Y9.887 E1203.67436 F3000
G1 X32.270 Y9.901 E1203.67669 F3000
G1 X32.296 Y10.446 E1203.76747 F3000
G1 X32.296 Y10.454 E1203.76871 F3000
G1 X32.319 Y10.918 E1203.84596 F3000
G1 X32.341 Y11.378 E1203.92256 F3000
G1 X32.367 Y11.924 E1204.01351 F3000
G1 X32.368 Y11.939 E1204.01608 F3000
G1 X32.369 Y11.959 E1204.01939 F3000
G1 X32.402 Y12.649 E1204.13423 F3000
G1 X32.402 Y12.679 E1204.13913 F3000
G1 X32.425 Y13.527 E1204.28033 F3000
G1 X32.419 Y14.549 E1204.45024 F3000
G1 X32.419 Y14.584 E1204.45600 F3000
G1 X32.367 Y15.805 E1204.65929 F3000
G1 X32.366 Y15.828 E1204.66305 F3000
G1 X32.364 Y15.852 E1204.66714 F3000
G1 X32.294 Y16.709 E1204.81005 F3000
G1 X32.249 Y17.253 E1204.90083 F3000
G1 X32.103 Y18.743 E1205.14982 F3000
G1 X32.098 Y18.802 E1205.15968 F3000
G1 X32.094 Y18.859 E1205.16929 F3000
G1 X31.950 Y20.324 E1205.41406 F3000
G1 X31.945 Y20.395 E1205.42585 F3000
G1 X31.833 Y21.732 E1205.64903 F3000
G1 X31.786 Y22.756 E1205.81947 F3000
G1 X31.778 Y22.923 E1205.84727 F3000
G1 X31.777 Y22.930 E1205.84848 F3000
G1 X31.748 Y23.897 E1206.00930 F3000
G1 X31.716 Y24.544 E1206.11712 F3000
G1 X31.710 Y24.654 E1206.13537 F3000
G1 X31.646 Y25.082 E1206.20732 F3000
G1 X31.629 Y25.195 E1206.22628 F3000
G1 X31.593 Y25.270 E1206.24015 F3000
G1 X31.469 Y25.519 E1206.28639 F3000
G1 X31.376 Y25.562 E1206.30354 F3000
G1 X31.116 Y25.681 E1206.35113 F3000
G1 X30.641 Y25.720 E1206.43034 F3000
G1 X30.451 Y25.735 E1206.46195 F3000
G1 X29.675 Y25.735 E1206.59104 F3000
G1 X29.361 Y25.735 E1206.64333 F3000
G1 X28.889 Y25.735 E1206.72182 F3000
G1 X27.728 Y25.735 E1206.91491 F3000
G1 X27.161 Y25.735 E1207.00914 F3000
G1 X25.769 Y25.735 E1207.24064 F3000
G1 X24.300 Y25.735 E1207.48498 F3000
G1 X23.701 Y25.735 E1207.58450 F3000
G1 X22.309 Y25.735 E1207.81609 F3000
G1 X21.741 Y25.735 E1207.91046 F3000
G1 X21.268 Y25.735 E1207.98921 F3000
G1 X20.105 Y25.735 E1208.18248 F3000
G1 X19.675 Y25.735 E1208.25408 F3000
G1 X18.618 Y25.735 E1208.42979 F3000
G1 X17.542 Y25.735 E1208.60872 F3000
G1 X17.104 Y25.735 E1208.68163 F3000
G1 X15.884 Y25.735 E1208.88454 F3000
G1 X15.387 Y25.735 E1208.96722 F3000
G1 X14.780 Y25.735 E1209.06814 F3000
G1 X13.290 Y25.735 E1209.31580 F3000
G1 X12.624 Y25.735 E1209.42665 F3000
G1 X10.988 Y25.735 E1209.69869 F3000
G1 X9.328 Y25.735 E1209.97471 F3000
G1 X8.652 Y25.735 E1210.08718 F3000
G1 X7.091 Y25.735 E1210.34681 F3000
G1 X6.455 Y25.735 E1210.45260 F3000
G1 X5.909 Y25.735 E1210.54340 F3000
G1 X4.569 Y25.735 E1210.76625 F3000
G1 X4.090 Y25.735 E1210.84581 F3000
G1 X2.916 Y25.735 E1211.04107 F3000
G1 X1.852 Y25.735 E1211.21795 F3000
G1 X1.419 Y25.735 E1211.29002 F3000
G1 X0.411 Y25.735 E1211.45770 F3000
G1 X0.000 Y25.735 E1211.52602 F3000
G1 X-0.411 Y25.735 E1211.59434 F3000
G1 X-1.419 Y25.735 E1211.76202 F3000
G1 X-1.852 Y25.735 E1211.83409 F3000
G1 X-2.916 Y25.735 E1212.01097 F3000
G1 X-4.090 Y25.735 E1212.20623 F3000
G1 X-4.569 Y25.735 E1212.28579 F3000
G1 X-5.909 Y25.735 E1212.50864 F3000
G1 X-6.455 Y25.735 E1212.59944 F3000
G1 X-7.091 Y25.735 E1212.70523 F3000
G1 X-8.652 Y25.735 E1212.96486 F3000
G1 X-9.328 Y25.735 E1213.07733 F3000
G1 X-10.988 Y25.735 E1213.35335 F3000
G1 X-12.624 Y25.735 E1213.62539 F3000
G1 X-13.290 Y25.735 E1213.73624 F3000
G1 X-14.780 Y25.735 E1213.98390 F3000
G1 X-15.387 Y25.735 E1214.08482 F3000
G1 X-15.884 Y25.735 E1214.16750 F3000
G1 X-17.104 Y25.735 E1214.37041 F3000
G1 X-17.542 Y25.735 E1214.44332 F3000
G1 X-18.618 Y25.735 E1214.62225 F3000
G1 X-19.675 Y25.735 E1214.79796 F3000
G1 X-20.105 Y25.735 E1214.86956 F3000
G1 X-21.268 Y25.735 E1215.06283 F3000
G1 X-21.741 Y25.735 E1215.14158 F3000
G1 X-22.309 Y25.735 E1215.23594 F3000
G1 X-23.701 Y25.735 E1215.46754 F3000
G1 X-24.300 Y25.735 E1215.56706 F3000
G1 X-25.769 Y25.735 E1215.81140 F3000
G1 X-27.161 Y25.735 E1216.04290 F3000
G1 X-27.728 Y25.735 E1216.13713 F3000
G1 X-28.889 Y25.735 E1216.33022 F3000
G1 X-29.361 Y25.735 E1216.40871 F3000
G1 X-29.675 Y25.735 E1216.46100 F3000
G1 X-30.451 Y25.735 E1216.59009 F3000
G1 X-30.641 Y25.720 E1216.62170 F3000
G1 X-31.116 Y25.681 E1216.70091 F3000
G1 X-31.376 Y25.562 E1216.74850 F3000
G1 X-31.469 Y25.519 E1216.76564 F3000
G1 X-31.593 Y25.270 E1216.81189 F3000
G1 X-31.629 Y25.195 E1216.82576 F3000
G1 X-31.646 Y25.082 E1216.84472 F3000
G1 X-31.710 Y24.654 E1216.91667 F3000
G1 X-31.716 Y24.544 E1216.93492 F3000
G1 X-31.748 Y23.897 E1217.04273 F3000
G1 X-31.777 Y22.930 E1217.20356 F3000
G1 X-31.778 Y22.923 E1217.20476 F3000
G1 X-31.786 Y22.756 E1217.23257 F3000
G1 X-31.833 Y21.732 E1217.40301 F3000
G1 X-31.945 Y20.395 E1217.62619 F3000
G1 X-31.950 Y20.324 E1217.63798 F3000
G1 X-32.094 Y18.859 E1217.88275 F3000
G1 X-32.098 Y18.802 E1217.89236 F3000
G1 X-32.103 Y18.743 E1217.90222 F3000
G1 X-32.248 Y17.268 E1218.14858 F3000
G1 X-32.249 Y17.253 E1218.15121 F3000
G1 X-32.294 Y16.709 E1218.24199 F3000
G1 X-32.364 Y15.852 E1218.38490 F3000
G1 X-32.367 Y15.805 E1218.39275 F3000
G1 X-32.419 Y14.584 E1218.59604 F3000
G1 X-32.419 Y14.549 E1218.60180 F3000
G1 X-32.425 Y13.527 E1218.77171 F3000
G1 X-32.402 Y12.679 E1218.91291 F3000
G1 X-32.402 Y12.649 E1218.91781 F3000
G1 X-32.369 Y11.959 E1219.03265 F3000
G1 X-32.367 Y11.924 E1219.03853 F3000
G1 X-32.341 Y11.389 E1219.12763 F3000
G1 X-32.341 Y11.378 E1219.12948 F3000
G1 X-32.319 Y10.918 E1219.20608 F3000
G1 X-32.296 Y10.454 E1219.28333 F3000
G1 X-32.270 Y9.901 E1219.37535 F3000
G1 X-32.269 Y9.887 E1219.37768 F3000
G1 X-32.235 Y9.184 E1219.49475 F3000
G1 X-32.235 Y9.180 E1219.49543 F3000
G1 X-32.207 Y8.567 E1219.59751 F3000
G1 X-32.198 Y8.377 E1219.62914 F3000
G1 X-32.198 Y8.374 E1219.62960 F3000
G1 X-32.163 Y7.531 E1219.76988 F3000
G1 X-32.163 Y7.524 E1219.77106 F3000
G1 X-32.134 Y6.713 E1219.90598 F3000
G1 X-32.117 Y5.996 E1220.02521 F3000
G1 X-32.155 Y4.997 E1220.19145 F3000
G1 X-32.157 Y4.967 E1220.19650 F3000
G1 X-32.232 Y4.098 E1220.34155 F3000
G1 X-32.293 Y3.376 E1220.46203 F3000
G1 X-32.294 Y3.362 E1220.46444 F3000
G1 X-32.564 Y0.879 E1220.87975 F3000
G1 X-32.578 Y0.756 E1220.90041 F3000
G1 X-32.601 Y0.562 E1220.93280 F3000
G1 X-33.051 Y-3.190 E1221.56127 F3000
G1 X-33.117 Y-3.709 E1221.64823 F3000
G1 X-33.632 Y-7.850 E1222.34222 F3000
G1 X-34.091 Y-11.489 E1222.95223 F3000
G1 X-34.235 Y-12.600 E1223.13845 F3000
G1 X-34.620 Y-15.613 E1223.64367 F3000
G1 X-34.777 Y-16.815 E1223.84517 F3000
G1 X-34.895 Y-17.716 E1223.99628 F3000
G1 X-35.170 Y-19.871 E1224.35758 F3000
G1 X-35.261 Y-20.598 E1224.47943 F3000
G1 X-35.440 Y-22.084 E1224.72844 F3000
G1 X-35.548 Y-23.165 E1224.90906 F3000
G1 X-35.612 Y-23.772 E1225.01062 F3000
G1 X-35.672 Y-24.707 E1225.16629 F3000
G1 X-35.711 Y-25.252 E1225.25716 F3000
G1 X-35.733 Y-25.840 E1225.35501 F3000
G1 X-35.762 Y-26.838 E1225.52119 F3000
G1 X-35.749 Y-27.438 E1225.62086 F3000
G1 X-35.717 Y-28.421 E1225.78440 F3000
G1 X-35.599 Y-29.292 E1225.93058 F3000
G1 X-35.529 Y-29.886 E1226.03011 F3000
G1 X-35.315 Y-30.558 E1226.14737 F3000
G1 X-35.152 Y-31.124 E1226.24539 F3000
G1 X-34.818 Y-31.634 E1226.34675 F3000
G1 X-34.542 Y-32.027 E1226.42654 F3000
G1 X-33.911 Y-32.493 E1226.55705 F3000
G1 X-33.667 Y-32.660 E1226.60628 F3000
G1 X-33.420 Y-32.741 E1226.64946 F3000
G1 X-32.487 Y-33.090 E1226.81517 F3000
G1 X-32.416 Y-33.101 E1226.82698 F3000
G1 X-32.065 Y-33.166 E1226.88646 F3000
G1 X-30.929 Y-33.367 E1227.07824 F3000
G1 X-29.395 Y-33.496 E1227.33423 F3000
G1 X-28.944 Y-33.540 E1227.40963 F3000
G1 X-27.585 Y-33.579 E1227.63568 F3000
G1 X-26.741 Y-33.606 E1227.77614 F3000
G1 X-25.786 Y-33.584 E1227.93499 F3000
G1 X-24.551 Y-33.560 E1228.14051 F3000
G1 X-23.787 Y-33.494 E1228.26801 F3000
G1 X-22.652 Y-33.408 E1228.45723 F3000
G1 X-21.944 Y-33.283 E1228.57685 F3000
G1 X-21.284 Y-33.147 E1228.68879 F3000
G1 X-20.867 Y-32.991 E1228.76300 F3000
G1 X-20.342 Y-32.768 E1228.85775 F3000
G1 X-19.879 Y-32.392 E1228.95697 F3000
G1 X-19.720 Y-32.267 E1228.99063 F3000
G1 X-19.342 Y-31.645 E1229.11174 F3000
G1 X-19.334 Y-31.631 E1229.11431 F3000
G1 X-19.143 Y-30.965 E1229.22963 F3000
G1 X-19.109 Y-30.848 E1229.24988 F3000
G1 X-19.032 Y-30.198 E1229.35878 F3000
G1 X-18.999 Y-29.932 E1229.40333 F3000
G1 X-18.984 Y-29.542 E1229.46826 F3000
G1 X-18.962 Y-28.891 E1229.57655 F3000
G1 X-18.958 Y-28.295 E1229.67569 F3000
G1 X-18.955 Y-27.730 E1229.76962 F3000
G1 X-18.948 Y-27.216 E1229.85501 F3000
G1 X-18.935 Y-26.452 E1229.98213 F3000
G1 X-18.922 Y-25.855 E1230.08141 F3000
G1 X-18.897 Y-24.766 E1230.26262 F3000
G1 X-18.853 Y-23.135 E1230.53395 F3000
G1 X-18.835 Y-22.380 E1230.65948 F3000
G1 X-18.770 Y-20.005 E1231.05471 F3000
G1 X-18.744 Y-19.005 E1231.22102 F3000
G1 X-18.710 Y-17.660 E1231.44471 F3000
G1 X-18.619 Y-14.349 E1231.99558 F3000
G1 X-18.584 Y-12.966 E1232.22572 F3000
G1 X-18.478 Y-9.106 E1232.86778 F3000
G1 X-18.369 Y-5.069 E1233.53940 F3000
G1 X-18.341 Y-3.970 E1233.72224 F3000
G1 X-18.249 Y-0.443 E1234.30900 F3000
G1 X-18.229 Y0.365 E1234.44346 F3000
G1 X-18.218 Y0.876 E1234.52835 F3000
G1 X-18.162 Y3.206 E1234.91594 F3000
G1 X-18.152 Y3.476 E1234.96093 F3000
G1 X-18.100 Y4.887 E1235.19574 F3000
G1 X-18.019 Y5.620 E1235.31833 F3000
G1 X-18.005 Y5.746 E1235.33945 F3000
G1 X-17.863 Y6.063 E1235.39728 F3000
G1 X-17.838 Y6.119 E1235.40743 F3000
G1 X-17.795 Y6.153 E1235.41655 F3000
G1 X-17.559 Y6.343 E1235.46686 F3000
G1 X-17.475 Y6.362 E1235.48118 F3000
G1 X-17.058 Y6.455 E1235.55220 F3000
G1 X-16.386 Y6.485 E1235.66413 F3000
G1 X-16.225 Y6.492 E1235.69101 F3000
G1 X-15.217 Y6.492 E1235.85859 F3000
G1 X-14.947 Y6.492 E1235.90349 F3000
G1 X-14.542 Y6.492 E1235.97091 F3000
G1 X-13.115 Y6.492 E1236.20821 F3000
G1 X-12.615 Y6.492 E1236.29124 F3000
G1 X-10.944 Y6.492 E1236.56916 F3000
G1 X-9.190 Y6.492 E1236.86094 F3000
G1 X-8.652 Y6.492 E1236.95034 F3000
G1 X-6.972 Y6.492 E1237.22980 F3000
G1 X-6.455 Y6.492 E1237.31575 F3000
G1 X-6.011 Y6.492 E1237.38953 F3000
G1 X-4.569 Y6.492 E1237.62940 F3000
G1 X-4.180 Y6.492 E1237.69405 F3000
G1 X-2.916 Y6.492 E1237.90423 F3000
G1 X-1.771 Y6.492 E1238.09462 F3000
G1 X-1.419 Y6.492 E1238.15317 F3000
G1 X-0.334 Y6.492 E1238.33366 F3000
G1 X0.000 Y6.492 E1238.38918 F3000
G1 X0.334 Y6.492 E1238.44469 F3000
G1 X1.419 Y6.492 E1238.62518 F3000
G1 X1.771 Y6.492 E1238.68374 F3000
G1 X2.916 Y6.492 E1238.87412 F3000
G1 X4.180 Y6.492 E1239.08430 F3000
G1 X4.569 Y6.492 E1239.14895 F3000
G1 X6.011 Y6.492 E1239.38882 F3000
G1 X6.455 Y6.492 E1239.46260 F3000
G1 X6.972 Y6.492 E1239.54855 F3000
G1 X8.652 Y6.492 E1239.82801 F3000
G1 X9.190 Y6.492 E1239.91742 F3000
G1 X10.944 Y6.492 E1240.20920 F3000
G1 X12.615 Y6.492 E1240.48711 F3000
G1 X13.115 Y6.492 E1240.57014 F3000
G1 X14.542 Y6.492 E1240.80744 F3000
G1 X14.947 Y6.492 E1240.87486 F3000
G1 X15.217 Y6.492 E1240.91976 F3000
G1 X16.225 Y6.492 E1241.08734 F3000
G1 X16.386 Y6.485 E1241.11422 F3000
G1 X17.058 Y6.455 E1241.22615 F3000
G1 X17.475 Y6.362 E1241.29717 F3000
G1 X17.559 Y6.343 E1241.31149 F3000
G1 X17.795 Y6.153 E1241.36180 F3000
G1 X17.838 Y6.119 E1241.37092 F3000
G1 X17.863 Y6.063 E1241.38107 F3000
G1 X18.005 Y5.746 E1241.43891 F3000
G1 X18.019 Y5.620 E1241.46002 F3000
G1 X18.100 Y4.887 E1241.58261 F3000
G1 X18.152 Y3.476 E1241.81743 F3000
G1 X18.162 Y3.206 E1241.86241 F3000
G1 X18.218 Y0.876 E1242.25000 F3000
G1 X18.229 Y0.365 E1242.33489 F3000
G1 X18.249 Y-0.443 E1242.46935 F3000
G1 X18.341 Y-3.970 E1243.05611 F3000
G1 X18.369 Y-5.069 E1243.23895 F3000
G1 X18.478 Y-9.106 E1243.91057 F3000
G1 X18.584 Y-12.966 E1244.55263 F3000
G1 X18.619 Y-14.349 E1244.78278 F3000
G1 X18.710 Y-17.660 E1245.33364 F3000
G1 X18.744 Y-19.005 E1245.55733 F3000
G1 X18.770 Y-20.005 E1245.72364 F3000
G1 X18.835 Y-22.380 E1246.11887 F3000
G1 X18.853 Y-23.135 E1246.24441 F3000
G1 X18.897 Y-24.766 E1246.51573 F3000
G1 X18.922 Y-25.855 E1246.69694 F3000
G1 X18.935 Y-26.452 E1246.79623 F3000
G1 X18.948 Y-27.216 E1246.92334 F3000
G1 X18.955 Y-27.730 E1247.00873 F3000
G1 X18.958 Y-28.295 E1247.10266 F3000
G1 X18.962 Y-28.891 E1247.20180 F3000
G1 X18.984 Y-29.542 E1247.31009 F3000
G1 X18.999 Y-29.932 E1247.37502 F3000
G1 X19.032 Y-30.198 E1247.41957 F3000
G1 X19.109 Y-30.848 E1247.52847 F3000
G1 X19.143 Y-30.965 E1247.54872 F3000
G1 X19.334 Y-31.631 E1247.66405 F3000
G1 X19.720 Y-32.267 E1247.78772 F3000
G1 X19.879 Y-32.392 E1247.82139 F3000
G1 X20.342 Y-32.768 E1247.92061 F3000
G1 X20.867 Y-32.991 E1248.01535 F3000
G1 X21.284 Y-33.147 E1248.08957 F3000
G1 X21.944 Y-33.283 E1248.20150 F3000
G1 X22.652 Y-33.408 E1248.32112 F3000
G1 X23.787 Y-33.494 E1248.51034 F3000
G1 X24.551 Y-33.560 E1248.63785 F3000
G1 X25.786 Y-33.584 E1248.84337 F3000
G1 X26.741 Y-33.606 E1249.00221 F3000
G1 X27.585 Y-33.579 E1249.14267 F3000
G1 X28.944 Y-33.540 E1249.36873 F3000
G1 X29.395 Y-33.496 E1249.44412 F3000
G1 X30.929 Y-33.367 E1249.70011 F3000
G1 X32.065 Y-33.166 E1249.89190 F3000
G1 X32.416 Y-33.101 E1249.95137 F3000
G1 X32.487 Y-33.090 E1249.96319 F3000
G1 X33.420 Y-32.741 E1250.12889 F3000
G1 X33.667 Y-32.660 E1250.17207 F3000
G1 X33.911 Y-32.493 E1250.22130 F3000
G1 X34.542 Y-32.027 E1250.35182 F3000
G1 X34.818 Y-31.634 E1250.43160 F3000
G1 X35.152 Y-31.124 E1250.53296 F3000
G1 X35.315 Y-30.558 E1250.63098 F3000
G1 X35.529 Y-29.886 E1250.74824 F3000
G1 X35.599 Y-29.292 E1250.84777 F3000
G1 X35.717 Y-28.421 E1250.99395 F3000
G1 X35.749 Y-27.438 E1251.15749 F3000
G1 X35.762 Y-26.838 E1251.25716 F3000
G1 X35.733 Y-25.840 E1251.42334 F3000
G1 X35.711 Y-25.252 E1251.52119 F3000
G1 X35.672 Y-24.707 E1251.61206 F3000
G1 X35.612 Y-23.772 E1251.76773 F3000
G1 X35.548 Y-23.165 E1251.86929 F3000
G1 X35.440 Y-22.084 E1252.04991 F3000
; LAYER:30
; Z:30.500
G0 Z30.500 F600
G0 X35.421 Y-19.855 F9000
G1 X35.512 Y-20.589 E1252.17302 F3000
G1 X35.697 Y-22.068 E1252.42081 F3000
G1 X35.815 Y-23.183 E1252.60728 F3000
G1 X35.875 Y-23.756 E1252.70320 F3000
G1 X35.946 Y-24.734 E1252.86628 F3000
G1 X35.982 Y-25.238 E1252.95019 F3000
G1 X36.002 Y-25.776 E1253.03975 F3000
G1 X36.045 Y-26.829 E1253.21495 F3000
G1 X36.033 Y-27.362 E1253.30363 F3000
G1 X36.016 Y-28.418 E1253.47933 F3000
G1 X35.901 Y-29.441 E1253.65045 F3000
G1 X35.846 Y-29.896 E1253.72669 F3000
G1 X35.582 Y-30.835 E1253.88887 F3000
G1 X35.488 Y-31.152 E1253.94390 F3000
G1 X35.355 Y-31.348 E1253.98326 F3000
G1 X34.897 Y-32.078 E1254.12660 F3000
G1 X34.789 Y-32.155 E1254.14865 F3000
G1 X34.070 Y-32.720 E1254.30069 F3000
G1 X34.044 Y-32.740 E1254.30620 F3000
G1 X34.037 Y-32.744 E1254.30750 F3000
G1 X32.875 Y-33.205 E1254.51535 F3000
G1 X32.622 Y-33.267 E1254.55879 F3000
G1 X31.325 Y-33.526 E1254.77871 F3000
G1 X30.130 Y-33.632 E1254.97817 F3000
G1 X29.214 Y-33.727 E1255.13136 F3000
G1 X28.868 Y-33.737 E1255.18897 F3000
G1 X27.816 Y-33.768 E1255.36400 F3000
G1 X27.004 Y-33.789 E1255.49909 F3000
G1 X25.868 Y-33.764 E1255.68802 F3000
G1 X25.000 Y-33.742 E1255.83247 F3000
G1 X24.800 Y-33.738 E1255.86571 F3000
G1 X23.693 Y-33.633 E1256.05061 F3000
G1 X22.709 Y-33.550 E1256.21484 F3000
G1 X21.959 Y-33.397 E1256.34205 F3000
G1 X21.323 Y-33.230 E1256.45142 F3000
G1 X20.841 Y-33.025 E1256.53859 F3000
G1 X20.402 Y-32.816 E1256.61948 F3000
G1 X20.038 Y-32.503 E1256.69928 F3000
G1 X19.785 Y-32.295 E1256.75379 F3000
G1 X19.491 Y-31.808 E1256.84839 F3000
G1 X19.397 Y-31.651 E1256.87877 F3000
G1 X19.357 Y-31.513 E1256.90271 F3000
G1 X19.168 Y-30.872 E1257.01390 F3000
G1 X19.163 Y-30.828 E1257.02126 F3000
G1 X19.123 Y-30.506 E1257.07518 F3000
G1 X19.057 Y-29.961 E1257.16638 F3000
G1 X19.025 Y-29.068 E1257.31498 F3000
G1 X19.020 Y-28.925 E1257.33880 F3000
G1 X19.014 Y-28.003 E1257.49220 F3000
G1 X19.012 Y-27.767 E1257.53138 F3000
G1 X19.007 Y-27.483 E1257.57862 F3000
G1 X18.991 Y-26.490 E1257.74384 F3000
G1 X18.979 Y-26.046 E1257.81774 F3000
G1 X18.950 Y-24.802 E1258.02458 F3000
G1 X18.906 Y-23.119 E1258.30457 F3000
G1 X18.885 Y-22.414 E1258.42196 F3000
G1 X18.822 Y-20.091 E1258.80843 F3000
G1 X18.789 Y-19.034 E1258.98429 F3000
G1 X18.741 Y-17.487 E1259.24158 F3000
G1 X18.655 Y-14.371 E1259.75992 F3000
G1 X18.597 Y-12.479 E1260.07482 F3000
G1 X18.505 Y-9.122 E1260.63328 F3000
G1 X18.420 Y-5.998 E1261.15303 F3000
G1 X18.358 Y-3.979 E1261.48882 F3000
G1 X18.292 Y-1.465 E1261.90719 F3000
G1 X18.238 Y0.361 E1262.21090 F3000
G1 X18.203 Y1.621 E1262.42051 F3000
G1 X18.165 Y3.204 E1262.68386 F3000
G1 X18.135 Y3.973 E1262.81186 F3000
G1 X18.101 Y4.887 E1262.96391 F3000
G1 X18.050 Y5.347 E1263.04099 F3000
G1 X18.005 Y5.746 E1263.10771 F3000
G1 X17.915 Y5.946 E1263.14414 F3000
G1 X17.838 Y6.119 E1263.17569 F3000
G1 X17.709 Y6.223 E1263.20315 F3000
G1 X17.559 Y6.343 E1263.23512 F3000
G1 X17.331 Y6.394 E1263.27398 F3000
G1 X17.058 Y6.455 E1263.32046 F3000
G1 X16.593 Y6.476 E1263.39792 F3000
G1 X16.225 Y6.492 E1263.45927 F3000
G1 X15.501 Y6.492 E1263.57962 F3000
G1 X14.947 Y6.492 E1263.67175 F3000
G1 X14.158 Y6.492 E1263.80296 F3000
G1 X13.115 Y6.492 E1263.97647 F3000
G1 X12.189 Y6.492 E1264.13034 F3000
G1 X10.944 Y6.492 E1264.33742 F3000
G1 X9.623 Y6.492 E1264.55706 F3000
G1 X8.652 Y6.492 E1264.71860 F3000
G1 X7.385 Y6.492 E1264.92923 F3000
G1 X6.455 Y6.492 E1265.08402 F3000
G1 X5.656 Y6.492 E1265.21688 F3000
G1 X4.569 Y6.492 E1265.39767 F3000
G1 X3.869 Y6.492 E1265.51408 F3000
G1 X2.916 Y6.492 E1265.67249 F3000
G1 X2.053 Y6.492 E1265.81598 F3000
G1 X1.419 Y6.492 E1265.92144 F3000
G1 X0.601 Y6.492 E1266.05747 F3000
G1 X0.000 Y6.492 E1266.15744 F3000
G1 X-0.601 Y6.492 E1266.25741 F3000
G1 X-1.419 Y6.492 E1266.39344 F3000
G1 X-2.053 Y6.492 E1266.49889 F3000
G1 X-2.916 Y6.492 E1266.64238 F3000
G1 X-3.869 Y6.492 E1266.80079 F3000
G1 X-4.569 Y6.492 E1266.91721 F3000
G1 X-5.656 Y6.492 E1267.09800 F3000
G1 X-6.455 Y6.492 E1267.23086 F3000
G1 X-7.385 Y6.492 E1267.38565 F3000
G1 X-8.652 Y6.492 E1267.59627 F3000
G1 X-9.623 Y6.492 E1267.75781 F3000
G1 X-10.944 Y6.492 E1267.97746 F3000
G1 X-12.189 Y6.492 E1268.18453 F3000
G1 X-13.115 Y6.492 E1268.33841 F3000
G1 X-14.158 Y6.492 E1268.51191 F3000
G1 X-14.947 Y6.492 E1268.64312 F3000
G1 X-15.501 Y6.492 E1268.73525 F3000
G1 X-16.225 Y6.492 E1268.85560 F3000
G1 X-16.593 Y6.476 E1268.91695 F3000
G1 X-17.058 Y6.455 E1268.99441 F3000
G1 X-17.331 Y6.394 E1269.04089 F3000
G1 X-17.559 Y6.343 E1269.07975 F3000
G1 X-17.709 Y6.223 E1269.11173 F3000
G1 X-17.838 Y6.119 E1269.13919 F3000
G1 X-17.915 Y5.946 E1269.17073 F3000
G1 X-18.005 Y5.746 E1269.20717 F3000
G1 X-18.050 Y5.347 E1269.27389 F3000
G1 X-18.101 Y4.887 E1269.35097 F3000
G1 X-18.135 Y3.973 E1269.50302 F3000
G1 X-18.165 Y3.204 E1269.63101 F3000
G1 X-18.203 Y1.621 E1269.89436 F3000
G1 X-18.238 Y0.361 E1270.10398 F3000
G1 X-18.292 Y-1.465 E1270.40769 F3000
G1 X-18.358 Y-3.979 E1270.82605 F3000
G1 X-18.420 Y-5.998 E1271.16185 F3000
G1 X-18.505 Y-9.122 E1271.68159 F3000
G1 X-18.597 Y-12.479 E1272.24006 F3000
G1 X-18.655 Y-14.371 E1272.55496 F3000
G1 X-18.741 Y-17.487 E1273.07329 F3000
G1 X-18.789 Y-19.034 E1273.33058 F3000
G1 X-18.822 Y-20.091 E1273.50645 F3000
G1 X-18.885 Y-22.414 E1273.89291 F3000
G1 X-18.906 Y-23.119 E1274.01030 F3000
G1 X-18.950 Y-24.802 E1274.29029 F3000
G1 X-18.979 Y-26.046 E1274.49713 F3000
G1 X-18.991 Y-26.490 E1274.57104 F3000
G1 X-19.007 Y-27.483 E1274.73625 F3000
G1 X-19.012 Y-27.767 E1274.78349 F3000
G1 X-19.014 Y-28.003 E1274.82267 F3000
G1 X-19.020 Y-28.925 E1274.97608 F3000
G1 X-19.025 Y-29.068 E1274.99990 F3000
G1 X-19.057 Y-29.961 E1275.14850 F3000
G1 X-19.123 Y-30.506 E1275.23970 F3000
G1 X-19.163 Y-30.828 E1275.29362 F3000
G1 X-19.357 Y-31.513 E1275.41207 F3000
G1 X-19.397 Y-31.651 E1275.43601 F3000
G1 X-19.491 Y-31.808 E1275.46639 F3000
G1 X-19.785 Y-32.295 E1275.56098 F3000
G1 X-20.038 Y-32.503 E1275.61550 F3000
G1 X-20.402 Y-32.816 E1275.69530 F3000
G1 X-20.841 Y-33.025 E1275.77618 F3000
G1 X-21.323 Y-33.230 E1275.86336 F3000
G1 X-21.959 Y-33.397 E1275.97273 F3000
G1 X-22.709 Y-33.550 E1276.09993 F3000
G1 X-23.693 Y-33.633 E1276.26416 F3000
G1 X-24.800 Y-33.738 E1276.44906 F3000
G1 X-25.000 Y-33.742 E1276.48230 F3000
G1 X-25.868 Y-33.764 E1276.62675 F3000
G1 X-27.004 Y-33.789 E1276.81569 F3000
G1 X-27.816 Y-33.768 E1276.95078 F3000
G1 X-28.868 Y-33.737 E1277.12580 F3000
G1 X-29.214 Y-33.727 E1277.18341 F3000
G1 X-30.130 Y-33.632 E1277.33661 F3000
G1 X-31.325 Y-33.526 E1277.53606 F3000
G1 X-32.622 Y-33.267 E1277.75599 F3000
G1 X-32.875 Y-33.205 E1277.79942 F3000
G1 X-34.037 Y-32.744 E1278.00727 F3000
G1 X-34.044 Y-32.740 E1278.00857 F3000
G1 X-34.070 Y-32.720 E1278.01409 F3000
G1 X-34.789 Y-32.155 E1278.16613 F3000
G1 X-34.897 Y-32.078 E1278.18817 F3000
G1 X-35.355 Y-31.348 E1278.33151 F3000
G1 X-35.488 Y-31.152 E1278.37087 F3000
G1 X-35.582 Y-30.835 E1278.42590 F3000
G1 X-35.846 Y-29.896 E1278.58808 F3000
G1 X-35.901 Y-29.441 E1278.66433 F3000
G1 X-36.016 Y-28.418 E1278.83544 F3000
G1 X-36.033 Y-27.362 E1279.01115 F3000
G1 X-36.045 Y-26.829 E1279.09982 F3000
G1 X-36.002 Y-25.776 E1279.27502 F3000
G1 X-35.982 Y-25.238 E1279.36458 F3000
G1 X-35.946 Y-24.734 E1279.44849 F3000
G1 X-35.875 Y-23.756 E1279.61157 F3000
G1 X-35.815 Y-23.183 E1279.70749 F3000
G1 X-35.697 Y-22.068 E1279.89397 F3000
G1 X-35.512 Y-20.589 E1280.14176 F3000
G1 X-35.421 Y-19.855 E1280.26486 F3000
G1 X-35.151 Y-17.800 E1280.60940 F3000
G1 X-35.021 Y-16.800 E1280.77718 F3000
G1 X-34.835 Y-15.381 E1281.01522 F3000
G1 X-34.468 Y-12.587 E1281.48376 F3000
G1 X-34.263 Y-11.006 E1281.74886 F3000
G1 X-33.850 Y-7.841 E1282.27981 F3000
G1 X-33.437 Y-4.624 E1282.81909 F3000
G1 X-33.254 Y-3.184 E1283.06056 F3000
G1 X-32.914 Y-0.445 E1283.51957 F3000
G1 X-32.766 Y0.759 E1283.72122 F3000
G1 X-32.675 Y1.575 E1283.85781 F3000
G1 X-32.473 Y3.363 E1284.15705 F3000
G1 X-32.429 Y3.864 E1284.24066 F3000
G1 X-32.329 Y4.986 E1284.42796 F3000
G1 X-32.301 Y5.680 E1284.54349 F3000
G1 X-32.288 Y5.984 E1284.59403 F3000
G1 X-32.298 Y6.491 E1284.67839 F3000
G1 X-32.303 Y6.713 E1284.71537 F3000
G1 X-32.311 Y6.962 E1284.75677 F3000
G1 X-32.328 Y7.531 E1284.85144 F3000
G1 X-32.338 Y7.788 E1284.89415 F3000
G1 X-32.359 Y8.376 E1284.99202 F3000
G1 X-32.381 Y8.940 E1285.08596 F3000
G1 X-32.392 Y9.186 E1285.12687 F3000
G1 X-32.412 Y9.684 E1285.20980 F3000
G1 X-32.421 Y9.900 E1285.24575 F3000
G1 X-32.429 Y10.068 E1285.27361 F3000
G1 X-32.444 Y10.457 E1285.33841 F3000
G1 X-32.450 Y10.600 E1285.36222 F3000
G1 X-32.463 Y10.934 E1285.41785 F3000
G1 X-32.476 Y11.267 E1285.47331 F3000
G1 X-32.482 Y11.410 E1285.49707 F3000
G1 X-32.498 Y11.797 E1285.56138 F3000
G1 X-32.505 Y11.963 E1285.58906 F3000
G1 X-32.515 Y12.176 E1285.62459 F3000
G1 X-32.535 Y12.670 E1285.70682 F3000
G1 X-32.541 Y12.935 E1285.75089 F3000
G1 X-32.552 Y13.545 E1285.85229 F3000
G1 X-32.539 Y14.268 E1285.97253 F3000
G1 X-32.535 Y14.599 E1286.02762 F3000
G1 X-32.484 Y15.430 E1286.16608 F3000
G1 X-32.463 Y15.845 E1286.23516 F3000
G1 X-32.415 Y16.355 E1286.32038 F3000
G1 X-32.317 Y17.295 E1286.47747 F3000
G1 X-32.250 Y17.901 E1286.57890 F3000
G1 X-32.135 Y18.841 E1286.73637 F3000
G1 X-32.028 Y19.710 E1286.88205 F3000
G1 X-31.954 Y20.377 E1286.99355 F3000
G1 X-31.870 Y21.161 E1287.12467 F3000
G1 X-31.809 Y21.796 E1287.23083 F3000
G1 X-31.781 Y22.314 E1287.31713 F3000
G1 X-31.737 Y22.993 E1287.43034 F3000
G1 X-31.723 Y23.375 E1287.49383 F3000
G1 X-31.698 Y23.971 E1287.59297 F3000
G1 X-31.670 Y24.494 E1287.68006 F3000
G1 X-31.658 Y24.729 E1287.71924 F3000
G1 X-31.600 Y25.136 E1287.78769 F3000
G1 X-31.580 Y25.269 E1287.81006 F3000
G1 X-31.546 Y25.342 E1287.82347 F3000
G1 X-31.429 Y25.594 E1287.86959 F3000
G1 X-31.361 Y25.625 E1287.88198 F3000
G1 X-31.086 Y25.756 E1287.93272 F3000
G1 X-30.548 Y25.801 E1288.02247 F3000
G1 X-30.432 Y25.810 E1288.04171 F3000
G1 X-29.540 Y25.810 E1288.19010 F3000
G1 X-29.351 Y25.810 E1288.22153 F3000
G1 X-29.068 Y25.810 E1288.26870 F3000
G1 X-27.724 Y25.810 E1288.49217 F3000
G1 X-27.383 Y25.810 E1288.54880 F3000
G1 X-25.768 Y25.810 E1288.81743 F3000
G1 X-24.061 Y25.810 E1289.10132 F3000
G1 X-23.701 Y25.810 E1289.16114 F3000
G1 X-22.082 Y25.810 E1289.43038 F3000
G1 X-21.741 Y25.810 E1289.48710 F3000
G1 X-21.456 Y25.810 E1289.53442 F3000
G1 X-20.105 Y25.810 E1289.75911 F3000
G1 X-19.847 Y25.810 E1289.80214 F3000
G1 X-18.618 Y25.810 E1290.00642 F3000
G1 X-17.367 Y25.810 E1290.21444 F3000
G1 X-17.104 Y25.810 E1290.25826 F3000
G1 X-15.685 Y25.810 E1290.49416 F3000
G1 X-15.387 Y25.810 E1290.54386 F3000
G1 X-15.022 Y25.810 E1290.60451 F3000
G1 X-13.290 Y25.810 E1290.89244 F3000
G1 X-12.890 Y25.810 E1290.95906 F3000
G1 X-10.988 Y25.810 E1291.27532 F3000
G1 X-9.059 Y25.810 E1291.59622 F3000
G1 X-8.652 Y25.810 E1291.66381 F3000
G1 X-6.837 Y25.810 E1291.96565 F3000
G1 X-6.455 Y25.810 E1292.02923 F3000
G1 X-6.127 Y25.810 E1292.08380 F3000
G1 X-4.569 Y25.810 E1292.34288 F3000
G1 X-4.281 Y25.810 E1292.39070 F3000
G1 X-2.916 Y25.810 E1292.61771 F3000
G1 X-1.680 Y25.810 E1292.82334 F3000
G1 X-1.419 Y25.810 E1292.86665 F3000
G1 X-0.247 Y25.810 E1293.06159 F3000
G1 X0.000 Y25.810 E1293.10265 F3000
G1 X0.247 Y25.810 E1293.14372 F3000
G1 X1.419 Y25.810 E1293.33866 F3000
G1 X1.680 Y25.810 E1293.38197 F3000
G1 X2.916 Y25.810 E1293.58760 F3000
G1 X4.281 Y25.810 E1293.81461 F3000
G1 X4.569 Y25.810 E1293.86243 F3000
G1 X6.127 Y25.810 E1294.12150 F3000
G1 X6.455 Y25.810 E1294.17608 F3000
G1 X6.837 Y25.810 E1294.23966 F3000
G1 X8.652 Y25.810 E1294.54149 F3000
G1 X9.059 Y25.810 E1294.60909 F3000
G1 X10.988 Y25.810 E1294.92999 F3000
G1 X12.890 Y25.810 E1295.24625 F3000
G1 X13.290 Y25.810 E1295.31287 F3000
G1 X15.022 Y25.810 E1295.60080 F3000
G1 X15.387 Y25.810 E1295.66145 F3000
G1 X15.685 Y25.810 E1295.71114 F3000
G1 X17.104 Y25.810 E1295.94705 F3000
G1 X17.367 Y25.810 E1295.99086 F3000
G1 X18.618 Y25.810 E1296.19888 F3000
G1 X19.847 Y25.810 E1296.40316 F3000
G1 X20.105 Y25.810 E1296.44620 F3000
G1 X21.456 Y25.810 E1296.67088 F3000
G1 X21.741 Y25.810 E1296.71821 F3000
G1 X22.082 Y25.810 E1296.77493 F3000
G1 X23.701 Y25.810 E1297.04417 F3000
G1 X24.061 Y25.810 E1297.10399 F3000
G1 X25.768 Y25.810 E1297.38788 F3000
G1 X27.383 Y25.810 E1297.65650 F3000
G1 X27.724 Y25.810 E1297.71314 F3000
G1 X29.068 Y25.810 E1297.93660 F3000
G1 X29.351 Y25.810 E1297.98378 F3000
G1 X29.540 Y25.810 E1298.01521 F3000
G1 X30.432 Y25.810 E1298.16360 F3000
G1 X30.548 Y25.801 E1298.18283 F3000
G1 X31.086 Y25.756 E1298.27259 F3000
G1 X31.361 Y25.625 E1298.32333 F3000
G1 X31.429 Y25.594 E1298.33572 F3000
G1 X31.546 Y25.342 E1298.38184 F3000
G1 X31.580 Y25.269 E1298.39525 F3000
G1 X31.600 Y25.136 E1298.41762 F3000
G1 X31.658 Y24.729 E1298.48607 F3000
G1 X31.670 Y24.494 E1298.52524 F3000
G1 X31.698 Y23.971 E1298.61234 F3000
G1 X31.723 Y23.375 E1298.71148 F3000
G1 X31.737 Y22.993 E1298.77497 F3000
G1 X31.781 Y22.314 E1298.88818 F3000
G1 X31.809 Y21.796 E1298.97448 F3000
G1 X31.870 Y21.161 E1299.08063 F3000
G1 X31.954 Y20.377 E1299.21176 F3000
G1 X32.028 Y19.710 E1299.32326 F3000
G1 X32.135 Y18.841 E1299.46893 F3000
G1 X32.250 Y17.901 E1299.62640 F3000
G1 X32.317 Y17.295 E1299.72784 F3000
G1 X32.415 Y16.355 E1299.88493 F3000
G1 X32.463 Y15.845 E1299.97015 F3000
G1 X32.484 Y15.430 E1300.03923 F3000
G1 X32.535 Y14.599 E1300.17769 F3000
G1 X32.539 Y14.268 E1300.23278 F3000
G1 X32.552 Y13.545 E1300.35302 F3000
G1 X32.541 Y12.935 E1300.45442 F3000
G1 X32.535 Y12.670 E1300.49849 F3000
G1 X32.515 Y12.176 E1300.58072 F3000
G1 X32.505 Y11.963 E1300.61625 F3000
G1 X32.498 Y11.797 E1300.64393 F3000
G1 X32.482 Y11.410 E1300.70824 F3000
G1 X32.476 Y11.267 E1300.73200 F3000
G1 X32.463 Y10.934 E1300.78746 F3000
G1 X32.450 Y10.600 E1300.84309 F3000
G1 X32.444 Y10.457 E1300.86690 F3000
G1 X32.429 Y10.068 E1300.93170 F3000
G1 X32.421 Y9.900 E1300.95956 F3000
G1 X32.412 Y9.684 E1300.99551 F3000
G1 X32.392 Y9.186 E1301.07843 F3000
G1 X32.381 Y8.940 E1301.11935 F3000
G1 X32.359 Y8.376 E1301.21328 F3000
G1 X32.338 Y7.788 E1301.31116 F3000
G1 X32.328 Y7.531 E1301.35386 F3000
G1 X32.311 Y6.962 E1301.44854 F3000
G1 X32.303 Y6.713 E1301.48994 F3000
G1 X32.298 Y6.491 E1301.52692 F3000
G1 X32.288 Y5.984 E1301.61128 F3000
G1 X32.301 Y5.680 E1301.66181 F3000
G1 X32.329 Y4.986 E1301.77734 F3000
G1 X32.429 Y3.864 E1301.96465 F3000
G1 X32.473 Y3.363 E1302.04826 F3000
G1 X32.675 Y1.575 E1302.34750 F3000
G1 X32.766 Y0.759 E1302.48409 F3000
G1 X32.914 Y-0.445 E1302.68574 F3000
G1 X33.254 Y-3.184 E1303.14475 F3000
G1 X33.437 Y-4.624 E1303.38622 F3000
G1 X33.850 Y-7.841 E1303.92550 F3000
G1 X34.263 Y-11.006 E1304.45645 F3000
G1 X34.468 Y-12.587 E1304.72155 F3000
G1 X34.835 Y-15.381 E1305.19009 F3000
G1 X35.021 Y-16.800 E1305.42813 F3000
G1 X35.151 Y-17.800 E1305.59591 F3000
G1 X35.421 Y-19.855 E1305.94044 F3000
; LAYER:31
; Z:31.500
G0 Z31.500 F600
G0 X35.583 Y-19.853 F9000
G1 X35.673 Y-20.577 E1306.06182 F3000
G1 X35.859 Y-22.066 E1306.31134 F3000
G1 X35.976 Y-23.168 E1306.49564 F3000
G1 X36.038 Y-23.754 E1306.59377 F3000
G1 X36.108 Y-24.713 E1306.75354 F3000
G1 X36.147 Y-25.236 E1306.84082 F3000
G1 X36.170 Y-25.800 E1306.93471 F3000
G1 X36.212 Y-26.827 E1307.10569 F3000
G1 X36.202 Y-27.392 E1307.19955 F3000
G1 X36.186 Y-28.419 E1307.37041 F3000
G1 X36.081 Y-29.393 E1307.53334 F3000
G1 X36.023 Y-29.901 E1307.61840 F3000
G1 X35.788 Y-30.768 E1307.76777 F3000
G1 X35.676 Y-31.165 E1307.83638 F3000
G1 X35.509 Y-31.425 E1307.88777 F3000
G1 X35.099 Y-32.102 E1308.01934 F3000
G1 X34.905 Y-32.249 E1308.05983 F3000
G1 X34.268 Y-32.778 E1308.19754 F3000
G1 X33.215 Y-33.244 E1308.38902 F3000
G1 X33.168 Y-33.263 E1308.39749 F3000
G1 X32.881 Y-33.334 E1308.44665 F3000
G1 X31.761 Y-33.601 E1308.63800 F3000
G1 X31.667 Y-33.629 E1308.65445 F3000
G1 X31.584 Y-33.645 E1308.66843 F3000
G1 X31.377 Y-33.673 E1308.70324 F3000
G1 X29.309 Y-33.847 E1309.04830 F3000
G1 X28.976 Y-33.865 E1309.10376 F3000
G1 X28.550 Y-33.872 E1309.17464 F3000
G1 X27.166 Y-33.898 E1309.40480 F3000
G1 X25.869 Y-33.876 E1309.62055 F3000
G1 X25.374 Y-33.868 E1309.70293 F3000
G1 X24.952 Y-33.846 E1309.77314 F3000
G1 X23.117 Y-33.700 E1310.07924 F3000
G1 X22.789 Y-33.656 E1310.13424 F3000
G1 X22.653 Y-33.629 E1310.15729 F3000
G1 X22.487 Y-33.573 E1310.18656 F3000
G1 X21.336 Y-33.272 E1310.38431 F3000
G1 X21.190 Y-33.193 E1310.41193 F3000
G1 X20.458 Y-32.842 E1310.54696 F3000
G1 X20.018 Y-32.462 E1310.64369 F3000
G1 X19.856 Y-32.311 E1310.68048 F3000
G1 X19.616 Y-31.910 E1310.75812 F3000
G1 X19.468 Y-31.663 E1310.80611 F3000
G1 X19.358 Y-31.290 E1310.87072 F3000
G1 X19.239 Y-30.883 E1310.94123 F3000
G1 X19.173 Y-30.351 E1311.03041 F3000
G1 X19.128 Y-29.976 E1311.09326 F3000
G1 X19.115 Y-29.624 E1311.15179 F3000
G1 X19.088 Y-28.944 E1311.26499 F3000
G1 X19.086 Y-28.626 E1311.31788 F3000
G1 X19.078 Y-27.789 E1311.45701 F3000
G1 X19.059 Y-26.781 E1311.62476 F3000
G1 X19.055 Y-26.513 E1311.66922 F3000
G1 X19.018 Y-25.129 E1311.89958 F3000
G1 X19.011 Y-24.826 E1311.94998 F3000
G1 X19.000 Y-24.416 E1312.01821 F3000
G1 X18.941 Y-22.436 E1312.34762 F3000
G1 X18.927 Y-21.924 E1312.43277 F3000
G1 X18.838 Y-19.053 E1312.91042 F3000
G1 X18.708 Y-14.853 E1313.60921 F3000
G1 X18.695 Y-14.387 E1313.68671 F3000
G1 X18.542 Y-9.456 E1314.50716 F3000
G1 X18.534 Y-9.133 E1314.56084 F3000
G1 X18.526 Y-8.833 E1314.61080 F3000
G1 X18.377 Y-3.987 E1315.41713 F3000
G1 X18.374 Y-3.893 E1315.43275 F3000
G1 X18.287 Y-0.988 E1315.91604 F3000
G1 X18.249 Y0.319 E1316.13351 F3000
G1 X18.247 Y0.357 E1316.13984 F3000
G1 X18.247 Y0.384 E1316.14426 F3000
G1 X18.170 Y3.203 E1316.61319 F3000
G1 X18.168 Y3.250 E1316.62104 F3000
G1 X18.103 Y4.886 E1316.89344 F3000
G1 X18.011 Y5.711 E1317.03144 F3000
G1 X18.006 Y5.746 E1317.03735 F3000
G1 X17.846 Y6.105 E1317.10265 F3000
G1 X17.827 Y6.128 E1317.10764 F3000
G1 X17.560 Y6.343 E1317.16473 F3000
G1 X17.058 Y6.455 E1317.25014 F3000
G1 X16.248 Y6.491 E1317.38499 F3000
G1 X16.224 Y6.492 E1317.38895 F3000
G1 X14.978 Y6.492 E1317.59617 F3000
G1 X14.947 Y6.492 E1317.60142 F3000
G1 X14.902 Y6.492 E1317.60890 F3000
G1 X13.115 Y6.492 E1317.90612 F3000
G1 X13.066 Y6.492 E1317.91417 F3000
G1 X10.944 Y6.492 E1318.26707 F3000
G1 X8.700 Y6.492 E1318.64033 F3000
G1 X8.652 Y6.492 E1318.64825 F3000
G1 X6.500 Y6.492 E1319.00608 F3000
G1 X6.455 Y6.492 E1319.01367 F3000
G1 X6.416 Y6.492 E1319.02018 F3000
G1 X4.569 Y6.492 E1319.32732 F3000
G1 X2.916 Y6.492 E1319.60214 F3000
G1 X1.450 Y6.492 E1319.84592 F3000
G1 X1.419 Y6.492 E1319.85109 F3000
G1 X0.029 Y6.492 E1320.08219 F3000
G1 X0.000 Y6.492 E1320.08709 F3000
G1 X-0.029 Y6.492 E1320.09199 F3000
G1 X-1.419 Y6.492 E1320.32309 F3000
G1 X-1.450 Y6.492 E1320.32826 F3000
G1 X-2.916 Y6.492 E1320.57203 F3000
G1 X-4.534 Y6.492 E1320.84115 F3000
G1 X-6.416 Y6.492 E1321.15399 F3000
G1 X-6.455 Y6.492 E1321.16051 F3000
G1 X-6.500 Y6.492 E1321.16810 F3000
G1 X-8.652 Y6.492 E1321.52593 F3000
G1 X-8.700 Y6.492 E1321.53385 F3000
G1 X-10.944 Y6.492 E1321.90711 F3000
G1 X-13.066 Y6.492 E1322.26001 F3000
G1 X-13.115 Y6.492 E1322.26805 F3000
G1 X-14.902 Y6.492 E1322.56527 F3000
G1 X-14.947 Y6.492 E1322.57276 F3000
G1 X-14.978 Y6.492 E1322.57800 F3000
G1 X-16.224 Y6.492 E1322.78522 F3000
G1 X-16.248 Y6.491 E1322.78919 F3000
G1 X-17.058 Y6.455 E1322.92404 F3000
G1 X-17.541 Y6.347 E1323.00623 F3000
G1 X-17.827 Y6.128 E1323.06620 F3000
G1 X-17.839 Y6.119 E1323.06861 F3000
G1 X-18.006 Y5.746 E1323.13665 F3000
G1 X-18.011 Y5.711 E1323.14255 F3000
G1 X-18.103 Y4.886 E1323.28056 F3000
G1 X-18.168 Y3.250 E1323.55295 F3000
G1 X-18.170 Y3.203 E1323.56080 F3000
G1 X-18.247 Y0.384 E1324.02973 F3000
G1 X-18.247 Y0.357 E1324.03415 F3000
G1 X-18.249 Y0.319 E1324.04048 F3000
G1 X-18.287 Y-0.988 E1324.25795 F3000
G1 X-18.374 Y-3.893 E1324.74124 F3000
G1 X-18.377 Y-3.987 E1324.75686 F3000
G1 X-18.526 Y-8.833 E1325.56319 F3000
G1 X-18.534 Y-9.133 E1325.61315 F3000
G1 X-18.542 Y-9.456 E1325.66683 F3000
G1 X-18.695 Y-14.387 E1326.48728 F3000
G1 X-18.708 Y-14.853 E1326.56478 F3000
G1 X-18.838 Y-19.053 E1327.26357 F3000
G1 X-18.927 Y-21.924 E1327.74123 F3000
G1 X-18.941 Y-22.436 E1327.82637 F3000
G1 X-19.000 Y-24.416 E1328.15579 F3000
G1 X-19.011 Y-24.826 E1328.22401 F3000
G1 X-19.018 Y-25.129 E1328.27441 F3000
G1 X-19.055 Y-26.513 E1328.50477 F3000
G1 X-19.059 Y-26.781 E1328.54923 F3000
G1 X-19.078 Y-27.789 E1328.71698 F3000
G1 X-19.086 Y-28.626 E1328.85611 F3000
G1 X-19.088 Y-28.944 E1328.90900 F3000
G1 X-19.115 Y-29.624 E1329.02220 F3000
G1 X-19.128 Y-29.976 E1329.08073 F3000
G1 X-19.173 Y-30.351 E1329.14359 F3000
G1 X-19.239 Y-30.883 E1329.23276 F3000
G1 X-19.358 Y-31.290 E1329.30327 F3000
G1 X-19.468 Y-31.663 E1329.36788 F3000
G1 X-19.616 Y-31.910 E1329.41587 F3000
G1 X-19.856 Y-32.311 E1329.49351 F3000
G1 X-20.018 Y-32.462 E1329.53031 F3000
G1 X-20.458 Y-32.842 E1329.62703 F3000
G1 X-21.190 Y-33.193 E1329.76206 F3000
G1 X-21.336 Y-33.272 E1329.78968 F3000
G1 X-22.487 Y-33.573 E1329.98744 F3000
G1 X-22.653 Y-33.629 E1330.01671 F3000
G1 X-22.789 Y-33.656 E1330.03975 F3000
G1 X-23.117 Y-33.700 E1330.09475 F3000
G1 X-24.952 Y-33.846 E1330.40086 F3000
G1 X-25.374 Y-33.868 E1330.47106 F3000
G1 X-25.869 Y-33.876 E1330.55344 F3000
G1 X-27.166 Y-33.898 E1330.76920 F3000
G1 X-28.550 Y-33.872 E1330.99935 F3000
G1 X-28.976 Y-33.865 E1331.07024 F3000
G1 X-29.309 Y-33.847 E1331.12569 F3000
G1 X-31.377 Y-33.673 E1331.47076 F3000
G1 X-31.584 Y-33.645 E1331.50556 F3000
G1 X-31.667 Y-33.629 E1331.51954 F3000
G1 X-31.761 Y-33.601 E1331.53600 F3000
G1 X-32.881 Y-33.334 E1331.72734 F3000
G1 X-33.168 Y-33.263 E1331.77650 F3000
G1 X-33.215 Y-33.244 E1331.78497 F3000
G1 X-34.268 Y-32.778 E1331.97646 F3000
G1 X-34.905 Y-32.249 E1332.11416 F3000
G1 X-35.099 Y-32.102 E1332.15465 F3000
G1 X-35.509 Y-31.425 E1332.28623 F3000
G1 X-35.676 Y-31.165 E1332.33762 F3000
G1 X-35.788 Y-30.768 E1332.40622 F3000
G1 X-36.023 Y-29.901 E1332.55559 F3000
G1 X-36.081 Y-29.393 E1332.64065 F3000
G1 X-36.186 Y-28.419 E1332.80359 F3000
G1 X-36.202 Y-27.392 E1332.97444 F3000
G1 X-36.212 Y-26.827 E1333.06830 F3000
G1 X-36.170 Y-25.800 E1333.23928 F3000
G1 X-36.147 Y-25.236 E1333.33317 F3000
G1 X-36.108 Y-24.713 E1333.42045 F3000
G1 X-36.038 Y-23.754 E1333.58022 F3000
G1 X-35.976 Y-23.168 E1333.67836 F3000
G1 X-35.859 Y-22.066 E1333.86265 F3000
G1 X-35.673 Y-20.577 E1334.11217 F3000
G1 X-35.583 Y-19.853 E1334.23355 F3000
G1 X-35.304 Y-17.735 E1334.58876 F3000
G1 X-35.180 Y-16.798 E1334.74585 F3000
G1 X-35.014 Y-15.531 E1334.95839 F3000
G1 X-34.626 Y-12.586 E1335.45241 F3000
G1 X-34.459 Y-11.305 E1335.66726 F3000
G1 X-34.006 Y-7.840 E1336.24845 F3000
G1 X-33.529 Y-4.123 E1336.87156 F3000
G1 X-33.408 Y-3.183 E1337.02918 F3000
G1 X-33.001 Y0.095 E1337.57849 F3000
G1 X-32.918 Y0.759 E1337.68982 F3000
G1 X-32.870 Y1.190 E1337.76197 F3000
G1 X-32.625 Y3.363 E1338.12564 F3000
G1 X-32.604 Y3.600 E1338.16513 F3000
G1 X-32.480 Y4.986 E1338.39655 F3000
G1 X-32.443 Y5.852 E1338.54063 F3000
G1 X-32.438 Y5.984 E1338.56262 F3000
G1 X-32.449 Y6.617 E1338.66790 F3000
G1 X-32.451 Y6.713 E1338.68395 F3000
G1 X-32.454 Y6.821 E1338.70195 F3000
G1 X-32.472 Y7.531 E1338.82001 F3000
G1 X-32.476 Y7.643 E1338.83861 F3000
G1 X-32.499 Y8.377 E1338.96074 F3000
G1 X-32.522 Y9.083 E1339.07826 F3000
G1 X-32.526 Y9.190 E1339.09609 F3000
G1 X-32.547 Y9.816 E1339.20029 F3000
G1 X-32.551 Y9.911 E1339.21599 F3000
G1 X-32.554 Y9.984 E1339.22825 F3000
G1 X-32.569 Y10.478 E1339.31039 F3000
G1 X-32.572 Y10.541 E1339.32087 F3000
G1 X-32.584 Y10.967 E1339.39174 F3000
G1 X-32.597 Y11.390 E1339.46214 F3000
G1 X-32.600 Y11.453 E1339.47253 F3000
G1 X-32.616 Y11.937 E1339.55317 F3000
G1 X-32.619 Y12.010 E1339.56520 F3000
G1 X-32.623 Y12.102 E1339.58058 F3000
G1 X-32.646 Y12.713 E1339.68223 F3000
G1 X-32.648 Y12.827 E1339.70131 F3000
G1 X-32.657 Y13.579 E1339.82629 F3000
G1 X-32.635 Y14.475 E1339.97536 F3000
G1 X-32.632 Y14.625 E1340.00027 F3000
G1 X-32.559 Y15.670 E1340.17443 F3000
G1 X-32.547 Y15.867 E1340.20736 F3000
G1 X-32.522 Y16.109 E1340.24776 F3000
G1 X-32.381 Y17.322 E1340.45091 F3000
G1 X-32.343 Y17.628 E1340.50210 F3000
G1 X-32.175 Y18.879 E1340.71211 F3000
G1 X-32.015 Y20.061 E1340.91039 F3000
G1 X-31.970 Y20.428 E1340.97193 F3000
G1 X-31.842 Y21.509 E1341.15296 F3000
G1 X-31.805 Y21.859 E1341.21151 F3000
G1 X-31.786 Y22.148 E1341.25958 F3000
G1 X-31.718 Y23.064 E1341.41233 F3000
G1 X-31.709 Y23.270 E1341.44671 F3000
G1 X-31.672 Y24.044 E1341.57560 F3000
G1 X-31.634 Y24.703 E1341.68526 F3000
G1 X-31.629 Y24.804 E1341.70209 F3000
G1 X-31.559 Y25.298 E1341.78504 F3000
G1 X-31.552 Y25.344 E1341.79288 F3000
G1 X-31.540 Y25.370 E1341.79767 F3000
G1 X-31.405 Y25.669 E1341.85211 F3000
G1 X-31.386 Y25.678 E1341.85561 F3000
G1 X-31.068 Y25.831 E1341.91434 F3000
G1 X-30.447 Y25.883 E1342.01804 F3000
G1 X-30.421 Y25.885 E1342.02226 F3000
G1 X-29.387 Y25.885 E1342.19421 F3000
G1 X-29.346 Y25.885 E1342.20115 F3000
G1 X-29.283 Y25.885 E1342.21160 F3000
G1 X-27.722 Y25.885 E1342.47123 F3000
G1 X-27.646 Y25.885 E1342.48379 F3000
G1 X-25.767 Y25.885 E1342.79621 F3000
G1 X-23.781 Y25.885 E1343.12655 F3000
G1 X-23.701 Y25.885 E1343.13982 F3000
G1 X-21.817 Y25.885 E1343.45319 F3000
G1 X-21.741 Y25.885 E1343.46578 F3000
G1 X-21.678 Y25.885 E1343.47629 F3000
G1 X-20.105 Y25.885 E1343.73780 F3000
G1 X-20.048 Y25.885 E1343.74735 F3000
G1 X-18.618 Y25.885 E1343.98511 F3000
G1 X-17.162 Y25.885 E1344.22722 F3000
G1 X-17.104 Y25.885 E1344.23695 F3000
G1 X-15.453 Y25.885 E1344.51151 F3000
G1 X-15.387 Y25.885 E1344.52254 F3000
G1 X-15.306 Y25.885 E1344.53601 F3000
G1 X-13.290 Y25.885 E1344.87112 F3000
G1 X-13.202 Y25.885 E1344.88592 F3000
G1 X-10.988 Y25.885 E1345.25401 F3000
G1 X-8.742 Y25.885 E1345.62749 F3000
G1 X-8.652 Y25.885 E1345.64250 F3000
G1 X-6.540 Y25.885 E1345.99380 F3000
G1 X-6.455 Y25.885 E1346.00792 F3000
G1 X-6.382 Y25.885 E1346.02004 F3000
G1 X-4.569 Y25.885 E1346.32157 F3000
G1 X-4.505 Y25.885 E1346.33219 F3000
G1 X-2.916 Y25.885 E1346.59639 F3000
G1 X-1.477 Y25.885 E1346.83572 F3000
G1 X-1.419 Y25.885 E1346.84534 F3000
G1 X-0.055 Y25.885 E1347.07222 F3000
G1 X0.000 Y25.885 E1347.08134 F3000
G1 X0.055 Y25.885 E1347.09046 F3000
G1 X1.419 Y25.885 E1347.31734 F3000
G1 X1.477 Y25.885 E1347.32696 F3000
G1 X2.916 Y25.885 E1347.56629 F3000
G1 X4.505 Y25.885 E1347.83049 F3000
G1 X4.569 Y25.885 E1347.84111 F3000
G1 X6.382 Y25.885 E1348.14264 F3000
G1 X6.455 Y25.885 E1348.15476 F3000
G1 X6.540 Y25.885 E1348.16888 F3000
G1 X8.652 Y25.885 E1348.52018 F3000
G1 X8.742 Y25.885 E1348.53519 F3000
G1 X10.988 Y25.885 E1348.90867 F3000
G1 X13.202 Y25.885 E1349.27676 F3000
G1 X13.290 Y25.885 E1349.29156 F3000
G1 X15.306 Y25.885 E1349.62667 F3000
G1 X15.387 Y25.885 E1349.64014 F3000
G1 X15.453 Y25.885 E1349.65117 F3000
G1 X17.104 Y25.885 E1349.92573 F3000
G1 X17.162 Y25.885 E1349.93546 F3000
G1 X18.618 Y25.885 E1350.17757 F3000
G1 X20.048 Y25.885 E1350.41533 F3000
G1 X20.105 Y25.885 E1350.42488 F3000
G1 X21.678 Y25.885 E1350.68639 F3000
G1 X21.741 Y25.885 E1350.69690 F3000
G1 X21.817 Y25.885 E1350.70949 F3000
G1 X23.701 Y25.885 E1351.02286 F3000
G1 X23.781 Y25.885 E1351.03613 F3000
G1 X25.767 Y25.885 E1351.36647 F3000
G1 X27.646 Y25.885 E1351.67889 F3000
G1 X27.722 Y25.885 E1351.69145 F3000
G1 X29.283 Y25.885 E1351.95108 F3000
G1 X29.346 Y25.885 E1351.96153 F3000
G1 X29.387 Y25.885 E1351.96847 F3000
G1 X30.421 Y25.885 E1352.14042 F3000
G1 X30.447 Y25.883 E1352.14464 F3000
G1 X31.068 Y25.831 E1352.24834 F3000
G1 X31.386 Y25.678 E1352.30707 F3000
G1 X31.405 Y25.669 E1352.31057 F3000
G1 X31.540 Y25.370 E1352.36501 F3000
G1 X31.559 Y25.298 E1352.37752 F3000
G1 X31.629 Y24.804 E1352.46046 F3000
G1 X31.634 Y24.703 E1352.47729 F3000
G1 X31.672 Y24.044 E1352.58695 F3000
G1 X31.709 Y23.270 E1352.71585 F3000
G1 X31.718 Y23.064 E1352.75022 F3000
G1 X31.786 Y22.148 E1352.90297 F3000
G1 X31.805 Y21.859 E1352.95104 F3000
G1 X31.842 Y21.509 E1353.00960 F3000
G1 X31.970 Y20.428 E1353.19063 F3000
G1 X32.015 Y20.061 E1353.25216 F3000
G1 X32.175 Y18.879 E1353.45044 F3000
G1 X32.343 Y17.628 E1353.66045 F3000
G1 X32.381 Y17.322 E1353.71164 F3000
G1 X32.522 Y16.109 E1353.91480 F3000
G1 X32.547 Y15.867 E1353.95519 F3000
G1 X32.559 Y15.670 E1353.98812 F3000
G1 X32.632 Y14.625 E1354.16228 F3000
G1 X32.635 Y14.475 E1354.18719 F3000
G1 X32.657 Y13.579 E1354.33626 F3000
G1 X32.648 Y12.827 E1354.46125 F3000
G1 X32.646 Y12.713 E1354.48032 F3000
G1 X32.623 Y12.102 E1354.58198 F3000
G1 X32.619 Y12.010 E1354.59735 F3000
G1 X32.616 Y11.937 E1354.60939 F3000
G1 X32.600 Y11.453 E1354.69003 F3000
G1 X32.597 Y11.390 E1354.70042 F3000
G1 X32.584 Y10.967 E1354.77081 F3000
G1 X32.572 Y10.541 E1354.84168 F3000
G1 X32.569 Y10.478 E1354.85216 F3000
G1 X32.554 Y9.984 E1354.93431 F3000
G1 X32.551 Y9.911 E1354.94656 F3000
G1 X32.547 Y9.816 E1354.96226 F3000
G1 X32.526 Y9.190 E1355.06646 F3000
G1 X32.522 Y9.083 E1355.08429 F3000
G1 X32.499 Y8.377 E1355.20181 F3000
G1 X32.476 Y7.643 E1355.32395 F3000
G1 X32.472 Y7.531 E1355.34254 F3000
G1 X32.454 Y6.821 E1355.46060 F3000
G1 X32.451 Y6.713 E1355.47860 F3000
G1 X32.449 Y6.617 E1355.49465 F3000
G1 X32.438 Y5.984 E1355.59993 F3000
G1 X32.443 Y5.852 E1355.62192 F3000
G1 X32.480 Y4.986 E1355.76600 F3000
G1 X32.604 Y3.600 E1355.99743 F3000
G1 X32.625 Y3.363 E1356.03692 F3000
G1 X32.870 Y1.190 E1356.40058 F3000
G1 X32.918 Y0.759 E1356.47273 F3000
G1 X33.001 Y0.095 E1356.58406 F3000
G1 X33.408 Y-3.183 E1357.13338 F3000
G1 X33.529 Y-4.123 E1357.29099 F3000
G1 X34.006 Y-7.840 E1357.91411 F3000
G1 X34.459 Y-11.305 E1358.49530 F3000
G1 X34.626 Y-12.586 E1358.71014 F3000
G1 X35.014 Y-15.531 E1359.20416 F3000
G1 X35.180 Y-16.798 E1359.41671 F3000
G1 X35.304 Y-17.735 E1359.57379 F3000
G1 X35.583 Y-19.853 E1359.92900 F3000
; LAYER:32
; Z:32.500
G0 Z32.500 F600
G0 X19.015 Y-22.450 F9000
G1 X19.043 Y-23.279 E1360.06690 F3000
G1 X19.089 Y-24.842 E1360.32691 F3000
G1 X19.119 Y-25.993 E1360.51840 F3000
G1 X19.135 Y-26.531 E1360.60784 F3000
G1 X19.151 Y-27.438 E1360.75878 F3000
G1 X19.159 Y-27.807 E1360.82009 F3000
G1 X19.163 Y-28.121 E1360.87236 F3000
G1 X19.169 Y-28.960 E1361.01196 F3000
G1 X19.178 Y-29.195 E1361.05093 F3000
G1 X19.207 Y-29.989 E1361.18314 F3000
G1 X19.305 Y-30.795 E1361.31809 F3000
G1 X19.317 Y-30.892 E1361.33437 F3000
G1 X19.540 Y-31.665 E1361.46823 F3000
G1 X19.544 Y-31.675 E1361.47007 F3000
G1 X19.890 Y-32.255 E1361.58231 F3000
G1 X19.930 Y-32.321 E1361.59519 F3000
G1 X20.386 Y-32.745 E1361.69875 F3000
G1 X20.512 Y-32.854 E1361.72636 F3000
G1 X20.721 Y-32.954 E1361.76491 F3000
G1 X21.331 Y-33.282 E1361.88020 F3000
G1 X21.738 Y-33.389 E1361.95014 F3000
G1 X22.413 Y-33.615 E1362.06845 F3000
G1 X22.962 Y-33.725 E1362.16158 F3000
G1 X23.644 Y-33.816 E1362.27603 F3000
G1 X23.863 Y-33.837 E1362.31265 F3000
G1 X24.298 Y-33.873 E1362.38523 F3000
G1 X25.061 Y-33.912 E1362.51229 F3000
G1 X25.587 Y-33.920 E1362.59977 F3000
G1 X26.027 Y-33.925 E1362.67287 F3000
G1 X26.439 Y-33.927 E1362.74138 F3000
G1 X27.298 Y-33.930 E1362.88430 F3000
G1 X28.149 Y-33.927 E1363.02578 F3000
G1 X28.570 Y-33.925 E1363.09581 F3000
G1 X28.995 Y-33.920 E1363.16656 F3000
G1 X29.493 Y-33.912 E1363.24938 F3000
G1 X30.331 Y-33.867 E1363.38896 F3000
G1 X30.723 Y-33.834 E1363.45428 F3000
G1 X30.912 Y-33.816 E1363.48590 F3000
G1 X31.644 Y-33.716 E1363.60872 F3000
G1 X32.171 Y-33.616 E1363.69801 F3000
G1 X32.776 Y-33.433 E1363.80313 F3000
G1 X33.433 Y-33.276 E1363.91534 F3000
G1 X33.925 Y-33.033 E1364.00670 F3000
G1 X34.470 Y-32.795 E1364.10550 F3000
G1 X34.937 Y-32.410 E1364.20618 F3000
G1 X35.271 Y-32.114 E1364.28036 F3000
G1 X35.609 Y-31.558 E1364.38864 F3000
G1 X35.837 Y-31.172 E1364.46319 F3000
G1 X35.974 Y-30.652 E1364.55266 F3000
G1 X36.177 Y-29.904 E1364.68146 F3000
G1 X36.239 Y-29.314 E1364.78023 F3000
G1 X36.336 Y-28.420 E1364.92974 F3000
G1 X36.351 Y-27.449 E1365.09126 F3000
G1 X36.360 Y-26.828 E1365.19458 F3000
G1 X36.321 Y-25.862 E1365.35532 F3000
G1 X36.295 Y-25.236 E1365.45946 F3000
G1 X36.252 Y-24.644 E1365.55820 F3000
G1 X36.187 Y-23.754 E1365.70652 F3000
G1 X36.114 Y-23.063 E1365.82224 F3000
G1 X36.008 Y-22.066 E1365.98895 F3000
G1 X35.848 Y-20.788 E1366.20314 F3000
G1 X35.731 Y-19.853 E1366.35985 F3000
G1 X35.508 Y-18.157 E1366.64430 F3000
G1 X35.329 Y-16.798 E1366.87215 F3000
G1 X35.058 Y-14.738 E1367.21780 F3000
G1 X34.775 Y-12.586 E1367.57871 F3000
G1 X34.441 Y-10.035 E1368.00661 F3000
G1 X34.155 Y-7.840 E1368.37475 F3000
G1 X33.895 Y-5.821 E1368.71327 F3000
G1 X33.557 Y-3.183 E1369.15548 F3000
G1 X33.367 Y-1.659 E1369.41091 F3000
G1 X33.067 Y0.759 E1369.81612 F3000
G1 X32.871 Y2.500 E1370.10746 F3000
G1 X32.773 Y3.363 E1370.25194 F3000
G1 X32.674 Y4.475 E1370.43763 F3000
G1 X32.628 Y4.986 E1370.52286 F3000
G1 X32.615 Y5.296 E1370.57452 F3000
G1 X32.585 Y5.984 E1370.68894 F3000
G1 X32.589 Y6.208 E1370.72621 F3000
G1 X32.596 Y6.713 E1370.81026 F3000
G1 X32.608 Y7.280 E1370.90451 F3000
G1 X32.614 Y7.531 E1370.94631 F3000
G1 X32.628 Y8.118 E1371.04400 F3000
G1 X32.636 Y8.378 E1371.08724 F3000
G1 X32.645 Y8.628 E1371.12883 F3000
G1 X32.659 Y9.196 E1371.22323 F3000
G1 X32.667 Y9.417 E1371.26008 F3000
G1 X32.679 Y9.924 E1371.34445 F3000
G1 X32.687 Y10.331 E1371.41207 F3000
G1 X32.692 Y10.505 E1371.44105 F3000
G1 X32.698 Y10.859 E1371.49989 F3000
G1 X32.703 Y11.009 E1371.52484 F3000
G1 X32.707 Y11.157 E1371.54959 F3000
G1 X32.714 Y11.506 E1371.60761 F3000
G1 X32.720 Y11.676 E1371.63592 F3000
G1 X32.729 Y12.069 E1371.70116 F3000
G1 X32.745 Y12.552 E1371.78158 F3000
G1 X32.753 Y12.766 E1371.81728 F3000
G1 X32.757 Y13.356 E1371.91532 F3000
G1 X32.760 Y13.622 E1371.95951 F3000
G1 X32.752 Y13.945 E1372.01337 F3000
G1 X32.728 Y14.656 E1372.13165 F3000
G1 X32.700 Y15.052 E1372.19765 F3000
G1 X32.632 Y15.892 E1372.33780 F3000
G1 X32.508 Y16.854 E1372.49902 F3000
G1 X32.450 Y17.351 E1372.58228 F3000
G1 X32.301 Y18.352 E1372.75066 F3000
G1 X32.225 Y18.918 E1372.84557 F3000
G1 X32.146 Y19.503 E1372.94370 F3000
G1 X32.000 Y20.479 E1373.10793 F3000
G1 X31.934 Y21.035 E1373.20090 F3000
G1 X31.818 Y21.922 E1373.34979 F3000
G1 X31.753 Y22.680 E1373.47629 F3000
G1 X31.719 Y23.134 E1373.55193 F3000
G1 X31.682 Y23.776 E1373.65897 F3000
G1 X31.666 Y24.118 E1373.71585 F3000
G1 X31.652 Y24.365 E1373.75700 F3000
G1 X31.619 Y24.879 E1373.84257 F3000
G1 X31.597 Y25.036 E1373.86904 F3000
G1 X31.542 Y25.419 E1373.93338 F3000
G1 X31.433 Y25.661 E1373.97745 F3000
G1 X31.396 Y25.743 E1373.99254 F3000
G1 X31.142 Y25.866 E1374.03936 F3000
G1 X31.061 Y25.906 E1374.05446 F3000
G1 X30.906 Y25.919 E1374.08032 F3000
G1 X30.417 Y25.960 E1374.16196 F3000
G1 X30.161 Y25.960 E1374.20440 F3000
G1 X29.343 Y25.960 E1374.34045 F3000
G1 X28.106 Y25.960 E1374.54620 F3000
G1 X27.721 Y25.960 E1374.61029 F3000
G1 X26.231 Y25.960 E1374.85804 F3000
G1 X25.767 Y25.960 E1374.93516 F3000
G1 X25.277 Y25.960 E1375.01670 F3000
G1 X23.701 Y25.960 E1375.27873 F3000
G1 X23.236 Y25.960 E1375.35608 F3000
G1 X21.741 Y25.960 E1375.60469 F3000
G1 X20.494 Y25.960 E1375.81216 F3000
G1 X20.105 Y25.960 E1375.87671 F3000
G1 X18.971 Y25.960 E1376.06533 F3000
G1 X18.618 Y25.960 E1376.12402 F3000
G1 X18.259 Y25.960 E1376.18378 F3000
G1 X17.104 Y25.960 E1376.37585 F3000
G1 X16.696 Y25.960 E1376.44362 F3000
G1 X15.387 Y25.960 E1376.66145 F3000
G1 X13.788 Y25.960 E1376.92731 F3000
G1 X13.290 Y25.960 E1377.01003 F3000
G1 X11.534 Y25.960 E1377.30206 F3000
G1 X10.988 Y25.960 E1377.39291 F3000
G1 X10.434 Y25.960 E1377.48510 F3000
G1 X8.652 Y25.960 E1377.78141 F3000
G1 X8.131 Y25.960 E1377.86812 F3000
G1 X6.455 Y25.960 E1378.14682 F3000
G1 X5.016 Y25.960 E1378.38605 F3000
G1 X4.569 Y25.960 E1378.46047 F3000
G1 X3.308 Y25.960 E1378.67009 F3000
G1 X2.916 Y25.960 E1378.73530 F3000
G1 X2.561 Y25.960 E1378.79437 F3000
G1 X1.419 Y25.960 E1378.98424 F3000
G1 X1.082 Y25.960 E1379.04025 F3000
G1 X0.000 Y25.960 E1379.22025 F3000
G1 X-1.082 Y25.960 E1379.40025 F3000
G1 X-1.419 Y25.960 E1379.45625 F3000
G1 X-2.561 Y25.960 E1379.64612 F3000
G1 X-2.916 Y25.960 E1379.70519 F3000
G1 X-3.308 Y25.960 E1379.77041 F3000
G1 X-4.569 Y25.960 E1379.98002 F3000
G1 X-5.016 Y25.960 E1380.05445 F3000
G1 X-6.455 Y25.960 E1380.29367 F3000
G1 X-8.131 Y25.960 E1380.57237 F3000
G1 X-8.652 Y25.960 E1380.65909 F3000
G1 X-10.434 Y25.960 E1380.95539 F3000
G1 X-10.988 Y25.960 E1381.04758 F3000
G1 X-11.534 Y25.960 E1381.13844 F3000
G1 X-13.290 Y25.960 E1381.43046 F3000
G1 X-13.788 Y25.960 E1381.51318 F3000
G1 X-15.387 Y25.960 E1381.77905 F3000
G1 X-16.696 Y25.960 E1381.99687 F3000
G1 X-17.104 Y25.960 E1382.06464 F3000
G1 X-18.259 Y25.960 E1382.25672 F3000
G1 X-18.618 Y25.960 E1382.31648 F3000
G1 X-18.971 Y25.960 E1382.37516 F3000
G1 X-20.105 Y25.960 E1382.56379 F3000
G1 X-20.494 Y25.960 E1382.62834 F3000
G1 X-21.741 Y25.960 E1382.83581 F3000
G1 X-23.236 Y25.960 E1383.08441 F3000
G1 X-23.701 Y25.960 E1383.16176 F3000
G1 X-25.277 Y25.960 E1383.42380 F3000
G1 X-25.767 Y25.960 E1383.50534 F3000
G1 X-26.231 Y25.960 E1383.58245 F3000
G1 X-27.721 Y25.960 E1383.83020 F3000
G1 X-28.106 Y25.960 E1383.89429 F3000
G1 X-29.343 Y25.960 E1384.10004 F3000
G1 X-30.161 Y25.960 E1384.23609 F3000
G1 X-30.417 Y25.960 E1384.27854 F3000
G1 X-30.906 Y25.919 E1384.36017 F3000
G1 X-31.061 Y25.906 E1384.38604 F3000
G1 X-31.142 Y25.866 E1384.40113 F3000
G1 X-31.396 Y25.743 E1384.44795 F3000
G1 X-31.433 Y25.661 E1384.46304 F3000
G1 X-31.542 Y25.419 E1384.50712 F3000
G1 X-31.597 Y25.036 E1384.57145 F3000
G1 X-31.619 Y24.879 E1384.59793 F3000
G1 X-31.652 Y24.365 E1384.68350 F3000
G1 X-31.666 Y24.118 E1384.72465 F3000
G1 X-31.682 Y23.776 E1384.78152 F3000
G1 X-31.719 Y23.134 E1384.88857 F3000
G1 X-31.753 Y22.680 E1384.96421 F3000
G1 X-31.818 Y21.922 E1385.09071 F3000
G1 X-31.934 Y21.035 E1385.23960 F3000
G1 X-32.000 Y20.479 E1385.33256 F3000
G1 X-32.146 Y19.503 E1385.49680 F3000
G1 X-32.225 Y18.918 E1385.59493 F3000
G1 X-32.301 Y18.352 E1385.68983 F3000
G1 X-32.450 Y17.351 E1385.85821 F3000
G1 X-32.508 Y16.854 E1385.94147 F3000
G1 X-32.632 Y15.892 E1386.10269 F3000
G1 X-32.700 Y15.052 E1386.24284 F3000
G1 X-32.728 Y14.656 E1386.30884 F3000
G1 X-32.752 Y13.945 E1386.42712 F3000
G1 X-32.760 Y13.622 E1386.48098 F3000
G1 X-32.757 Y13.356 E1386.52517 F3000
G1 X-32.753 Y12.766 E1386.62322 F3000
G1 X-32.745 Y12.552 E1386.65891 F3000
G1 X-32.729 Y12.069 E1386.73933 F3000
G1 X-32.720 Y11.676 E1386.80457 F3000
G1 X-32.714 Y11.506 E1386.83288 F3000
G1 X-32.707 Y11.157 E1386.89091 F3000
G1 X-32.703 Y11.009 E1386.91565 F3000
G1 X-32.698 Y10.859 E1386.94060 F3000
G1 X-32.692 Y10.505 E1386.99944 F3000
G1 X-32.687 Y10.331 E1387.02843 F3000
G1 X-32.679 Y9.924 E1387.09605 F3000
G1 X-32.667 Y9.417 E1387.18041 F3000
G1 X-32.659 Y9.196 E1387.21726 F3000
G1 X-32.645 Y8.628 E1387.31166 F3000
G1 X-32.636 Y8.378 E1387.35325 F3000
G1 X-32.628 Y8.118 E1387.39649 F3000
G1 X-32.614 Y7.531 E1387.49419 F3000
G1 X-32.608 Y7.280 E1387.53599 F3000
G1 X-32.596 Y6.713 E1387.63023 F3000
G1 X-32.589 Y6.208 E1387.71428 F3000
G1 X-32.585 Y5.984 E1387.75156 F3000
G1 X-32.615 Y5.296 E1387.86597 F3000
G1 X-32.628 Y4.986 E1387.91764 F3000
G1 X-32.674 Y4.475 E1388.00286 F3000
G1 X-32.773 Y3.363 E1388.18855 F3000
G1 X-32.871 Y2.500 E1388.33303 F3000
G1 X-33.067 Y0.759 E1388.62437 F3000
G1 X-33.367 Y-1.659 E1389.02959 F3000
G1 X-33.557 Y-3.183 E1389.28501 F3000
G1 X-33.895 Y-5.821 E1389.72722 F3000
G1 X-34.155 Y-7.840 E1390.06574 F3000
G1 X-34.441 Y-10.035 E1390.43389 F3000
G1 X-34.775 Y-12.586 E1390.86178 F3000
G1 X-35.058 Y-14.738 E1391.22269 F3000
G1 X-35.329 Y-16.798 E1391.56834 F3000
G1 X-35.508 Y-18.157 E1391.79619 F3000
G1 X-35.731 Y-19.853 E1392.08064 F3000
G1 X-35.848 Y-20.788 E1392.23735 F3000
G1 X-36.008 Y-22.066 E1392.45154 F3000
G1 X-36.114 Y-23.063 E1392.61826 F3000
G1 X-36.187 Y-23.754 E1392.73397 F3000
G1 X-36.252 Y-24.644 E1392.88229 F3000
G1 X-36.295 Y-25.236 E1392.98103 F3000
G1 X-36.321 Y-25.862 E1393.08517 F3000
G1 X-36.360 Y-26.828 E1393.24591 F3000
G1 X-36.351 Y-27.449 E1393.34923 F3000
G1 X-36.336 Y-28.420 E1393.51075 F3000
G1 X-36.239 Y-29.314 E1393.66026 F3000
G1 X-36.177 Y-29.904 E1393.75903 F3000
G1 X-35.974 Y-30.652 E1393.88783 F3000
G1 X-35.837 Y-31.172 E1393.97731 F3000
G1 X-35.609 Y-31.558 E1394.05185 F3000
G1 X-35.271 Y-32.114 E1394.16013 F3000
G1 X-34.937 Y-32.410 E1394.23431 F3000
G1 X-34.470 Y-32.795 E1394.33500 F3000
G1 X-33.925 Y-33.033 E1394.43379 F3000
G1 X-33.433 Y-33.276 E1394.52515 F3000
G1 X-32.776 Y-33.433 E1394.63736 F3000
G1 X-32.171 Y-33.616 E1394.74248 F3000
G1 X-31.644 Y-33.716 E1394.83177 F3000
G1 X-30.912 Y-33.816 E1394.95459 F3000
G1 X-30.723 Y-33.834 E1394.98621 F3000
G1 X-30.331 Y-33.867 E1395.05153 F3000
G1 X-29.493 Y-33.912 E1395.19111 F3000
G1 X-28.995 Y-33.920 E1395.27393 F3000
G1 X-28.570 Y-33.925 E1395.34468 F3000
G1 X-28.149 Y-33.927 E1395.41472 F3000
G1 X-27.298 Y-33.930 E1395.55619 F3000
G1 X-26.439 Y-33.927 E1395.69911 F3000
G1 X-26.027 Y-33.925 E1395.76762 F3000
G1 X-25.587 Y-33.920 E1395.84072 F3000
G1 X-25.061 Y-33.912 E1395.92820 F3000
G1 X-24.298 Y-33.873 E1396.05527 F3000
G1 X-23.863 Y-33.837 E1396.12784 F3000
G1 X-23.644 Y-33.816 E1396.16446 F3000
G1 X-22.962 Y-33.725 E1396.27891 F3000
G1 X-22.413 Y-33.615 E1396.37205 F3000
G1 X-21.738 Y-33.389 E1396.49035 F3000
G1 X-21.331 Y-33.282 E1396.56029 F3000
G1 X-20.721 Y-32.954 E1396.67558 F3000
G1 X-20.512 Y-32.854 E1396.71413 F3000
G1 X-20.386 Y-32.745 E1396.74174 F3000
G1 X-19.930 Y-32.321 E1396.84531 F3000
G1 X-19.890 Y-32.255 E1396.85818 F3000
G1 X-19.567 Y-31.714 E1396.96302 F3000
G1 X-19.544 Y-31.675 E1396.97043 F3000
G1 X-19.542 Y-31.671 E1396.97122 F3000
G1 X-19.540 Y-31.665 E1396.97228 F3000
G1 X-19.317 Y-30.892 E1397.10614 F3000
G1 X-19.305 Y-30.795 E1397.12242 F3000
G1 X-19.207 Y-29.989 E1397.25736 F3000
G1 X-19.178 Y-29.195 E1397.38958 F3000
G1 X-19.169 Y-28.960 E1397.42854 F3000
G1 X-19.163 Y-28.121 E1397.56815 F3000
G1 X-19.159 Y-27.807 E1397.62042 F3000
G1 X-19.151 Y-27.438 E1397.68173 F3000
G1 X-19.135 Y-26.531 E1397.83267 F3000
G1 X-19.119 Y-25.993 E1397.92210 F3000
G1 X-19.089 Y-24.842 E1398.11359 F3000
G1 X-19.043 Y-23.279 E1398.37361 F3000
G1 X-19.015 Y-22.450 E1398.51150 F3000
G1 X-18.950 Y-20.314 E1398.86696 F3000
G1 X-18.906 Y-19.066 E1399.07470 F3000
G1 X-18.842 Y-17.212 E1399.38321 F3000
G1 X-18.755 Y-14.397 E1399.85151 F3000
G1 X-18.675 Y-12.100 E1400.23378 F3000
G1 X-18.584 Y-9.140 E1400.72619 F3000
G1 X-18.503 Y-6.437 E1401.17584 F3000
G1 X-18.418 Y-3.991 E1401.58298 F3000
G1 X-18.355 Y-1.870 E1401.93578 F3000
G1 X-18.280 Y0.355 E1402.30608 F3000
G1 X-18.232 Y1.908 E1402.56439 F3000
G1 X-18.197 Y3.202 E1402.77965 F3000
G1 X-18.156 Y4.143 E1402.93633 F3000
G1 X-18.126 Y4.887 E1403.06017 F3000
G1 X-18.084 Y5.262 E1403.12292 F3000
G1 X-18.024 Y5.750 E1403.20464 F3000
G1 X-17.951 Y5.915 E1403.23466 F3000
G1 X-17.851 Y6.125 E1403.27335 F3000
G1 X-17.687 Y6.248 E1403.30741 F3000
G1 X-17.564 Y6.347 E1403.33370 F3000
G1 X-17.275 Y6.407 E1403.38270 F3000
G1 X-17.056 Y6.456 E1403.42005 F3000
G1 X-16.688 Y6.472 E1403.48135 F3000
G1 X-16.221 Y6.492 E1403.55902 F3000
G1 X-15.655 Y6.492 E1403.65312 F3000
G1 X-14.945 Y6.492 E1403.77123 F3000
G1 X-13.931 Y6.492 E1403.93985 F3000
G1 X-13.114 Y6.492 E1404.07578 F3000
G1 X-11.916 Y6.492 E1404.27504 F3000
G1 X-10.944 Y6.492 E1404.43665 F3000
G1 X-9.916 Y6.492 E1404.60759 F3000
G1 X-8.652 Y6.492 E1404.81780 F3000
G1 X-7.666 Y6.492 E1404.98174 F3000
G1 X-6.455 Y6.492 E1405.18322 F3000
G1 X-5.415 Y6.492 E1405.35616 F3000
G1 X-4.569 Y6.492 E1405.49687 F3000
G1 X-3.657 Y6.492 E1405.64840 F3000
G1 X-2.916 Y6.492 E1405.77170 F3000
G1 X-2.244 Y6.492 E1405.88338 F3000
G1 X-1.419 Y6.492 E1406.02064 F3000
G1 X-0.782 Y6.492 E1406.12652 F3000
G1 X0.000 Y6.492 E1406.25664 F3000
G1 X0.782 Y6.492 E1406.38676 F3000
G1 X1.419 Y6.492 E1406.49264 F3000
G1 X2.244 Y6.492 E1406.62990 F3000
G1 X2.916 Y6.492 E1406.74159 F3000
G1 X3.657 Y6.492 E1406.86488 F3000
G1 X4.569 Y6.492 E1407.01641 F3000
G1 X5.415 Y6.492 E1407.15713 F3000
G1 X6.455 Y6.492 E1407.33006 F3000
G1 X7.666 Y6.492 E1407.53154 F3000
G1 X8.652 Y6.492 E1407.69548 F3000
G1 X9.916 Y6.492 E1407.90570 F3000
G1 X10.944 Y6.492 E1408.07664 F3000
G1 X11.916 Y6.492 E1408.23825 F3000
G1 X13.114 Y6.492 E1408.43750 F3000
G1 X13.931 Y6.492 E1408.57344 F3000
G1 X14.945 Y6.492 E1408.74206 F3000
G1 X15.655 Y6.492 E1408.86016 F3000
G1 X16.221 Y6.492 E1408.95427 F3000
G1 X16.688 Y6.472 E1409.03193 F3000
G1 X17.056 Y6.456 E1409.09323 F3000
G1 X17.275 Y6.407 E1409.13059 F3000
G1 X17.564 Y6.347 E1409.17958 F3000
G1 X17.687 Y6.248 E1409.20588 F3000
G1 X17.851 Y6.125 E1409.23994 F3000
G1 X17.951 Y5.915 E1409.27862 F3000
G1 X18.024 Y5.750 E1409.30864 F3000
G1 X18.084 Y5.262 E1409.39037 F3000
G1 X18.126 Y4.887 E1409.45311 F3000
G1 X18.156 Y4.143 E1409.57696 F3000
G1 X18.197 Y3.202 E1409.73364 F3000
G1 X18.232 Y1.908 E1409.94890 F3000
G1 X18.280 Y0.355 E1410.20720 F3000
G1 X18.355 Y-1.870 E1410.57750 F3000
G1 X18.418 Y-3.991 E1410.93030 F3000
G1 X18.503 Y-6.437 E1411.33744 F3000
G1 X18.584 Y-9.140 E1411.78709 F3000
G1 X18.675 Y-12.100 E1412.27950 F3000
G1 X18.755 Y-14.397 E1412.66178 F3000
G1 X18.842 Y-17.212 E1413.13008 F3000
G1 X18.906 Y-19.066 E1413.43858 F3000
G1 X18.950 Y-20.314 E1413.64633 F3000
G1 X19.015 Y-22.450 E1414.00178 F3000
; LAYER:33
; Z:33.500
G0 Z33.500 F600
G0 X19.096 Y-22.462 F9000
G1 X19.163 Y-24.446 E1414.33189 F3000
G1 X19.175 Y-24.855 E1414.39988 F3000
G1 X19.183 Y-25.156 E1414.44995 F3000
G1 X19.224 Y-26.544 E1414.68094 F3000
G1 X19.229 Y-26.803 E1414.72398 F3000
G1 X19.252 Y-27.821 E1414.89328 F3000
G1 X19.262 Y-28.689 E1415.03760 F3000
G1 X19.264 Y-28.975 E1415.08522 F3000
G1 X19.293 Y-29.703 E1415.20641 F3000
G1 X19.303 Y-30.001 E1415.25592 F3000
G1 X19.340 Y-30.302 E1415.30645 F3000
G1 X19.413 Y-30.893 E1415.40548 F3000
G1 X19.504 Y-31.209 E1415.46012 F3000
G1 X19.635 Y-31.660 E1415.53816 F3000
G1 X19.811 Y-31.961 E1415.59622 F3000
G1 X20.013 Y-32.306 E1415.66268 F3000
G1 X20.205 Y-32.495 E1415.70747 F3000
G1 X20.574 Y-32.842 E1415.79167 F3000
G1 X21.171 Y-33.172 E1415.90506 F3000
G1 X21.344 Y-33.275 E1415.93862 F3000
G1 X22.125 Y-33.556 E1416.07665 F3000
G1 X22.233 Y-33.598 E1416.09595 F3000
G1 X22.332 Y-33.623 E1416.11294 F3000
G1 X22.904 Y-33.747 E1416.21025 F3000
G1 X23.135 Y-33.793 E1416.24940 F3000
G1 X23.193 Y-33.801 E1416.25925 F3000
G1 X23.965 Y-33.875 E1416.38818 F3000
G1 X24.246 Y-33.898 E1416.43513 F3000
G1 X24.860 Y-33.911 E1416.53718 F3000
G1 X25.137 Y-33.916 E1416.58327 F3000
G1 X25.520 Y-33.888 E1416.64706 F3000
G1 X25.827 Y-33.874 E1416.69820 F3000
G1 X26.051 Y-33.866 E1416.73553 F3000
G1 X26.618 Y-33.790 E1416.83069 F3000
G1 X27.346 Y-33.759 E1416.95176 F3000
G1 X27.419 Y-33.755 E1416.96390 F3000
G1 X27.493 Y-33.759 E1416.97621 F3000
G1 X28.220 Y-33.791 E1417.09726 F3000
G1 X28.772 Y-33.865 E1417.18990 F3000
G1 X29.003 Y-33.874 E1417.22830 F3000
G1 X29.321 Y-33.889 E1417.28131 F3000
G1 X29.683 Y-33.916 E1417.34176 F3000
G1 X29.937 Y-33.911 E1417.38396 F3000
G1 X30.559 Y-33.898 E1417.48740 F3000
G1 X30.855 Y-33.873 E1417.53671 F3000
G1 X31.601 Y-33.801 E1417.66149 F3000
G1 X31.704 Y-33.787 E1417.67867 F3000
G1 X32.291 Y-33.675 E1417.77805 F3000
G1 X32.609 Y-33.610 E1417.83214 F3000
G1 X32.651 Y-33.600 E1417.83923 F3000
G1 X32.695 Y-33.585 E1417.84695 F3000
G1 X33.689 Y-33.280 E1418.01992 F3000
G1 X33.745 Y-33.250 E1418.03049 F3000
G1 X34.664 Y-32.803 E1418.20038 F3000
G1 X35.417 Y-32.138 E1418.36757 F3000
G1 X35.436 Y-32.121 E1418.37166 F3000
G1 X35.978 Y-31.201 E1418.54919 F3000
G1 X35.993 Y-31.175 E1418.55427 F3000
G1 X36.003 Y-31.137 E1418.56075 F3000
G1 X36.328 Y-29.906 E1418.77256 F3000
G1 X36.332 Y-29.860 E1418.78025 F3000
G1 X36.484 Y-28.421 E1419.02086 F3000
G1 X36.506 Y-26.885 E1419.27627 F3000
G1 X36.507 Y-26.828 E1419.28575 F3000
G1 X36.445 Y-25.302 E1419.53976 F3000
G1 X36.442 Y-25.236 E1419.55067 F3000
G1 X36.437 Y-25.174 E1419.56107 F3000
G1 X36.333 Y-23.755 E1419.79776 F3000
G1 X36.324 Y-23.667 E1419.81241 F3000
G1 X36.153 Y-22.066 E1420.08022 F3000
G1 X35.899 Y-20.046 E1420.41876 F3000
G1 X35.875 Y-19.853 E1420.45115 F3000
G1 X35.520 Y-17.167 E1420.90173 F3000
G1 X35.471 Y-16.798 E1420.96349 F3000
G1 X35.395 Y-16.220 E1421.06053 F3000
G1 X34.914 Y-12.586 E1421.67011 F3000
G1 X34.792 Y-11.652 E1421.82679 F3000
G1 X34.291 Y-7.840 E1422.46621 F3000
G1 X33.860 Y-4.496 E1423.02682 F3000
G1 X33.690 Y-3.183 E1423.24699 F3000
G1 X33.365 Y-0.571 E1423.68468 F3000
G1 X33.199 Y0.759 E1423.90768 F3000
G1 X33.087 Y1.747 E1424.07301 F3000
G1 X32.904 Y3.363 E1424.34353 F3000
G1 X32.845 Y4.020 E1424.45321 F3000
G1 X32.758 Y4.987 E1424.61455 F3000
G1 X32.733 Y5.569 E1424.71154 F3000
G1 X32.716 Y5.986 E1424.78091 F3000
G1 X32.722 Y6.414 E1424.85212 F3000
G1 X32.728 Y6.718 E1424.90270 F3000
G1 X32.738 Y7.058 E1424.95923 F3000
G1 X32.748 Y7.540 E1425.03937 F3000
G1 X32.758 Y7.896 E1425.09857 F3000
G1 X32.770 Y8.391 E1425.18104 F3000
G1 X32.782 Y8.870 E1425.26071 F3000
G1 X32.789 Y9.214 E1425.31780 F3000
G1 X32.800 Y9.640 E1425.38878 F3000
G1 X32.804 Y9.950 E1425.44025 F3000
G1 X32.806 Y10.202 E1425.48221 F3000
G1 X32.813 Y10.543 E1425.53899 F3000
G1 X32.814 Y10.765 E1425.57584 F3000
G1 X32.819 Y11.061 E1425.62516 F3000
G1 X32.824 Y11.353 E1425.67372 F3000
G1 X32.826 Y11.571 E1425.70986 F3000
G1 X32.834 Y11.899 E1425.76439 F3000
G1 X32.837 Y12.138 E1425.80422 F3000
G1 X32.845 Y12.426 E1425.85213 F3000
G1 X32.857 Y12.830 E1425.91937 F3000
G1 X32.857 Y13.179 E1425.97734 F3000
G1 X32.861 Y13.674 E1426.05970 F3000
G1 X32.840 Y14.278 E1426.16027 F3000
G1 X32.822 Y14.696 E1426.22987 F3000
G1 X32.763 Y15.432 E1426.35250 F3000
G1 X32.717 Y15.925 E1426.43488 F3000
G1 X32.635 Y16.498 E1426.53119 F3000
G1 X32.520 Y17.385 E1426.67998 F3000
G1 X32.424 Y17.977 E1426.77973 F3000
G1 X32.278 Y18.961 E1426.94503 F3000
G1 X32.127 Y19.974 E1427.11535 F3000
G1 X32.035 Y20.533 E1427.20965 F3000
G1 X31.911 Y21.477 E1427.36798 F3000
G1 X31.837 Y21.987 E1427.45359 F3000
G1 X31.795 Y22.420 E1427.52596 F3000
G1 X31.728 Y23.204 E1427.65693 F3000
G1 X31.703 Y23.576 E1427.71887 F3000
G1 X31.667 Y24.192 E1427.82145 F3000
G1 X31.639 Y24.640 E1427.89613 F3000
G1 X31.617 Y24.953 E1427.94839 F3000
G1 X31.573 Y25.257 E1427.99930 F3000
G1 X31.537 Y25.494 E1428.03924 F3000
G1 X31.470 Y25.643 E1428.06642 F3000
G1 X31.391 Y25.818 E1428.09842 F3000
G1 X31.233 Y25.895 E1428.12756 F3000
G1 X31.057 Y25.980 E1428.16022 F3000
G1 X30.720 Y26.009 E1428.21631 F3000
G1 X30.414 Y26.035 E1428.26749 F3000
G1 X29.855 Y26.035 E1428.36046 F3000
G1 X29.342 Y26.035 E1428.44576 F3000
G1 X28.566 Y26.035 E1428.57484 F3000
G1 X27.720 Y26.035 E1428.71546 F3000
G1 X26.785 Y26.035 E1428.87091 F3000
G1 X25.767 Y26.035 E1429.04026 F3000
G1 X24.690 Y26.035 E1429.21938 F3000
G1 X23.701 Y26.035 E1429.38381 F3000
G1 X22.679 Y26.035 E1429.55377 F3000
G1 X21.741 Y26.035 E1429.70977 F3000
G1 X20.958 Y26.035 E1429.83993 F3000
G1 X20.105 Y26.035 E1429.98179 F3000
G1 X19.394 Y26.035 E1430.10011 F3000
G1 X18.618 Y26.035 E1430.22910 F3000
G1 X17.828 Y26.035 E1430.36045 F3000
G1 X17.104 Y26.035 E1430.48094 F3000
G1 X16.208 Y26.035 E1430.62991 F3000
G1 X15.387 Y26.035 E1430.76653 F3000
G1 X14.384 Y26.035 E1430.93327 F3000
G1 X13.290 Y26.035 E1431.11512 F3000
G1 X12.189 Y26.035 E1431.29825 F3000
G1 X10.988 Y26.035 E1431.49800 F3000
G1 X9.769 Y26.035 E1431.70067 F3000
G1 X8.652 Y26.035 E1431.88649 F3000
G1 X7.506 Y26.035 E1432.07713 F3000
G1 X6.455 Y26.035 E1432.25191 F3000
G1 X5.553 Y26.035 E1432.40193 F3000
G1 X4.569 Y26.035 E1432.56556 F3000
G1 X3.778 Y26.035 E1432.69701 F3000
G1 X2.916 Y26.035 E1432.84039 F3000
G1 X2.135 Y26.035 E1432.97026 F3000
G1 X1.419 Y26.035 E1433.08933 F3000
G1 X0.679 Y26.035 E1433.21245 F3000
G1 X0.000 Y26.035 E1433.32533 F3000
G1 X-0.679 Y26.035 E1433.43821 F3000
G1 X-1.419 Y26.035 E1433.56133 F3000
G1 X-2.135 Y26.035 E1433.68040 F3000
G1 X-2.916 Y26.035 E1433.81028 F3000
G1 X-3.778 Y26.035 E1433.95365 F3000
G1 X-4.569 Y26.035 E1434.08510 F3000
G1 X-5.553 Y26.035 E1434.24873 F3000
G1 X-6.455 Y26.035 E1434.39875 F3000
G1 X-7.506 Y26.035 E1434.57353 F3000
G1 X-8.652 Y26.035 E1434.76417 F3000
G1 X-9.769 Y26.035 E1434.94999 F3000
G1 X-10.988 Y26.035 E1435.15266 F3000
G1 X-12.189 Y26.035 E1435.35241 F3000
G1 X-13.290 Y26.035 E1435.53555 F3000
G1 X-14.384 Y26.035 E1435.71740 F3000
G1 X-15.387 Y26.035 E1435.88413 F3000
G1 X-16.208 Y26.035 E1436.02075 F3000
G1 X-17.104 Y26.035 E1436.16972 F3000
G1 X-17.828 Y26.035 E1436.29021 F3000
G1 X-18.618 Y26.035 E1436.42156 F3000
G1 X-19.394 Y26.035 E1436.55055 F3000
G1 X-20.105 Y26.035 E1436.66887 F3000
G1 X-20.958 Y26.035 E1436.81073 F3000
G1 X-21.741 Y26.035 E1436.94089 F3000
G1 X-22.679 Y26.035 E1437.09689 F3000
G1 X-23.701 Y26.035 E1437.26685 F3000
G1 X-24.690 Y26.035 E1437.43128 F3000
G1 X-25.767 Y26.035 E1437.61040 F3000
G1 X-26.785 Y26.035 E1437.77975 F3000
G1 X-27.720 Y26.035 E1437.93520 F3000
G1 X-28.566 Y26.035 E1438.07583 F3000
G1 X-29.342 Y26.035 E1438.20490 F3000
G1 X-29.855 Y26.035 E1438.29020 F3000
G1 X-30.414 Y26.035 E1438.38317 F3000
G1 X-30.720 Y26.009 E1438.43435 F3000
G1 X-31.057 Y25.980 E1438.49044 F3000
G1 X-31.233 Y25.895 E1438.52310 F3000
G1 X-31.391 Y25.818 E1438.55224 F3000
G1 X-31.470 Y25.643 E1438.58424 F3000
G1 X-31.537 Y25.494 E1438.61142 F3000
G1 X-31.573 Y25.257 E1438.65136 F3000
G1 X-31.617 Y24.953 E1438.70228 F3000
G1 X-31.639 Y24.640 E1438.75453 F3000
G1 X-31.667 Y24.192 E1438.82921 F3000
G1 X-31.703 Y23.576 E1438.93179 F3000
G1 X-31.728 Y23.204 E1438.99373 F3000
G1 X-31.795 Y22.420 E1439.12471 F3000
G1 X-31.837 Y21.987 E1439.19708 F3000
G1 X-31.911 Y21.477 E1439.28269 F3000
G1 X-32.035 Y20.533 E1439.44101 F3000
G1 X-32.127 Y19.974 E1439.53532 F3000
G1 X-32.278 Y18.961 E1439.70563 F3000
G1 X-32.424 Y17.977 E1439.87093 F3000
G1 X-32.520 Y17.385 E1439.97068 F3000
G1 X-32.635 Y16.498 E1440.11947 F3000
G1 X-32.717 Y15.925 E1440.21578 F3000
G1 X-32.763 Y15.432 E1440.29816 F3000
G1 X-32.822 Y14.696 E1440.42080 F3000
G1 X-32.840 Y14.278 E1440.49039 F3000
G1 X-32.861 Y13.674 E1440.59097 F3000
G1 X-32.857 Y13.179 E1440.67333 F3000
G1 X-32.857 Y12.830 E1440.73129 F3000
G1 X-32.845 Y12.426 E1440.79853 F3000
G1 X-32.837 Y12.138 E1440.84644 F3000
G1 X-32.834 Y11.899 E1440.88627 F3000
G1 X-32.826 Y11.571 E1440.94080 F3000
G1 X-32.824 Y11.353 E1440.97694 F3000
G1 X-32.819 Y11.061 E1441.02551 F3000
G1 X-32.814 Y10.765 E1441.07482 F3000
G1 X-32.813 Y10.543 E1441.11167 F3000
G1 X-32.806 Y10.202 E1441.16845 F3000
G1 X-32.804 Y9.950 E1441.21041 F3000
G1 X-32.800 Y9.640 E1441.26189 F3000
G1 X-32.789 Y9.214 E1441.33286 F3000
G1 X-32.782 Y8.870 E1441.38995 F3000
G1 X-32.770 Y8.391 E1441.46962 F3000
G1 X-32.758 Y7.896 E1441.55209 F3000
G1 X-32.748 Y7.540 E1441.61129 F3000
G1 X-32.738 Y7.058 E1441.69143 F3000
G1 X-32.728 Y6.718 E1441.74796 F3000
G1 X-32.722 Y6.414 E1441.79855 F3000
G1 X-32.716 Y5.986 E1441.86975 F3000
G1 X-32.733 Y5.569 E1441.93912 F3000
G1 X-32.758 Y4.987 E1442.03612 F3000
G1 X-32.845 Y4.020 E1442.19745 F3000
G1 X-32.904 Y3.363 E1442.30714 F3000
G1 X-33.087 Y1.747 E1442.57765 F3000
G1 X-33.199 Y0.759 E1442.74298 F3000
G1 X-33.365 Y-0.571 E1442.96598 F3000
G1 X-33.690 Y-3.183 E1443.40367 F3000
G1 X-33.860 Y-4.496 E1443.62384 F3000
G1 X-34.291 Y-7.840 E1444.18446 F3000
G1 X-34.792 Y-11.652 E1444.82388 F3000
G1 X-34.914 Y-12.586 E1444.98056 F3000
G1 X-35.395 Y-16.220 E1445.59013 F3000
G1 X-35.471 Y-16.798 E1445.68717 F3000
G1 X-35.520 Y-17.167 E1445.74894 F3000
G1 X-35.875 Y-19.853 E1446.19951 F3000
G1 X-35.899 Y-20.046 E1446.23190 F3000
G1 X-36.153 Y-22.066 E1446.57044 F3000
G1 X-36.324 Y-23.667 E1446.83825 F3000
G1 X-36.333 Y-23.755 E1446.85290 F3000
G1 X-36.437 Y-25.174 E1447.08959 F3000
G1 X-36.442 Y-25.236 E1447.09999 F3000
G1 X-36.445 Y-25.302 E1447.11090 F3000
G1 X-36.507 Y-26.828 E1447.36491 F3000
G1 X-36.506 Y-26.885 E1447.37439 F3000
G1 X-36.484 Y-28.421 E1447.62980 F3000
G1 X-36.332 Y-29.860 E1447.87042 F3000
G1 X-36.328 Y-29.906 E1447.87811 F3000
G1 X-36.003 Y-31.137 E1448.08991 F3000
G1 X-35.978 Y-31.201 E1448.10136 F3000
G1 X-35.436 Y-32.121 E1448.27889 F3000
G1 X-35.417 Y-32.138 E1448.28299 F3000
G1 X-34.664 Y-32.803 E1448.45018 F3000
G1 X-33.745 Y-33.250 E1448.62006 F3000
G1 X-33.689 Y-33.280 E1448.63064 F3000
G1 X-32.695 Y-33.585 E1448.80361 F3000
G1 X-32.651 Y-33.600 E1448.81133 F3000
G1 X-32.609 Y-33.610 E1448.81842 F3000
G1 X-32.291 Y-33.675 E1448.87251 F3000
G1 X-31.704 Y-33.787 E1448.97189 F3000
G1 X-31.601 Y-33.801 E1448.98907 F3000
G1 X-30.855 Y-33.873 E1449.11385 F3000
G1 X-30.559 Y-33.898 E1449.16316 F3000
G1 X-29.937 Y-33.911 E1449.26660 F3000
G1 X-29.683 Y-33.916 E1449.30880 F3000
G1 X-29.321 Y-33.889 E1449.36925 F3000
G1 X-29.003 Y-33.874 E1449.42226 F3000
G1 X-28.772 Y-33.865 E1449.46066 F3000
G1 X-28.220 Y-33.791 E1449.55330 F3000
G1 X-27.493 Y-33.759 E1449.67435 F3000
G1 X-27.419 Y-33.755 E1449.68666 F3000
G1 X-27.346 Y-33.759 E1449.69880 F3000
G1 X-26.618 Y-33.790 E1449.81987 F3000
G1 X-26.051 Y-33.866 E1449.91503 F3000
G1 X-25.827 Y-33.874 E1449.95236 F3000
G1 X-25.520 Y-33.888 E1450.00349 F3000
G1 X-25.137 Y-33.916 E1450.06729 F3000
G1 X-24.860 Y-33.911 E1450.11338 F3000
G1 X-24.246 Y-33.898 E1450.21543 F3000
G1 X-23.965 Y-33.875 E1450.26237 F3000
G1 X-23.193 Y-33.801 E1450.39131 F3000
G1 X-23.135 Y-33.793 E1450.40116 F3000
G1 X-22.904 Y-33.747 E1450.44030 F3000
G1 X-22.332 Y-33.623 E1450.53761 F3000
G1 X-22.233 Y-33.598 E1450.55461 F3000
G1 X-22.125 Y-33.556 E1450.57391 F3000
G1 X-21.344 Y-33.275 E1450.71193 F3000
G1 X-21.171 Y-33.172 E1450.74550 F3000
G1 X-20.574 Y-32.842 E1450.85889 F3000
G1 X-20.205 Y-32.495 E1450.94309 F3000
G1 X-20.013 Y-32.306 E1450.98788 F3000
G1 X-19.811 Y-31.961 E1451.05434 F3000
G1 X-19.635 Y-31.660 E1451.11240 F3000
G1 X-19.504 Y-31.209 E1451.19044 F3000
G1 X-19.413 Y-30.893 E1451.24508 F3000
G1 X-19.340 Y-30.302 E1451.34411 F3000
G1 X-19.303 Y-30.001 E1451.39464 F3000
G1 X-19.293 Y-29.703 E1451.44415 F3000
G1 X-19.264 Y-28.975 E1451.56534 F3000
G1 X-19.262 Y-28.689 E1451.61296 F3000
G1 X-19.252 Y-27.821 E1451.75728 F3000
G1 X-19.229 Y-26.803 E1451.92658 F3000
G1 X-19.224 Y-26.544 E1451.96962 F3000
G1 X-19.183 Y-25.156 E1452.20061 F3000
G1 X-19.175 Y-24.855 E1452.25068 F3000
G1 X-19.163 Y-24.446 E1452.31867 F3000
G1 X-19.096 Y-22.462 E1452.64878 F3000
G1 X-19.081 Y-21.962 E1452.73199 F3000
G1 X-18.981 Y-19.076 E1453.21225 F3000
G1 X-18.831 Y-14.790 E1453.92546 F3000
G1 X-18.820 Y-14.405 E1453.98945 F3000
G1 X-18.643 Y-9.321 E1454.83554 F3000
G1 X-18.638 Y-9.146 E1454.86458 F3000
G1 X-18.633 Y-8.987 E1454.89109 F3000
G1 X-18.517 Y-5.651 E1455.44617 F3000
G1 X-18.461 Y-3.995 E1455.72181 F3000
G1 X-18.459 Y-3.923 E1455.73374 F3000
G1 X-18.318 Y0.353 E1456.44526 F3000
G1 X-18.239 Y2.977 E1456.88172 F3000
G1 X-18.231 Y3.201 E1456.91903 F3000
G1 X-18.164 Y4.738 E1457.17495 F3000
G1 X-18.156 Y4.888 E1457.19988 F3000
G1 X-18.145 Y4.962 E1457.21235 F3000
G1 X-18.048 Y5.754 E1457.34507 F3000
G1 X-18.032 Y5.783 E1457.35049 F3000
G1 X-17.866 Y6.131 E1457.41467 F3000
G1 X-17.594 Y6.336 E1457.47132 F3000
G1 X-17.569 Y6.351 E1457.47612 F3000
G1 X-17.100 Y6.449 E1457.55589 F3000
G1 X-17.053 Y6.457 E1457.56370 F3000
G1 X-16.979 Y6.460 E1457.57614 F3000
G1 X-16.217 Y6.492 E1457.70287 F3000
G1 X-16.105 Y6.492 E1457.72153 F3000
G1 X-14.943 Y6.492 E1457.91473 F3000
G1 X-13.265 Y6.492 E1458.19377 F3000
G1 X-13.113 Y6.492 E1458.21908 F3000
G1 X-11.121 Y6.492 E1458.55035 F3000
G1 X-10.944 Y6.492 E1458.57985 F3000
G1 X-10.757 Y6.492 E1458.61090 F3000
G1 X-8.652 Y6.492 E1458.96097 F3000
G1 X-8.474 Y6.492 E1458.99063 F3000
G1 X-6.455 Y6.492 E1459.32639 F3000
G1 X-4.722 Y6.492 E1459.61457 F3000
G1 X-4.569 Y6.492 E1459.64004 F3000
G1 X-3.050 Y6.492 E1459.89255 F3000
G1 X-2.916 Y6.492 E1459.91486 F3000
G1 X-2.795 Y6.492 E1459.93507 F3000
G1 X-1.419 Y6.492 E1460.16381 F3000
G1 X-1.304 Y6.492 E1460.18296 F3000
G1 X0.000 Y6.492 E1460.39981 F3000
G1 X1.304 Y6.492 E1460.61665 F3000
G1 X1.419 Y6.492 E1460.63581 F3000
G1 X2.795 Y6.492 E1460.86454 F3000
G1 X2.916 Y6.492 E1460.88475 F3000
G1 X3.050 Y6.492 E1460.90706 F3000
G1 X4.569 Y6.492 E1461.15958 F3000
G1 X4.722 Y6.492 E1461.18504 F3000
G1 X6.455 Y6.492 E1461.47323 F3000
G1 X8.474 Y6.492 E1461.80898 F3000
G1 X8.652 Y6.492 E1461.83864 F3000
G1 X10.757 Y6.492 E1462.18871 F3000
G1 X10.944 Y6.492 E1462.21977 F3000
G1 X11.121 Y6.492 E1462.24926 F3000
G1 X13.113 Y6.492 E1462.58053 F3000
G1 X13.265 Y6.492 E1462.60584 F3000
G1 X14.943 Y6.492 E1462.88488 F3000
G1 X16.105 Y6.492 E1463.07809 F3000
G1 X16.217 Y6.492 E1463.09675 F3000
G1 X16.979 Y6.460 E1463.22347 F3000
G1 X17.053 Y6.457 E1463.23591 F3000
G1 X17.100 Y6.449 E1463.24372 F3000
G1 X17.569 Y6.351 E1463.32350 F3000
G1 X17.594 Y6.336 E1463.32830 F3000
G1 X17.866 Y6.131 E1463.38495 F3000
G1 X18.032 Y5.783 E1463.44913 F3000
G1 X18.048 Y5.754 E1463.45454 F3000
G1 X18.145 Y4.962 E1463.58726 F3000
G1 X18.156 Y4.888 E1463.59974 F3000
G1 X18.164 Y4.738 E1463.62466 F3000
G1 X18.231 Y3.201 E1463.88058 F3000
G1 X18.239 Y2.977 E1463.91790 F3000
G1 X18.318 Y0.353 E1464.35436 F3000
G1 X18.459 Y-3.923 E1465.06587 F3000
G1 X18.461 Y-3.995 E1465.07781 F3000
G1 X18.517 Y-5.651 E1465.35344 F3000
G1 X18.633 Y-8.987 E1465.90852 F3000
G1 X18.638 Y-9.146 E1465.93504 F3000
G1 X18.643 Y-9.321 E1465.96408 F3000
G1 X18.820 Y-14.405 E1466.81017 F3000
G1 X18.831 Y-14.790 E1466.87415 F3000
G1 X18.981 Y-19.076 E1467.58736 F3000
G1 X19.081 Y-21.962 E1468.06763 F3000
G1 X19.096 Y-22.462 E1468.15084 F3000
; LAYER:34
; Z:34.500
G0 Z34.500 F600
G0 X19.289 Y-24.866 F9000
G1 X19.260 Y-24.072 E1468.28305 F3000
G1 X19.207 Y-22.473 E1468.54917 F3000
G1 X19.161 Y-21.245 E1468.75355 F3000
G1 X19.088 Y-19.085 E1469.11289 F3000
G1 X18.994 Y-16.319 E1469.57309 F3000
G1 X18.921 Y-14.412 E1469.89042 F3000
G1 X18.825 Y-11.559 E1470.36522 F3000
G1 X18.733 Y-9.151 E1470.76593 F3000
G1 X18.633 Y-6.477 E1471.21098 F3000
G1 X18.550 Y-3.998 E1471.62352 F3000
G1 X18.459 Y-1.512 E1472.03723 F3000
G1 X18.398 Y0.352 E1472.34728 F3000
G1 X18.363 Y1.495 E1472.53746 F3000
G1 X18.306 Y3.200 E1472.82124 F3000
G1 X18.278 Y3.841 E1472.92784 F3000
G1 X18.224 Y4.891 E1473.10267 F3000
G1 X18.145 Y5.411 E1473.19015 F3000
G1 X18.101 Y5.765 E1473.24947 F3000
G1 X17.979 Y5.984 E1473.29119 F3000
G1 X17.901 Y6.146 E1473.32116 F3000
G1 X17.774 Y6.242 E1473.34761 F3000
G1 X17.582 Y6.362 E1473.38527 F3000
G1 X17.371 Y6.406 E1473.42104 F3000
G1 X17.047 Y6.460 E1473.47571 F3000
G1 X16.524 Y6.479 E1473.56279 F3000
G1 X16.208 Y6.492 E1473.61533 F3000
G1 X15.428 Y6.492 E1473.74501 F3000
G1 X14.939 Y6.492 E1473.82641 F3000
G1 X14.232 Y6.492 E1473.94398 F3000
G1 X13.111 Y6.492 E1474.13030 F3000
G1 X12.264 Y6.492 E1474.27120 F3000
G1 X10.943 Y6.492 E1474.49084 F3000
G1 X9.553 Y6.492 E1474.72208 F3000
G1 X8.652 Y6.492 E1474.87188 F3000
G1 X7.319 Y6.492 E1475.09362 F3000
G1 X6.455 Y6.492 E1475.23730 F3000
G1 X5.713 Y6.492 E1475.36063 F3000
G1 X4.569 Y6.492 E1475.55095 F3000
G1 X3.919 Y6.492 E1475.65901 F3000
G1 X2.916 Y6.492 E1475.82578 F3000
G1 X2.008 Y6.492 E1475.97684 F3000
G1 X1.419 Y6.492 E1476.07472 F3000
G1 X0.558 Y6.492 E1476.21793 F3000
G1 X0.000 Y6.492 E1476.31072 F3000
G1 X-0.558 Y6.492 E1476.40352 F3000
G1 X-1.419 Y6.492 E1476.54672 F3000
G1 X-2.008 Y6.492 E1476.64461 F3000
G1 X-2.916 Y6.492 E1476.79567 F3000
G1 X-3.919 Y6.492 E1476.96243 F3000
G1 X-4.569 Y6.492 E1477.07049 F3000
G1 X-5.713 Y6.492 E1477.26082 F3000
G1 X-6.455 Y6.492 E1477.38414 F3000
G1 X-7.319 Y6.492 E1477.52782 F3000
G1 X-8.652 Y6.492 E1477.74956 F3000
G1 X-9.553 Y6.492 E1477.89937 F3000
G1 X-10.943 Y6.492 E1478.13061 F3000
G1 X-12.264 Y6.492 E1478.35025 F3000
G1 X-13.111 Y6.492 E1478.49114 F3000
G1 X-14.232 Y6.492 E1478.67746 F3000
G1 X-14.939 Y6.492 E1478.79503 F3000
G1 X-15.428 Y6.492 E1478.87644 F3000
G1 X-16.208 Y6.492 E1479.00612 F3000
G1 X-16.524 Y6.479 E1479.05866 F3000
G1 X-17.047 Y6.460 E1479.14573 F3000
G1 X-17.371 Y6.406 E1479.20040 F3000
G1 X-17.582 Y6.362 E1479.23618 F3000
G1 X-17.774 Y6.242 E1479.27383 F3000
G1 X-17.901 Y6.146 E1479.30028 F3000
G1 X-17.979 Y5.984 E1479.33025 F3000
G1 X-18.101 Y5.765 E1479.37197 F3000
G1 X-18.145 Y5.411 E1479.43130 F3000
G1 X-18.224 Y4.891 E1479.51878 F3000
G1 X-18.278 Y3.841 E1479.69361 F3000
G1 X-18.306 Y3.200 E1479.80021 F3000
G1 X-18.363 Y1.495 E1480.08398 F3000
G1 X-18.398 Y0.352 E1480.27417 F3000
G1 X-18.459 Y-1.512 E1480.58421 F3000
G1 X-18.550 Y-3.998 E1480.99792 F3000
G1 X-18.633 Y-6.477 E1481.41046 F3000
G1 X-18.733 Y-9.151 E1481.85552 F3000
G1 X-18.825 Y-11.559 E1482.25623 F3000
G1 X-18.921 Y-14.412 E1482.73102 F3000
G1 X-18.994 Y-16.319 E1483.04835 F3000
G1 X-19.088 Y-19.085 E1483.50856 F3000
G1 X-19.161 Y-21.245 E1483.86790 F3000
G1 X-19.207 Y-22.473 E1484.07228 F3000
G1 X-19.260 Y-24.072 E1484.33840 F3000
G1 X-19.289 Y-24.866 E1484.47061 F3000
G1 X-19.306 Y-25.400 E1484.55933 F3000
G1 X-19.339 Y-26.557 E1484.75194 F3000
G1 X-19.348 Y-26.934 E1484.81458 F3000
G1 X-19.367 Y-27.836 E1484.96463 F3000
G1 X-19.375 Y-28.702 E1485.10863 F3000
G1 X-19.379 Y-28.993 E1485.15703 F3000
G1 X-19.408 Y-29.800 E1485.29128 F3000
G1 X-19.417 Y-30.015 E1485.32708 F3000
G1 X-19.440 Y-30.196 E1485.35749 F3000
G1 X-19.522 Y-30.892 E1485.47394 F3000
G1 X-19.556 Y-31.008 E1485.49415 F3000
G1 X-19.733 Y-31.642 E1485.60356 F3000
G1 X-19.937 Y-32.007 E1485.67302 F3000
G1 X-20.077 Y-32.247 E1485.71930 F3000
G1 X-20.099 Y-32.284 E1485.72638 F3000
G1 X-20.529 Y-32.709 E1485.82707 F3000
G1 X-20.641 Y-32.814 E1485.85250 F3000
G1 X-20.821 Y-32.913 E1485.88674 F3000
G1 X-21.377 Y-33.246 E1485.99444 F3000
G1 X-21.700 Y-33.362 E1486.05153 F3000
G1 X-22.230 Y-33.571 E1486.14636 F3000
G1 X-22.717 Y-33.694 E1486.22987 F3000
G1 X-23.118 Y-33.780 E1486.29804 F3000
G1 X-23.527 Y-33.836 E1486.36668 F3000
G1 X-23.975 Y-33.885 E1486.44158 F3000
G1 X-24.556 Y-33.898 E1486.53831 F3000
G1 X-24.725 Y-33.902 E1486.56645 F3000
G1 X-25.283 Y-33.851 E1486.65953 F3000
G1 X-25.341 Y-33.845 E1486.66936 F3000
G1 X-25.391 Y-33.832 E1486.67792 F3000
G1 X-25.626 Y-33.772 E1486.71824 F3000
G1 X-25.797 Y-33.734 E1486.74733 F3000
G1 X-25.832 Y-33.726 E1486.75327 F3000
G1 X-26.124 Y-33.617 E1486.80516 F3000
G1 X-26.220 Y-33.581 E1486.82213 F3000
G1 X-26.357 Y-33.513 E1486.84763 F3000
G1 X-26.489 Y-33.449 E1486.87199 F3000
G1 X-26.628 Y-33.384 E1486.89747 F3000
G1 X-26.666 Y-33.367 E1486.90443 F3000
G1 X-26.685 Y-33.369 E1486.90761 F3000
G1 X-26.781 Y-33.376 E1486.92366 F3000
G1 X-26.859 Y-33.455 E1486.94211 F3000
G1 X-26.875 Y-33.573 E1486.96188 F3000
G1 X-26.876 Y-33.581 E1486.96328 F3000
G1 X-26.848 Y-33.678 E1486.98006 F3000
G1 X-26.841 Y-33.729 E1486.98863 F3000
G1 X-26.790 Y-33.886 E1487.01605 F3000
G1 X-26.780 Y-34.028 E1487.03971 F3000
G1 X-26.883 Y-34.142 E1487.06540 F3000
G1 X-27.080 Y-34.195 E1487.09931 F3000
G1 X-27.224 Y-34.241 E1487.12445 F3000
G1 X-27.286 Y-34.254 E1487.13491 F3000
G1 X-27.329 Y-34.258 E1487.14204 F3000
G1 X-27.724 Y-34.294 E1487.20814 F3000
G1 X-28.122 Y-34.283 E1487.27435 F3000
G1 X-28.163 Y-34.283 E1487.28107 F3000
G1 X-28.220 Y-34.274 E1487.29076 F3000
G1 X-28.367 Y-34.233 E1487.31603 F3000
G1 X-28.560 Y-34.183 E1487.34926 F3000
G1 X-28.662 Y-34.060 E1487.37572 F3000
G1 X-28.638 Y-33.924 E1487.39878 F3000
G1 X-28.551 Y-33.743 E1487.43210 F3000
G1 X-28.535 Y-33.711 E1487.43811 F3000
G1 X-28.454 Y-33.584 E1487.46307 F3000
G1 X-28.450 Y-33.574 E1487.46495 F3000
G1 X-28.402 Y-33.456 E1487.48614 F3000
G1 X-28.416 Y-33.399 E1487.49586 F3000
G1 X-28.414 Y-33.378 E1487.49941 F3000
G1 X-28.461 Y-33.369 E1487.50733 F3000
G1 X-28.499 Y-33.383 E1487.51413 F3000
G1 X-28.611 Y-33.449 E1487.53565 F3000
G1 X-28.730 Y-33.511 E1487.55796 F3000
G1 X-28.860 Y-33.581 E1487.58260 F3000
G1 X-28.956 Y-33.618 E1487.59976 F3000
G1 X-29.239 Y-33.726 E1487.65000 F3000
G1 X-29.277 Y-33.734 E1487.65661 F3000
G1 X-29.469 Y-33.778 E1487.68927 F3000
G1 X-29.681 Y-33.833 E1487.72576 F3000
G1 X-29.726 Y-33.845 E1487.73338 F3000
G1 X-29.777 Y-33.850 E1487.74201 F3000
G1 X-30.329 Y-33.901 E1487.83421 F3000
G1 X-30.487 Y-33.897 E1487.86053 F3000
G1 X-31.071 Y-33.884 E1487.95767 F3000
G1 X-31.545 Y-33.831 E1488.03693 F3000
G1 X-31.939 Y-33.775 E1488.10303 F3000
G1 X-32.412 Y-33.678 E1488.18346 F3000
G1 X-32.889 Y-33.561 E1488.26514 F3000
G1 X-33.395 Y-33.385 E1488.35412 F3000
G1 X-33.893 Y-33.232 E1488.44081 F3000
G1 X-34.393 Y-32.964 E1488.53521 F3000
G1 X-34.832 Y-32.750 E1488.61629 F3000
G1 X-35.191 Y-32.433 E1488.69609 F3000
G1 X-35.580 Y-32.072 E1488.78422 F3000
G1 X-35.819 Y-31.667 E1488.86248 F3000
G1 X-36.123 Y-31.140 E1488.96374 F3000
G1 X-36.319 Y-30.386 E1489.09316 F3000
G1 X-36.450 Y-29.891 E1489.17838 F3000
G1 X-36.541 Y-29.010 E1489.32561 F3000
G1 X-36.603 Y-28.423 E1489.42387 F3000
G1 X-36.612 Y-27.796 E1489.52817 F3000
G1 X-36.625 Y-26.833 E1489.68820 F3000
G1 X-36.599 Y-26.211 E1489.79185 F3000
G1 X-36.559 Y-25.239 E1489.95356 F3000
G1 X-36.491 Y-24.315 E1490.10763 F3000
G1 X-36.450 Y-23.756 E1490.20091 F3000
G1 X-36.335 Y-22.673 E1490.38202 F3000
G1 X-36.271 Y-22.066 E1490.48351 F3000
G1 X-36.174 Y-21.300 E1490.61180 F3000
G1 X-35.992 Y-19.853 E1490.85448 F3000
G1 X-35.867 Y-18.902 E1491.01397 F3000
G1 X-35.588 Y-16.798 E1491.36682 F3000
G1 X-35.151 Y-13.493 E1491.92123 F3000
G1 X-35.031 Y-12.586 E1492.07344 F3000
G1 X-34.490 Y-8.457 E1492.76592 F3000
G1 X-34.409 Y-7.840 E1492.86954 F3000
G1 X-34.339 Y-7.298 E1492.96039 F3000
G1 X-33.807 Y-3.183 E1493.65033 F3000
G1 X-33.789 Y-3.038 E1493.67466 F3000
G1 X-33.544 Y-1.075 E1494.00363 F3000
G1 X-33.312 Y0.759 E1494.31109 F3000
G1 X-33.036 Y3.168 E1494.71431 F3000
G1 X-33.013 Y3.363 E1494.74701 F3000
G1 X-32.881 Y4.832 E1494.99230 F3000
G1 X-32.868 Y4.988 E1495.01824 F3000
G1 X-32.866 Y5.081 E1495.03379 F3000
G1 X-32.830 Y5.991 E1495.18518 F3000
G1 X-32.833 Y6.053 E1495.19559 F3000
G1 X-32.848 Y6.728 E1495.30789 F3000
G1 X-32.870 Y7.491 E1495.43475 F3000
G1 X-32.874 Y7.558 E1495.44586 F3000
G1 X-32.895 Y8.339 E1495.57589 F3000
G1 X-32.899 Y8.418 E1495.58892 F3000
G1 X-32.901 Y8.496 E1495.60192 F3000
G1 X-32.917 Y9.245 E1495.72659 F3000
G1 X-32.917 Y9.318 E1495.73862 F3000
G1 X-32.927 Y9.988 E1495.85013 F3000
G1 X-32.931 Y10.533 E1495.94081 F3000
G1 X-32.931 Y10.594 E1495.95085 F3000
G1 X-32.933 Y11.071 E1496.03029 F3000
G1 X-32.932 Y11.125 E1496.03923 F3000
G1 X-32.932 Y11.178 E1496.04796 F3000
G1 X-32.935 Y11.645 E1496.12572 F3000
G1 X-32.936 Y11.702 E1496.13524 F3000
G1 X-32.943 Y12.217 E1496.22080 F3000
G1 X-32.959 Y12.836 E1496.32374 F3000
G1 X-32.960 Y12.903 E1496.33495 F3000
G1 X-32.960 Y13.656 E1496.46015 F3000
G1 X-32.959 Y13.735 E1496.47336 F3000
G1 X-32.954 Y13.831 E1496.48929 F3000
G1 X-32.915 Y14.745 E1496.64151 F3000
G1 X-32.903 Y14.854 E1496.65965 F3000
G1 X-32.800 Y15.965 E1496.84526 F3000
G1 X-32.604 Y17.334 E1497.07513 F3000
G1 X-32.590 Y17.426 E1497.09072 F3000
G1 X-32.344 Y18.936 E1497.34509 F3000
G1 X-32.332 Y19.008 E1497.35722 F3000
G1 X-32.319 Y19.078 E1497.36904 F3000
G1 X-32.073 Y20.590 E1497.62381 F3000
G1 X-32.065 Y20.637 E1497.63176 F3000
G1 X-31.860 Y22.052 E1497.86958 F3000
G1 X-31.747 Y23.218 E1498.06435 F3000
G1 X-31.740 Y23.276 E1498.07401 F3000
G1 X-31.678 Y24.193 E1498.22699 F3000
G1 X-31.672 Y24.266 E1498.23906 F3000
G1 X-31.668 Y24.325 E1498.24889 F3000
G1 X-31.617 Y25.028 E1498.36619 F3000
G1 X-31.608 Y25.087 E1498.37603 F3000
G1 X-31.536 Y25.569 E1498.45710 F3000
G1 X-31.410 Y25.846 E1498.50770 F3000
G1 X-31.388 Y25.893 E1498.51634 F3000
G1 X-31.106 Y26.030 E1498.56855 F3000
G1 X-31.054 Y26.055 E1498.57812 F3000
G1 X-30.954 Y26.064 E1498.59485 F3000
G1 X-30.412 Y26.109 E1498.68528 F3000
G1 X-30.243 Y26.109 E1498.71345 F3000
G1 X-29.341 Y26.109 E1498.86341 F3000
G1 X-27.976 Y26.109 E1499.09043 F3000
G1 X-27.720 Y26.109 E1499.13303 F3000
G1 X-26.075 Y26.109 E1499.40653 F3000
G1 X-25.767 Y26.109 E1499.45779 F3000
G1 X-25.441 Y26.109 E1499.51196 F3000
G1 X-23.701 Y26.109 E1499.80133 F3000
G1 X-23.392 Y26.109 E1499.85267 F3000
G1 X-21.741 Y26.109 E1500.12728 F3000
G1 X-20.363 Y26.109 E1500.35651 F3000
G1 X-20.105 Y26.109 E1500.39930 F3000
G1 X-18.852 Y26.109 E1500.60775 F3000
G1 X-18.618 Y26.109 E1500.64661 F3000
G1 X-18.380 Y26.109 E1500.68616 F3000
G1 X-17.104 Y26.109 E1500.89845 F3000
G1 X-16.834 Y26.109 E1500.94326 F3000
G1 X-15.387 Y26.109 E1501.18404 F3000
G1 X-13.619 Y26.109 E1501.47797 F3000
G1 X-13.290 Y26.109 E1501.53263 F3000
G1 X-11.349 Y26.109 E1501.85549 F3000
G1 X-10.988 Y26.109 E1501.91551 F3000
G1 X-10.622 Y26.109 E1501.97640 F3000
G1 X-8.652 Y26.109 E1502.30400 F3000
G1 X-8.308 Y26.109 E1502.36127 F3000
G1 X-6.455 Y26.109 E1502.66942 F3000
G1 X-4.864 Y26.109 E1502.93391 F3000
G1 X-4.569 Y26.109 E1502.98307 F3000
G1 X-3.175 Y26.109 E1503.21482 F3000
G1 X-2.916 Y26.109 E1503.25790 F3000
G1 X-2.681 Y26.109 E1503.29691 F3000
G1 X-1.419 Y26.109 E1503.50684 F3000
G1 X-1.197 Y26.109 E1503.54383 F3000
G1 X0.000 Y26.109 E1503.74284 F3000
G1 X1.197 Y26.109 E1503.94186 F3000
G1 X1.419 Y26.109 E1503.97884 F3000
G1 X2.681 Y26.109 E1504.18877 F3000
G1 X2.916 Y26.109 E1504.22779 F3000
G1 X3.175 Y26.109 E1504.27086 F3000
G1 X4.569 Y26.109 E1504.50261 F3000
G1 X4.864 Y26.109 E1504.55177 F3000
G1 X6.455 Y26.109 E1504.81627 F3000
G1 X8.308 Y26.109 E1505.12441 F3000
G1 X8.652 Y26.109 E1505.18168 F3000
G1 X10.622 Y26.109 E1505.50929 F3000
G1 X10.988 Y26.109 E1505.57018 F3000
G1 X11.349 Y26.109 E1505.63019 F3000
G1 X13.290 Y26.109 E1505.95306 F3000
G1 X13.619 Y26.109 E1506.00772 F3000
G1 X15.387 Y26.109 E1506.30164 F3000
G1 X16.834 Y26.109 E1506.54243 F3000
G1 X17.104 Y26.109 E1506.58724 F3000
G1 X18.380 Y26.109 E1506.79953 F3000
G1 X18.618 Y26.109 E1506.83907 F3000
G1 X18.852 Y26.109 E1506.87794 F3000
G1 X20.105 Y26.109 E1507.08638 F3000
G1 X20.363 Y26.109 E1507.12918 F3000
G1 X21.741 Y26.109 E1507.35840 F3000
G1 X23.392 Y26.109 E1507.63301 F3000
G1 X23.701 Y26.109 E1507.68436 F3000
G1 X25.441 Y26.109 E1507.97372 F3000
G1 X25.767 Y26.109 E1508.02790 F3000
G1 X26.075 Y26.109 E1508.07915 F3000
G1 X27.720 Y26.109 E1508.35265 F3000
G1 X27.976 Y26.109 E1508.39525 F3000
G1 X29.341 Y26.109 E1508.62228 F3000
G1 X30.243 Y26.109 E1508.77224 F3000
G1 X30.412 Y26.109 E1508.80041 F3000
G1 X30.954 Y26.064 E1508.89084 F3000
G1 X31.054 Y26.055 E1508.90757 F3000
G1 X31.106 Y26.030 E1508.91713 F3000
G1 X31.388 Y25.893 E1508.96934 F3000
G1 X31.410 Y25.846 E1508.97799 F3000
G1 X31.536 Y25.569 E1509.02858 F3000
G1 X31.608 Y25.087 E1509.10965 F3000
G1 X31.617 Y25.028 E1509.11949 F3000
G1 X31.668 Y24.325 E1509.23680 F3000
G1 X31.672 Y24.266 E1509.24663 F3000
G1 X31.678 Y24.193 E1509.25869 F3000
G1 X31.740 Y23.276 E1509.41167 F3000
G1 X31.747 Y23.218 E1509.42134 F3000
G1 X31.860 Y22.052 E1509.61610 F3000
G1 X32.065 Y20.637 E1509.85392 F3000
G1 X32.073 Y20.590 E1509.86188 F3000
G1 X32.319 Y19.078 E1510.11665 F3000
G1 X32.332 Y19.008 E1510.12846 F3000
G1 X32.344 Y18.936 E1510.14060 F3000
G1 X32.590 Y17.426 E1510.39497 F3000
G1 X32.604 Y17.334 E1510.41055 F3000
G1 X32.800 Y15.965 E1510.64043 F3000
G1 X32.903 Y14.854 E1510.82604 F3000
G1 X32.915 Y14.745 E1510.84417 F3000
G1 X32.954 Y13.831 E1510.99639 F3000
G1 X32.959 Y13.735 E1511.01233 F3000
G1 X32.960 Y13.656 E1511.02553 F3000
G1 X32.960 Y12.903 E1511.15074 F3000
G1 X32.959 Y12.836 E1511.16195 F3000
G1 X32.943 Y12.217 E1511.26488 F3000
G1 X32.936 Y11.702 E1511.35044 F3000
G1 X32.935 Y11.645 E1511.35996 F3000
G1 X32.932 Y11.178 E1511.43773 F3000
G1 X32.932 Y11.125 E1511.44646 F3000
G1 X32.933 Y11.071 E1511.45540 F3000
G1 X32.931 Y10.594 E1511.53483 F3000
G1 X32.931 Y10.533 E1511.54487 F3000
G1 X32.927 Y9.988 E1511.63555 F3000
G1 X32.917 Y9.318 E1511.74706 F3000
G1 X32.917 Y9.245 E1511.75909 F3000
G1 X32.901 Y8.496 E1511.88377 F3000
G1 X32.899 Y8.418 E1511.89677 F3000
G1 X32.895 Y8.339 E1511.90979 F3000
G1 X32.874 Y7.558 E1512.03982 F3000
G1 X32.870 Y7.491 E1512.05094 F3000
G1 X32.848 Y6.728 E1512.17780 F3000
G1 X32.833 Y6.053 E1512.29010 F3000
G1 X32.830 Y5.991 E1512.30050 F3000
G1 X32.866 Y5.081 E1512.45189 F3000
G1 X32.868 Y4.988 E1512.46744 F3000
G1 X32.881 Y4.832 E1512.49338 F3000
G1 X33.013 Y3.363 E1512.73867 F3000
G1 X33.036 Y3.168 E1512.77137 F3000
G1 X33.312 Y0.759 E1513.17459 F3000
G1 X33.544 Y-1.075 E1513.48205 F3000
G1 X33.789 Y-3.038 E1513.81102 F3000
G1 X33.807 Y-3.183 E1513.83535 F3000
G1 X34.339 Y-7.298 E1514.52529 F3000
G1 X34.409 Y-7.840 E1514.61614 F3000
G1 X34.490 Y-8.457 E1514.71976 F3000
G1 X35.031 Y-12.586 E1515.41224 F3000
G1 X35.151 Y-13.493 E1515.56445 F3000
G1 X35.588 Y-16.798 E1516.11886 F3000
G1 X35.867 Y-18.902 E1516.47171 F3000
G1 X35.992 Y-19.853 E1516.63120 F3000
G1 X36.174 Y-21.300 E1516.87389 F3000
G1 X36.271 Y-22.066 E1517.00218 F3000
G1 X36.335 Y-22.673 E1517.10366 F3000
G1 X36.450 Y-23.756 E1517.28477 F3000
G1 X36.491 Y-24.315 E1517.37805 F3000
G1 X36.559 Y-25.239 E1517.53213 F3000
G1 X36.599 Y-26.211 E1517.69383 F3000
G1 X36.625 Y-26.833 E1517.79749 F3000
G1 X36.612 Y-27.796 E1517.95752 F3000
G1 X36.603 Y-28.423 E1518.06182 F3000
G1 X36.541 Y-29.010 E1518.16008 F3000
G1 X36.450 Y-29.891 E1518.30731 F3000
G1 X36.319 Y-30.386 E1518.39253 F3000
G1 X36.123 Y-31.140 E1518.52194 F3000
G1 X35.819 Y-31.667 E1518.62320 F3000
G1 X35.580 Y-32.072 E1518.70147 F3000
G1 X35.191 Y-32.433 E1518.78960 F3000
G1 X34.832 Y-32.750 E1518.86939 F3000
G1 X34.393 Y-32.964 E1518.95047 F3000
G1 X33.893 Y-33.232 E1519.04488 F3000
G1 X33.395 Y-33.385 E1519.13156 F3000
G1 X32.889 Y-33.561 E1519.22055 F3000
G1 X32.412 Y-33.678 E1519.30222 F3000
G1 X31.939 Y-33.775 E1519.38266 F3000
G1 X31.545 Y-33.831 E1519.44875 F3000
G1 X31.071 Y-33.884 E1519.52802 F3000
G1 X30.487 Y-33.897 E1519.62516 F3000
G1 X30.329 Y-33.901 E1519.65148 F3000
G1 X29.777 Y-33.850 E1519.74367 F3000
G1 X29.726 Y-33.845 E1519.75230 F3000
G1 X29.681 Y-33.833 E1519.75993 F3000
G1 X29.469 Y-33.778 E1519.79642 F3000
G1 X29.277 Y-33.734 E1519.82908 F3000
G1 X29.239 Y-33.726 E1519.83568 F3000
G1 X28.956 Y-33.618 E1519.88593 F3000
G1 X28.860 Y-33.581 E1519.90308 F3000
G1 X28.730 Y-33.511 E1519.92772 F3000
G1 X28.611 Y-33.449 E1519.95003 F3000
G1 X28.499 Y-33.383 E1519.97155 F3000
G1 X28.470 Y-33.367 E1519.97706 F3000
G1 X28.414 Y-33.376 E1519.98652 F3000
G1 X28.414 Y-33.378 E1519.98678 F3000
G1 X28.402 Y-33.456 E1519.99990 F3000
G1 X28.450 Y-33.574 E1520.02109 F3000
G1 X28.454 Y-33.584 E1520.02298 F3000
G1 X28.535 Y-33.711 E1520.04793 F3000
G1 X28.549 Y-33.739 E1520.05324 F3000
G1 X28.635 Y-33.906 E1520.08434 F3000
G1 X28.662 Y-34.060 E1520.11046 F3000
G1 X28.569 Y-34.176 E1520.13506 F3000
G1 X28.562 Y-34.182 E1520.13660 F3000
G1 X28.367 Y-34.233 E1520.17015 F3000
G1 X28.220 Y-34.274 E1520.19542 F3000
G1 X28.163 Y-34.283 E1520.20512 F3000
G1 X28.122 Y-34.283 E1520.21184 F3000
G1 X27.724 Y-34.294 E1520.27805 F3000
G1 X27.329 Y-34.258 E1520.34415 F3000
G1 X27.286 Y-34.254 E1520.35127 F3000
G1 X27.224 Y-34.241 E1520.36173 F3000
G1 X27.080 Y-34.195 E1520.38687 F3000
G1 X26.884 Y-34.143 E1520.42076 F3000
G1 X26.780 Y-34.028 E1520.44647 F3000
G1 X26.789 Y-33.903 E1520.46724 F3000
G1 X26.840 Y-33.736 E1520.49638 F3000
G1 X26.848 Y-33.678 E1520.50604 F3000
G1 X26.876 Y-33.581 E1520.52283 F3000
G1 X26.875 Y-33.573 E1520.52423 F3000
G1 X26.859 Y-33.455 E1520.54400 F3000
G1 X26.808 Y-33.410 E1520.55542 F3000
G1 X26.783 Y-33.379 E1520.56203 F3000
G1 X26.685 Y-33.369 E1520.57842 F3000
G1 X26.666 Y-33.367 E1520.58160 F3000
G1 X26.628 Y-33.384 E1520.58856 F3000
G1 X26.489 Y-33.449 E1520.61404 F3000
G1 X26.357 Y-33.513 E1520.63841 F3000
G1 X26.220 Y-33.581 E1520.66390 F3000
G1 X26.124 Y-33.617 E1520.68087 F3000
G1 X25.832 Y-33.726 E1520.73276 F3000
G1 X25.797 Y-33.734 E1520.73870 F3000
G1 X25.626 Y-33.772 E1520.76779 F3000
G1 X25.391 Y-33.832 E1520.80811 F3000
G1 X25.341 Y-33.845 E1520.81667 F3000
G1 X25.283 Y-33.851 E1520.82651 F3000
G1 X24.725 Y-33.902 E1520.91958 F3000
G1 X24.556 Y-33.898 E1520.94772 F3000
G1 X23.975 Y-33.885 E1521.04445 F3000
G1 X23.527 Y-33.836 E1521.11935 F3000
G1 X23.118 Y-33.780 E1521.18799 F3000
G1 X22.717 Y-33.694 E1521.25616 F3000
G1 X22.230 Y-33.571 E1521.33967 F3000
G1 X21.700 Y-33.362 E1521.43450 F3000
G1 X21.377 Y-33.246 E1521.49159 F3000
G1 X20.821 Y-32.913 E1521.59929 F3000
G1 X20.641 Y-32.814 E1521.63353 F3000
G1 X20.529 Y-32.709 E1521.65896 F3000
G1 X20.099 Y-32.284 E1521.75965 F3000
G1 X20.077 Y-32.247 E1521.76673 F3000
G1 X19.937 Y-32.007 E1521.81301 F3000
G1 X19.733 Y-31.642 E1521.88247 F3000
G1 X19.556 Y-31.008 E1521.99188 F3000
G1 X19.522 Y-30.892 E1522.01209 F3000
G1 X19.440 Y-30.196 E1522.12854 F3000
G1 X19.417 Y-30.015 E1522.15895 F3000
G1 X19.408 Y-29.800 E1522.19475 F3000
G1 X19.379 Y-28.993 E1522.32900 F3000
G1 X19.375 Y-28.702 E1522.37740 F3000
G1 X19.367 Y-27.836 E1522.52140 F3000
G1 X19.348 Y-26.934 E1522.67146 F3000
G1 X19.339 Y-26.557 E1522.73410 F3000
G1 X19.306 Y-25.400 E1522.92670 F3000
G1 X19.289 Y-24.866 E1523.01542 F3000
; LAYER:35
; Z:35.500
G0 Z35.500 F600
G0 X19.417 Y-24.877 F9000
G1 X19.343 Y-22.853 E1523.35232 F3000
G1 X19.331 Y-22.482 E1523.41399 F3000
G1 X19.219 Y-19.485 E1523.91272 F3000
G1 X19.205 Y-19.093 E1523.97794 F3000
G1 X19.188 Y-18.591 E1524.06147 F3000
G1 X19.030 Y-14.419 E1524.75580 F3000
G1 X19.020 Y-14.133 E1524.80346 F3000
G1 X18.851 Y-9.652 E1525.54918 F3000
G1 X18.834 Y-9.190 E1525.62612 F3000
G1 X18.833 Y-9.156 E1525.63166 F3000
G1 X18.831 Y-9.117 E1525.63814 F3000
G1 X18.649 Y-4.001 E1526.48953 F3000
G1 X18.636 Y-3.631 E1526.55108 F3000
G1 X18.498 Y0.350 E1527.21354 F3000
G1 X18.423 Y2.717 E1527.60742 F3000
G1 X18.407 Y3.200 E1527.68767 F3000
G1 X18.334 Y4.597 E1527.92033 F3000
G1 X18.317 Y4.893 E1527.96967 F3000
G1 X18.292 Y5.034 E1527.99348 F3000
G1 X18.173 Y5.775 E1528.11826 F3000
G1 X18.140 Y5.816 E1528.12692 F3000
G1 X17.942 Y6.164 E1528.19363 F3000
G1 X17.638 Y6.358 E1528.25368 F3000
G1 X17.590 Y6.374 E1528.26206 F3000
G1 X17.123 Y6.453 E1528.34070 F3000
G1 X17.035 Y6.463 E1528.35547 F3000
G1 X16.895 Y6.467 E1528.37887 F3000
G1 X16.195 Y6.492 E1528.49524 F3000
G1 X15.982 Y6.492 E1528.53064 F3000
G1 X14.933 Y6.492 E1528.70524 F3000
G1 X13.390 Y6.492 E1528.96178 F3000
G1 X13.109 Y6.492 E1529.00851 F3000
G1 X11.265 Y6.492 E1529.31512 F3000
G1 X10.943 Y6.492 E1529.36874 F3000
G1 X10.605 Y6.492 E1529.42487 F3000
G1 X8.652 Y6.492 E1529.74969 F3000
G1 X8.330 Y6.492 E1529.80320 F3000
G1 X6.455 Y6.492 E1530.11511 F3000
G1 X4.845 Y6.492 E1530.38283 F3000
G1 X4.569 Y6.492 E1530.42876 F3000
G1 X3.158 Y6.492 E1530.66334 F3000
G1 X2.916 Y6.492 E1530.70358 F3000
G1 X2.697 Y6.492 E1530.74004 F3000
G1 X1.419 Y6.492 E1530.95253 F3000
G1 X1.211 Y6.492 E1530.98709 F3000
G1 X0.000 Y6.492 E1531.18853 F3000
G1 X-1.211 Y6.492 E1531.38997 F3000
G1 X-1.419 Y6.492 E1531.42453 F3000
G1 X-2.697 Y6.492 E1531.63702 F3000
G1 X-2.916 Y6.492 E1531.67347 F3000
G1 X-3.158 Y6.492 E1531.71372 F3000
G1 X-4.569 Y6.492 E1531.94830 F3000
G1 X-4.845 Y6.492 E1531.99423 F3000
G1 X-6.455 Y6.492 E1532.26195 F3000
G1 X-8.330 Y6.492 E1532.57386 F3000
G1 X-8.652 Y6.492 E1532.62737 F3000
G1 X-10.605 Y6.492 E1532.95219 F3000
G1 X-10.943 Y6.492 E1533.00831 F3000
G1 X-11.265 Y6.492 E1533.06193 F3000
G1 X-13.109 Y6.492 E1533.36855 F3000
G1 X-13.390 Y6.492 E1533.41528 F3000
G1 X-14.933 Y6.492 E1533.67181 F3000
G1 X-15.982 Y6.492 E1533.84642 F3000
G1 X-16.195 Y6.492 E1533.88181 F3000
G1 X-16.895 Y6.467 E1533.99818 F3000
G1 X-17.035 Y6.463 E1534.02159 F3000
G1 X-17.123 Y6.453 E1534.03636 F3000
G1 X-17.590 Y6.374 E1534.11499 F3000
G1 X-17.638 Y6.358 E1534.12337 F3000
G1 X-17.942 Y6.164 E1534.18343 F3000
G1 X-18.140 Y5.816 E1534.25014 F3000
G1 X-18.173 Y5.775 E1534.25880 F3000
G1 X-18.292 Y5.034 E1534.38358 F3000
G1 X-18.317 Y4.893 E1534.40739 F3000
G1 X-18.334 Y4.597 E1534.45672 F3000
G1 X-18.407 Y3.200 E1534.68939 F3000
G1 X-18.423 Y2.717 E1534.76964 F3000
G1 X-18.498 Y0.350 E1535.16352 F3000
G1 X-18.636 Y-3.631 E1535.82598 F3000
G1 X-18.649 Y-4.001 E1535.88753 F3000
G1 X-18.831 Y-9.117 E1536.73891 F3000
G1 X-18.833 Y-9.156 E1536.74539 F3000
G1 X-18.834 Y-9.190 E1536.75094 F3000
G1 X-18.851 Y-9.652 E1536.82788 F3000
G1 X-19.020 Y-14.133 E1537.57360 F3000
G1 X-19.030 Y-14.419 E1537.62126 F3000
G1 X-19.188 Y-18.591 E1538.31559 F3000
G1 X-19.205 Y-19.093 E1538.39911 F3000
G1 X-19.219 Y-19.485 E1538.46434 F3000
G1 X-19.331 Y-22.482 E1538.96306 F3000
G1 X-19.343 Y-22.853 E1539.02474 F3000
G1 X-19.417 Y-24.877 E1539.36163 F3000
G1 X-19.461 Y-26.236 E1539.58771 F3000
G1 X-19.471 Y-26.570 E1539.64332 F3000
G1 X-19.495 Y-27.573 E1539.81017 F3000
G1 X-19.501 Y-27.852 E1539.85659 F3000
G1 X-19.504 Y-28.120 E1539.90113 F3000
G1 X-19.516 Y-29.015 E1540.04990 F3000
G1 X-19.525 Y-29.282 E1540.09435 F3000
G1 X-19.555 Y-30.033 E1540.21935 F3000
G1 X-19.635 Y-30.666 E1540.32553 F3000
G1 X-19.661 Y-30.883 E1540.36176 F3000
G1 X-19.802 Y-31.376 E1540.44707 F3000
G1 X-19.862 Y-31.591 E1540.48425 F3000
G1 X-19.995 Y-31.829 E1540.52958 F3000
G1 X-20.200 Y-32.207 E1540.60104 F3000
G1 X-20.523 Y-32.541 E1540.67829 F3000
G1 X-20.724 Y-32.747 E1540.72624 F3000
G1 X-20.905 Y-32.859 E1540.76154 F3000
G1 X-21.437 Y-33.201 E1540.86667 F3000
G1 X-21.548 Y-33.249 E1540.88689 F3000
G1 X-22.245 Y-33.540 E1541.01254 F3000
G1 X-23.071 Y-33.752 E1541.15429 F3000
G1 X-23.093 Y-33.758 E1541.15814 F3000
G1 X-23.891 Y-33.864 E1541.29189 F3000
G1 X-23.928 Y-33.871 E1541.29826 F3000
G1 X-23.986 Y-33.872 E1541.30792 F3000
G1 X-24.689 Y-33.887 E1541.42478 F3000
G1 X-24.807 Y-33.875 E1541.44452 F3000
G1 X-25.330 Y-33.824 E1541.53183 F3000
G1 X-25.673 Y-33.737 E1541.59085 F3000
G1 X-25.806 Y-33.702 E1541.61354 F3000
G1 X-26.020 Y-33.611 E1541.65224 F3000
G1 X-26.143 Y-33.559 E1541.67454 F3000
G1 X-26.255 Y-33.497 E1541.69584 F3000
G1 X-26.371 Y-33.433 E1541.71781 F3000
G1 X-26.442 Y-33.397 E1541.73107 F3000
G1 X-26.516 Y-33.358 E1541.74494 F3000
G1 X-26.568 Y-33.366 E1541.75364 F3000
G1 X-26.607 Y-33.373 E1541.76034 F3000
G1 X-26.635 Y-33.421 E1541.76964 F3000
G1 X-26.653 Y-33.454 E1541.77591 F3000
G1 X-26.656 Y-33.500 E1541.78355 F3000
G1 X-26.661 Y-33.582 E1541.79717 F3000
G1 X-26.655 Y-33.629 E1541.80509 F3000
G1 X-26.640 Y-33.734 E1541.82272 F3000
G1 X-26.609 Y-33.844 E1541.84180 F3000
G1 X-26.597 Y-33.889 E1541.84950 F3000
G1 X-26.591 Y-33.996 E1541.86734 F3000
G1 X-26.589 Y-34.037 E1541.87413 F3000
G1 X-26.616 Y-34.075 E1541.88195 F3000
G1 X-26.676 Y-34.167 E1541.90009 F3000
G1 X-26.749 Y-34.202 E1541.91366 F3000
G1 X-26.903 Y-34.275 E1541.94198 F3000
G1 X-27.184 Y-34.329 E1541.98946 F3000
G1 X-27.319 Y-34.358 E1542.01252 F3000
G1 X-27.680 Y-34.390 E1542.07268 F3000
G1 X-27.833 Y-34.405 E1542.09833 F3000
G1 X-27.986 Y-34.407 E1542.12378 F3000
G1 X-28.347 Y-34.410 E1542.18381 F3000
G1 X-28.481 Y-34.395 E1542.20621 F3000
G1 X-28.764 Y-34.365 E1542.25349 F3000
G1 X-28.920 Y-34.296 E1542.28191 F3000
G1 X-28.992 Y-34.265 E1542.29488 F3000
G1 X-29.048 Y-34.162 E1542.31446 F3000
G1 X-29.072 Y-34.121 E1542.32236 F3000
G1 X-29.066 Y-34.074 E1542.33029 F3000
G1 X-29.048 Y-33.946 E1542.35178 F3000
G1 X-29.027 Y-33.894 E1542.36116 F3000
G1 X-28.971 Y-33.762 E1542.38491 F3000
G1 X-28.916 Y-33.645 E1542.40647 F3000
G1 X-28.893 Y-33.593 E1542.41594 F3000
G1 X-28.854 Y-33.505 E1542.43194 F3000
G1 X-28.833 Y-33.457 E1542.44069 F3000
G1 X-28.824 Y-33.423 E1542.44646 F3000
G1 X-28.811 Y-33.372 E1542.45520 F3000
G1 X-28.827 Y-33.366 E1542.45807 F3000
G1 X-28.907 Y-33.397 E1542.47243 F3000
G1 X-28.964 Y-33.432 E1542.48347 F3000
G1 X-29.073 Y-33.498 E1542.50473 F3000
G1 X-29.177 Y-33.559 E1542.52476 F3000
G1 X-29.296 Y-33.610 E1542.54624 F3000
G1 X-29.508 Y-33.702 E1542.58469 F3000
G1 X-29.634 Y-33.735 E1542.60635 F3000
G1 X-29.975 Y-33.824 E1542.66505 F3000
G1 X-30.492 Y-33.875 E1542.75140 F3000
G1 X-30.599 Y-33.887 E1542.76925 F3000
G1 X-31.315 Y-33.869 E1542.88833 F3000
G1 X-31.354 Y-33.867 E1542.89484 F3000
G1 X-31.379 Y-33.862 E1542.89916 F3000
G1 X-32.004 Y-33.776 E1543.00402 F3000
G1 X-32.207 Y-33.747 E1543.03819 F3000
G1 X-33.128 Y-33.521 E1543.19579 F3000
G1 X-34.095 Y-33.186 E1543.36603 F3000
G1 X-34.143 Y-33.160 E1543.37506 F3000
G1 X-34.958 Y-32.710 E1543.52992 F3000
G1 X-34.996 Y-32.687 E1543.53729 F3000
G1 X-35.035 Y-32.649 E1543.54629 F3000
G1 X-35.718 Y-31.998 E1543.70319 F3000
G1 X-35.786 Y-31.873 E1543.72693 F3000
G1 X-36.236 Y-31.076 E1543.87911 F3000
G1 X-36.490 Y-30.096 E1544.04747 F3000
G1 X-36.551 Y-29.865 E1544.08731 F3000
G1 X-36.673 Y-28.691 E1544.28349 F3000
G1 X-36.702 Y-28.426 E1544.32792 F3000
G1 X-36.705 Y-28.148 E1544.37406 F3000
G1 X-36.722 Y-26.842 E1544.59132 F3000
G1 X-36.711 Y-26.553 E1544.63935 F3000
G1 X-36.656 Y-25.243 E1544.85738 F3000
G1 X-36.568 Y-24.052 E1545.05606 F3000
G1 X-36.546 Y-23.757 E1545.10518 F3000
G1 X-36.403 Y-22.438 E1545.32594 F3000
G1 X-36.363 Y-22.066 E1545.38804 F3000
G1 X-36.296 Y-21.540 E1545.47623 F3000
G1 X-36.081 Y-19.853 E1545.75918 F3000
G1 X-35.964 Y-18.980 E1545.90563 F3000
G1 X-35.672 Y-16.798 E1546.27165 F3000
G1 X-35.316 Y-14.150 E1546.71603 F3000
G1 X-35.107 Y-12.586 E1546.97844 F3000
G1 X-34.763 Y-10.004 E1547.41162 F3000
G1 X-34.475 Y-7.840 E1547.77473 F3000
G1 X-34.124 Y-5.158 E1548.22449 F3000
G1 X-33.865 Y-3.183 E1548.55570 F3000
G1 X-33.527 Y-0.508 E1549.00405 F3000
G1 X-33.366 Y0.759 E1549.21654 F3000
G1 X-33.281 Y1.502 E1549.34092 F3000
G1 X-33.067 Y3.363 E1549.65246 F3000
G1 X-33.032 Y3.750 E1549.71703 F3000
G1 X-32.926 Y4.991 E1549.92412 F3000
G1 X-32.910 Y5.737 E1550.04824 F3000
G1 X-32.900 Y6.002 E1550.09237 F3000
G1 X-32.929 Y6.534 E1550.18103 F3000
G1 X-32.934 Y6.752 E1550.21725 F3000
G1 X-32.941 Y6.998 E1550.25817 F3000
G1 X-32.978 Y7.599 E1550.35828 F3000
G1 X-32.984 Y7.839 E1550.39824 F3000
G1 X-33.018 Y8.475 E1550.50419 F3000
G1 X-33.033 Y9.111 E1550.60989 F3000
G1 X-33.038 Y9.310 E1550.64302 F3000
G1 X-33.040 Y9.879 E1550.73765 F3000
G1 X-33.043 Y10.057 E1550.76723 F3000
G1 X-33.044 Y10.201 E1550.79129 F3000
G1 X-33.043 Y10.671 E1550.86940 F3000
G1 X-33.043 Y10.797 E1550.89040 F3000
G1 X-33.040 Y11.213 E1550.95944 F3000
G1 X-33.039 Y11.618 E1551.02682 F3000
G1 X-33.040 Y11.741 E1551.04726 F3000
G1 X-33.043 Y12.180 E1551.12030 F3000
G1 X-33.045 Y12.315 E1551.14277 F3000
G1 X-33.049 Y12.477 E1551.16980 F3000
G1 X-33.058 Y12.995 E1551.25589 F3000
G1 X-33.058 Y13.193 E1551.28882 F3000
G1 X-33.054 Y13.816 E1551.39249 F3000
G1 X-33.014 Y14.567 E1551.51756 F3000
G1 X-33.003 Y14.815 E1551.55871 F3000
G1 X-32.909 Y15.715 E1551.70932 F3000
G1 X-32.880 Y16.025 E1551.76111 F3000
G1 X-32.825 Y16.407 E1551.82525 F3000
G1 X-32.657 Y17.484 E1552.00650 F3000
G1 X-32.585 Y17.925 E1552.08083 F3000
G1 X-32.384 Y19.068 E1552.27379 F3000
G1 X-32.188 Y20.181 E1552.46169 F3000
G1 X-32.111 Y20.655 E1552.54156 F3000
G1 X-31.949 Y21.678 E1552.71385 F3000
G1 X-31.885 Y22.122 E1552.78848 F3000
G1 X-31.849 Y22.488 E1552.84959 F3000
G1 X-31.755 Y23.349 E1552.99357 F3000
G1 X-31.736 Y23.625 E1553.03971 F3000
G1 X-31.680 Y24.340 E1553.15894 F3000
G1 X-31.634 Y24.923 E1553.25610 F3000
G1 X-31.621 Y25.103 E1553.28621 F3000
G1 X-31.554 Y25.531 E1553.35822 F3000
G1 X-31.537 Y25.644 E1553.37718 F3000
G1 X-31.508 Y25.709 E1553.38902 F3000
G1 X-31.388 Y25.968 E1553.43652 F3000
G1 X-31.326 Y25.998 E1553.44800 F3000
G1 X-31.054 Y26.130 E1553.49836 F3000
G1 X-30.526 Y26.175 E1553.58646 F3000
G1 X-30.412 Y26.184 E1553.60551 F3000
G1 X-29.531 Y26.184 E1553.75193 F3000
G1 X-29.341 Y26.184 E1553.78358 F3000
G1 X-29.053 Y26.184 E1553.83151 F3000
G1 X-27.720 Y26.184 E1554.05318 F3000
G1 X-27.372 Y26.184 E1554.11103 F3000
G1 X-25.767 Y26.184 E1554.37792 F3000
G1 X-24.071 Y26.184 E1554.65998 F3000
G1 X-23.701 Y26.184 E1554.72145 F3000
G1 X-22.093 Y26.184 E1554.98895 F3000
G1 X-21.741 Y26.184 E1555.04741 F3000
G1 X-21.448 Y26.184 E1555.09620 F3000
G1 X-20.105 Y26.184 E1555.31943 F3000
G1 X-19.838 Y26.184 E1555.36389 F3000
G1 X-18.618 Y26.184 E1555.56674 F3000
G1 X-17.377 Y26.184 E1555.77313 F3000
G1 X-17.104 Y26.184 E1555.81857 F3000
G1 X-15.697 Y26.184 E1556.05255 F3000
G1 X-15.387 Y26.184 E1556.10417 F3000
G1 X-15.008 Y26.184 E1556.16717 F3000
G1 X-13.290 Y26.184 E1556.45275 F3000
G1 X-12.874 Y26.184 E1556.52201 F3000
G1 X-10.988 Y26.184 E1556.83563 F3000
G1 X-9.075 Y26.184 E1557.15381 F3000
G1 X-8.652 Y26.184 E1557.22413 F3000
G1 X-6.852 Y26.184 E1557.52341 F3000
G1 X-6.455 Y26.184 E1557.58954 F3000
G1 X-6.113 Y26.184 E1557.64631 F3000
G1 X-4.569 Y26.184 E1557.90319 F3000
G1 X-4.270 Y26.184 E1557.95294 F3000
G1 X-2.916 Y26.184 E1558.17802 F3000
G1 X-1.690 Y26.184 E1558.38191 F3000
G1 X-1.419 Y26.184 E1558.42696 F3000
G1 X-0.257 Y26.184 E1558.62025 F3000
G1 X0.000 Y26.184 E1558.66297 F3000
G1 X0.257 Y26.184 E1558.70568 F3000
G1 X1.419 Y26.184 E1558.89897 F3000
G1 X1.690 Y26.184 E1558.94403 F3000
G1 X2.916 Y26.184 E1559.14791 F3000
G1 X4.270 Y26.184 E1559.37300 F3000
G1 X4.569 Y26.184 E1559.42274 F3000
G1 X6.113 Y26.184 E1559.67962 F3000
G1 X6.455 Y26.184 E1559.73639 F3000
G1 X6.852 Y26.184 E1559.80253 F3000
G1 X8.652 Y26.184 E1560.10181 F3000
G1 X9.075 Y26.184 E1560.17212 F3000
G1 X10.988 Y26.184 E1560.49030 F3000
G1 X12.874 Y26.184 E1560.80392 F3000
G1 X13.290 Y26.184 E1560.87318 F3000
G1 X15.008 Y26.184 E1561.15876 F3000
G1 X15.387 Y26.184 E1561.22177 F3000
G1 X15.697 Y26.184 E1561.27338 F3000
G1 X17.104 Y26.184 E1561.50736 F3000
G1 X17.377 Y26.184 E1561.55281 F3000
G1 X18.618 Y26.184 E1561.75920 F3000
G1 X19.838 Y26.184 E1561.96204 F3000
G1 X20.105 Y26.184 E1562.00651 F3000
G1 X21.448 Y26.184 E1562.22973 F3000
G1 X21.741 Y26.184 E1562.27853 F3000
G1 X22.093 Y26.184 E1562.33698 F3000
G1 X23.701 Y26.184 E1562.60448 F3000
G1 X24.071 Y26.184 E1562.66595 F3000
G1 X25.767 Y26.184 E1562.94801 F3000
G1 X27.372 Y26.184 E1563.21490 F3000
G1 X27.720 Y26.184 E1563.27276 F3000
G1 X29.053 Y26.184 E1563.49443 F3000
G1 X29.341 Y26.184 E1563.54235 F3000
G1 X29.531 Y26.184 E1563.57401 F3000
G1 X30.412 Y26.184 E1563.72043 F3000
G1 X30.526 Y26.175 E1563.73948 F3000
G1 X31.054 Y26.130 E1563.82757 F3000
G1 X31.326 Y25.998 E1563.87794 F3000
G1 X31.388 Y25.968 E1563.88941 F3000
G1 X31.508 Y25.709 E1563.93691 F3000
G1 X31.537 Y25.644 E1563.94875 F3000
G1 X31.554 Y25.531 E1563.96772 F3000
G1 X31.621 Y25.103 E1564.03972 F3000
G1 X31.634 Y24.923 E1564.06984 F3000
G1 X31.680 Y24.340 E1564.16700 F3000
G1 X31.736 Y23.625 E1564.28623 F3000
G1 X31.755 Y23.349 E1564.33237 F3000
G1 X31.849 Y22.488 E1564.47634 F3000
G1 X31.885 Y22.122 E1564.53746 F3000
G1 X31.949 Y21.678 E1564.61208 F3000
G1 X32.111 Y20.655 E1564.78437 F3000
G1 X32.188 Y20.181 E1564.86424 F3000
G1 X32.384 Y19.068 E1565.05214 F3000
G1 X32.585 Y17.925 E1565.24511 F3000
G1 X32.657 Y17.484 E1565.31943 F3000
G1 X32.825 Y16.407 E1565.50068 F3000
G1 X32.880 Y16.025 E1565.56483 F3000
G1 X32.909 Y15.715 E1565.61662 F3000
G1 X33.003 Y14.815 E1565.76722 F3000
G1 X33.014 Y14.567 E1565.80837 F3000
G1 X33.054 Y13.816 E1565.93345 F3000
G1 X33.058 Y13.193 E1566.03711 F3000
G1 X33.058 Y12.995 E1566.07004 F3000
G1 X33.049 Y12.477 E1566.15614 F3000
G1 X33.045 Y12.315 E1566.18316 F3000
G1 X33.043 Y12.180 E1566.20563 F3000
G1 X33.040 Y11.741 E1566.27867 F3000
G1 X33.039 Y11.618 E1566.29912 F3000
G1 X33.040 Y11.213 E1566.36650 F3000
G1 X33.043 Y10.797 E1566.43553 F3000
G1 X33.043 Y10.671 E1566.45654 F3000
G1 X33.044 Y10.201 E1566.53465 F3000
G1 X33.043 Y10.057 E1566.55870 F3000
G1 X33.040 Y9.879 E1566.58828 F3000
G1 X33.038 Y9.310 E1566.68291 F3000
G1 X33.033 Y9.111 E1566.71604 F3000
G1 X33.018 Y8.475 E1566.82174 F3000
G1 X32.984 Y7.839 E1566.92769 F3000
G1 X32.978 Y7.599 E1566.96765 F3000
G1 X32.941 Y6.998 E1567.06776 F3000
G1 X32.934 Y6.752 E1567.10868 F3000
G1 X32.929 Y6.534 E1567.14491 F3000
G1 X32.900 Y6.002 E1567.23357 F3000
G1 X32.910 Y5.737 E1567.27770 F3000
G1 X32.926 Y4.991 E1567.40182 F3000
G1 X33.032 Y3.750 E1567.60890 F3000
G1 X33.067 Y3.363 E1567.67347 F3000
G1 X33.281 Y1.502 E1567.98501 F3000
G1 X33.366 Y0.759 E1568.10939 F3000
G1 X33.527 Y-0.508 E1568.32188 F3000
G1 X33.865 Y-3.183 E1568.77023 F3000
G1 X34.124 Y-5.158 E1569.10145 F3000
G1 X34.475 Y-7.840 E1569.55120 F3000
G1 X34.763 Y-10.004 E1569.91431 F3000
G1 X35.107 Y-12.586 E1570.34750 F3000
G1 X35.316 Y-14.150 E1570.60991 F3000
G1 X35.672 Y-16.798 E1571.05429 F3000
G1 X35.964 Y-18.980 E1571.42030 F3000
G1 X36.081 Y-19.853 E1571.56675 F3000
G1 X36.296 Y-21.540 E1571.84970 F3000
G1 X36.363 Y-22.066 E1571.93789 F3000
G1 X36.403 Y-22.438 E1571.99999 F3000
G1 X36.546 Y-23.757 E1572.22075 F3000
G1 X36.568 Y-24.052 E1572.26987 F3000
G1 X36.656 Y-25.243 E1572.46855 F3000
G1 X36.711 Y-26.553 E1572.68659 F3000
G1 X36.722 Y-26.842 E1572.73462 F3000
G1 X36.705 Y-28.148 E1572.95188 F3000
G1 X36.702 Y-28.426 E1572.99801 F3000
G1 X36.673 Y-28.691 E1573.04244 F3000
G1 X36.551 Y-29.865 E1573.23863 F3000
G1 X36.490 Y-30.096 E1573.27847 F3000
G1 X36.236 Y-31.076 E1573.44682 F3000
G1 X35.786 Y-31.873 E1573.59900 F3000
G1 X35.718 Y-31.998 E1573.62274 F3000
G1 X35.035 Y-32.649 E1573.77964 F3000
G1 X34.996 Y-32.687 E1573.78865 F3000
G1 X34.958 Y-32.710 E1573.79601 F3000
G1 X34.143 Y-33.160 E1573.95088 F3000
G1 X34.097 Y-33.185 E1573.95951 F3000
G1 X33.128 Y-33.521 E1574.13015 F3000
G1 X32.215 Y-33.745 E1574.28641 F3000
G1 X32.004 Y-33.776 E1574.32192 F3000
G1 X31.379 Y-33.862 E1574.42678 F3000
G1 X31.354 Y-33.867 E1574.43110 F3000
G1 X31.315 Y-33.869 E1574.43761 F3000
G1 X30.599 Y-33.887 E1574.55669 F3000
G1 X30.492 Y-33.875 E1574.57454 F3000
G1 X29.975 Y-33.824 E1574.66089 F3000
G1 X29.634 Y-33.735 E1574.71959 F3000
G1 X29.508 Y-33.702 E1574.74124 F3000
G1 X29.296 Y-33.610 E1574.77970 F3000
G1 X29.177 Y-33.559 E1574.80118 F3000
G1 X29.073 Y-33.498 E1574.82121 F3000
G1 X28.964 Y-33.432 E1574.84246 F3000
G1 X28.907 Y-33.397 E1574.85351 F3000
G1 X28.848 Y-33.358 E1574.86531 F3000
G1 X28.827 Y-33.366 E1574.86905 F3000
G1 X28.811 Y-33.372 E1574.87192 F3000
G1 X28.824 Y-33.423 E1574.88066 F3000
G1 X28.833 Y-33.457 E1574.88643 F3000
G1 X28.854 Y-33.505 E1574.89517 F3000
G1 X28.893 Y-33.593 E1574.91118 F3000
G1 X28.916 Y-33.645 E1574.92065 F3000
G1 X28.971 Y-33.762 E1574.94221 F3000
G1 X29.027 Y-33.894 E1574.96596 F3000
G1 X29.048 Y-33.946 E1574.97534 F3000
G1 X29.066 Y-34.074 E1574.99683 F3000
G1 X29.072 Y-34.121 E1575.00476 F3000
G1 X29.048 Y-34.162 E1575.01266 F3000
G1 X28.992 Y-34.265 E1575.03224 F3000
G1 X28.920 Y-34.296 E1575.04521 F3000
G1 X28.764 Y-34.365 E1575.07363 F3000
G1 X28.481 Y-34.395 E1575.12091 F3000
G1 X28.347 Y-34.410 E1575.14331 F3000
G1 X27.986 Y-34.407 E1575.20334 F3000
G1 X27.833 Y-34.405 E1575.22879 F3000
G1 X27.680 Y-34.390 E1575.25444 F3000
G1 X27.319 Y-34.358 E1575.31460 F3000
G1 X27.184 Y-34.329 E1575.33765 F3000
G1 X26.903 Y-34.275 E1575.38514 F3000
G1 X26.749 Y-34.202 E1575.41346 F3000
G1 X26.676 Y-34.167 E1575.42702 F3000
G1 X26.616 Y-34.075 E1575.44517 F3000
G1 X26.589 Y-34.037 E1575.45299 F3000
G1 X26.591 Y-33.996 E1575.45978 F3000
G1 X26.597 Y-33.889 E1575.47761 F3000
G1 X26.609 Y-33.844 E1575.48532 F3000
G1 X26.640 Y-33.734 E1575.50440 F3000
G1 X26.655 Y-33.629 E1575.52203 F3000
G1 X26.661 Y-33.582 E1575.52994 F3000
G1 X26.656 Y-33.500 E1575.54357 F3000
G1 X26.653 Y-33.454 E1575.55121 F3000
G1 X26.635 Y-33.421 E1575.55748 F3000
G1 X26.607 Y-33.373 E1575.56678 F3000
G1 X26.568 Y-33.366 E1575.57348 F3000
G1 X26.516 Y-33.358 E1575.58218 F3000
G1 X26.442 Y-33.397 E1575.59605 F3000
G1 X26.371 Y-33.433 E1575.60930 F3000
G1 X26.255 Y-33.497 E1575.63128 F3000
G1 X26.143 Y-33.559 E1575.65258 F3000
G1 X26.020 Y-33.611 E1575.67488 F3000
G1 X25.806 Y-33.702 E1575.71358 F3000
G1 X25.674 Y-33.737 E1575.73627 F3000
G1 X25.330 Y-33.824 E1575.79529 F3000
G1 X24.807 Y-33.875 E1575.88260 F3000
G1 X24.689 Y-33.887 E1575.90234 F3000
G1 X23.986 Y-33.872 E1576.01920 F3000
G1 X23.928 Y-33.871 E1576.02886 F3000
G1 X23.891 Y-33.864 E1576.03523 F3000
G1 X23.093 Y-33.758 E1576.16898 F3000
G1 X23.071 Y-33.752 E1576.17282 F3000
G1 X22.245 Y-33.540 E1576.31458 F3000
G1 X21.548 Y-33.249 E1576.44022 F3000
G1 X21.437 Y-33.201 E1576.46045 F3000
G1 X20.905 Y-32.859 E1576.56558 F3000
G1 X20.724 Y-32.747 E1576.60088 F3000
G1 X20.523 Y-32.541 E1576.64883 F3000
G1 X20.200 Y-32.207 E1576.72608 F3000
G1 X19.995 Y-31.829 E1576.79754 F3000
G1 X19.862 Y-31.591 E1576.84287 F3000
G1 X19.802 Y-31.376 E1576.88005 F3000
G1 X19.661 Y-30.883 E1576.96536 F3000
G1 X19.635 Y-30.666 E1577.00159 F3000
G1 X19.555 Y-30.033 E1577.10777 F3000
G1 X19.525 Y-29.282 E1577.23277 F3000
G1 X19.516 Y-29.015 E1577.27722 F3000
G1 X19.504 Y-28.120 E1577.42598 F3000
G1 X19.501 Y-27.852 E1577.47053 F3000
G1 X19.495 Y-27.573 E1577.51695 F3000
G1 X19.471 Y-26.570 E1577.68380 F3000
G1 X19.461 Y-26.236 E1577.73941 F3000
G1 X19.417 Y-24.877 E1577.96548 F3000
; LAYER:36
; Z:36.500
G0 Z36.500 F600
G0 X28.573 Y-33.537 F9000
G1 X29.163 Y-33.663 E1578.06585 F3000
G1 X29.191 Y-33.674 E1578.07084 F3000
G1 X29.205 Y-33.678 E1578.07321 F3000
G1 X29.543 Y-33.752 E1578.13075 F3000
G1 X29.779 Y-33.803 E1578.17091 F3000
G1 X30.541 Y-33.871 E1578.29817 F3000
G1 X30.583 Y-33.871 E1578.30514 F3000
G1 X31.337 Y-33.839 E1578.43060 F3000
G1 X31.844 Y-33.736 E1578.51663 F3000
G1 X32.230 Y-33.683 E1578.58152 F3000
G1 X32.688 Y-33.545 E1578.66109 F3000
G1 X33.192 Y-33.423 E1578.74722 F3000
G1 X33.712 Y-33.239 E1578.83898 F3000
G1 X34.195 Y-33.044 E1578.92559 F3000
G1 X34.647 Y-32.794 E1579.01143 F3000
G1 X35.124 Y-32.514 E1579.10350 F3000
G1 X35.608 Y-32.041 E1579.21604 F3000
G1 X35.831 Y-31.829 E1579.26719 F3000
G1 X36.221 Y-31.111 E1579.40309 F3000
G1 X36.311 Y-30.951 E1579.43355 F3000
G1 X36.362 Y-30.755 E1579.46725 F3000
G1 X36.609 Y-29.814 E1579.62901 F3000
G1 X36.636 Y-29.554 E1579.67256 F3000
G1 X36.757 Y-28.431 E1579.86043 F3000
G1 X36.772 Y-27.258 E1580.05549 F3000
G1 X36.777 Y-26.858 E1580.12205 F3000
G1 X36.727 Y-25.640 E1580.32472 F3000
G1 X36.711 Y-25.251 E1580.38942 F3000
G1 X36.684 Y-24.898 E1580.44838 F3000
G1 X36.600 Y-23.761 E1580.63801 F3000
G1 X36.560 Y-23.391 E1580.69986 F3000
G1 X36.418 Y-22.067 E1580.92126 F3000
G1 X36.179 Y-20.192 E1581.23568 F3000
G1 X36.136 Y-19.853 E1581.29253 F3000
G1 X35.760 Y-17.049 E1581.76292 F3000
G1 X35.726 Y-16.798 E1581.80500 F3000
G1 X35.685 Y-16.494 E1581.85609 F3000
G1 X35.288 Y-13.534 E1582.35270 F3000
G1 X35.170 Y-12.683 E1582.49563 F3000
G1 X35.156 Y-12.586 E1582.51189 F3000
G1 X34.593 Y-8.497 E1583.19836 F3000
G1 X34.502 Y-7.840 E1583.30868 F3000
G1 X34.382 Y-6.952 E1583.45771 F3000
G1 X33.871 Y-3.183 E1584.09013 F3000
G1 X33.694 Y-1.829 E1584.31717 F3000
G1 X33.355 Y0.759 E1584.75134 F3000
G1 X33.185 Y2.184 E1584.98993 F3000
G1 X33.045 Y3.363 E1585.18746 F3000
G1 X32.974 Y4.184 E1585.32441 F3000
G1 X32.906 Y4.991 E1585.45908 F3000
G1 X32.909 Y5.452 E1585.53577 F3000
G1 X32.901 Y6.003 E1585.62748 F3000
G1 X32.948 Y6.292 E1585.67614 F3000
G1 X32.979 Y6.789 E1585.75895 F3000
G1 X33.012 Y7.364 E1585.85472 F3000
G1 X33.069 Y7.689 E1585.90959 F3000
G1 X33.096 Y8.213 E1585.99681 F3000
G1 X33.127 Y8.580 E1586.05808 F3000
G1 X33.139 Y8.956 E1586.12067 F3000
G1 X33.149 Y9.418 E1586.19755 F3000
G1 X33.149 Y9.759 E1586.25430 F3000
G1 X33.151 Y10.165 E1586.32184 F3000
G1 X33.150 Y10.500 E1586.37746 F3000
G1 X33.147 Y10.784 E1586.42468 F3000
G1 X33.145 Y11.079 E1586.47368 F3000
G1 X33.142 Y11.331 E1586.51560 F3000
G1 X33.139 Y11.576 E1586.55644 F3000
G1 X33.138 Y11.863 E1586.60407 F3000
G1 X33.138 Y12.127 E1586.64805 F3000
G1 X33.140 Y12.437 E1586.69959 F3000
G1 X33.147 Y12.802 E1586.76036 F3000
G1 X33.150 Y13.111 E1586.81168 F3000
G1 X33.147 Y13.553 E1586.88520 F3000
G1 X33.142 Y13.922 E1586.94661 F3000
G1 X33.114 Y14.367 E1587.02072 F3000
G1 X33.086 Y14.909 E1587.11099 F3000
G1 X33.025 Y15.440 E1587.19992 F3000
G1 X32.955 Y16.109 E1587.31182 F3000
G1 X32.824 Y16.942 E1587.45198 F3000
G1 X32.720 Y17.562 E1587.55642 F3000
G1 X32.555 Y18.497 E1587.71435 F3000
G1 X32.434 Y19.142 E1587.82357 F3000
G1 X32.316 Y19.771 E1587.92999 F3000
G1 X32.147 Y20.728 E1588.09163 F3000
G1 X32.050 Y21.300 E1588.18799 F3000
G1 X31.909 Y22.196 E1588.33896 F3000
G1 X31.828 Y22.932 E1588.46209 F3000
G1 X31.770 Y23.423 E1588.54429 F3000
G1 X31.726 Y23.994 E1588.63949 F3000
G1 X31.689 Y24.415 E1588.70977 F3000
G1 X31.659 Y24.760 E1588.76735 F3000
G1 X31.626 Y25.178 E1588.83710 F3000
G1 X31.583 Y25.440 E1588.88118 F3000
G1 X31.539 Y25.719 E1588.92814 F3000
G1 X31.465 Y25.878 E1588.95740 F3000
G1 X31.389 Y26.043 E1588.98757 F3000
G1 X31.228 Y26.121 E1589.01730 F3000
G1 X31.054 Y26.205 E1589.04952 F3000
G1 X30.717 Y26.233 E1589.10572 F3000
G1 X30.411 Y26.259 E1589.15668 F3000
G1 X29.850 Y26.259 E1589.25012 F3000
G1 X29.341 Y26.259 E1589.33475 F3000
G1 X28.569 Y26.259 E1589.46300 F3000
G1 X27.720 Y26.259 E1589.60433 F3000
G1 X26.789 Y26.259 E1589.75912 F3000
G1 X25.767 Y26.259 E1589.92907 F3000
G1 X24.689 Y26.259 E1590.10840 F3000
G1 X23.701 Y26.259 E1590.27260 F3000
G1 X22.680 Y26.259 E1590.44246 F3000
G1 X21.741 Y26.259 E1590.59856 F3000
G1 X20.957 Y26.259 E1590.72895 F3000
G1 X20.105 Y26.259 E1590.87057 F3000
G1 X19.391 Y26.259 E1590.98935 F3000
G1 X18.618 Y26.259 E1591.11789 F3000
G1 X17.833 Y26.259 E1591.24848 F3000
G1 X17.104 Y26.259 E1591.36972 F3000
G1 X16.214 Y26.259 E1591.51765 F3000
G1 X15.387 Y26.259 E1591.65532 F3000
G1 X14.376 Y26.259 E1591.82343 F3000
G1 X13.290 Y26.259 E1592.00390 F3000
G1 X12.179 Y26.259 E1592.18867 F3000
G1 X10.988 Y26.259 E1592.38678 F3000
G1 X9.780 Y26.259 E1592.58774 F3000
G1 X8.652 Y26.259 E1592.77528 F3000
G1 X7.515 Y26.259 E1592.96429 F3000
G1 X6.455 Y26.259 E1593.14069 F3000
G1 X5.544 Y26.259 E1593.29211 F3000
G1 X4.569 Y26.259 E1593.45434 F3000
G1 X3.771 Y26.259 E1593.58702 F3000
G1 X2.916 Y26.259 E1593.72917 F3000
G1 X2.142 Y26.259 E1593.85794 F3000
G1 X1.419 Y26.259 E1593.97811 F3000
G1 X0.685 Y26.259 E1594.10018 F3000
G1 X0.000 Y26.259 E1594.21412 F3000
G1 X-0.685 Y26.259 E1594.32805 F3000
G1 X-1.419 Y26.259 E1594.45012 F3000
G1 X-2.142 Y26.259 E1594.57029 F3000
G1 X-2.916 Y26.259 E1594.69906 F3000
G1 X-3.771 Y26.259 E1594.84121 F3000
G1 X-4.569 Y26.259 E1594.97389 F3000
G1 X-5.544 Y26.259 E1595.13612 F3000
G1 X-6.455 Y26.259 E1595.28754 F3000
G1 X-7.515 Y26.259 E1595.46394 F3000
G1 X-8.652 Y26.259 E1595.65295 F3000
G1 X-9.780 Y26.259 E1595.84049 F3000
G1 X-10.988 Y26.259 E1596.04145 F3000
G1 X-12.179 Y26.259 E1596.23956 F3000
G1 X-13.290 Y26.259 E1596.42433 F3000
G1 X-14.376 Y26.259 E1596.60480 F3000
G1 X-15.387 Y26.259 E1596.77291 F3000
G1 X-16.214 Y26.259 E1596.91058 F3000
G1 X-17.104 Y26.259 E1597.05851 F3000
G1 X-17.833 Y26.259 E1597.17975 F3000
G1 X-18.618 Y26.259 E1597.31034 F3000
G1 X-19.391 Y26.259 E1597.43888 F3000
G1 X-20.105 Y26.259 E1597.55766 F3000
G1 X-20.957 Y26.259 E1597.69928 F3000
G1 X-21.741 Y26.259 E1597.82967 F3000
G1 X-22.680 Y26.259 E1597.98577 F3000
G1 X-23.701 Y26.259 E1598.15563 F3000
G1 X-24.689 Y26.259 E1598.31983 F3000
G1 X-25.767 Y26.259 E1598.49916 F3000
G1 X-26.789 Y26.259 E1598.66911 F3000
G1 X-27.720 Y26.259 E1598.82390 F3000
G1 X-28.569 Y26.259 E1598.96523 F3000
G1 X-29.341 Y26.259 E1599.09348 F3000
G1 X-29.850 Y26.259 E1599.17811 F3000
G1 X-30.411 Y26.259 E1599.27155 F3000
G1 X-30.717 Y26.233 E1599.32252 F3000
G1 X-31.054 Y26.205 E1599.37872 F3000
G1 X-31.228 Y26.121 E1599.41093 F3000
G1 X-31.389 Y26.043 E1599.44065 F3000
G1 X-31.465 Y25.878 E1599.47083 F3000
G1 X-31.539 Y25.719 E1599.50009 F3000
G1 X-31.583 Y25.440 E1599.54705 F3000
G1 X-31.626 Y25.178 E1599.59113 F3000
G1 X-31.659 Y24.760 E1599.66088 F3000
G1 X-31.689 Y24.415 E1599.71846 F3000
G1 X-31.726 Y23.994 E1599.78874 F3000
G1 X-31.770 Y23.423 E1599.88394 F3000
G1 X-31.828 Y22.932 E1599.96614 F3000
G1 X-31.909 Y22.196 E1600.08927 F3000
G1 X-32.050 Y21.300 E1600.24024 F3000
G1 X-32.147 Y20.728 E1600.33660 F3000
G1 X-32.316 Y19.771 E1600.49824 F3000
G1 X-32.434 Y19.142 E1600.60466 F3000
G1 X-32.555 Y18.497 E1600.71388 F3000
G1 X-32.720 Y17.562 E1600.87181 F3000
G1 X-32.824 Y16.942 E1600.97625 F3000
G1 X-32.955 Y16.109 E1601.11641 F3000
G1 X-33.025 Y15.440 E1601.22831 F3000
G1 X-33.086 Y14.909 E1601.31724 F3000
G1 X-33.114 Y14.367 E1601.40751 F3000
G1 X-33.142 Y13.922 E1601.48162 F3000
G1 X-33.147 Y13.553 E1601.54303 F3000
G1 X-33.150 Y13.111 E1601.61655 F3000
G1 X-33.147 Y12.802 E1601.66787 F3000
G1 X-33.140 Y12.437 E1601.72864 F3000
G1 X-33.138 Y12.127 E1601.78018 F3000
G1 X-33.138 Y11.863 E1601.82416 F3000
G1 X-33.139 Y11.576 E1601.87179 F3000
G1 X-33.142 Y11.331 E1601.91263 F3000
G1 X-33.145 Y11.079 E1601.95455 F3000
G1 X-33.147 Y10.784 E1602.00355 F3000
G1 X-33.150 Y10.500 E1602.05077 F3000
G1 X-33.151 Y10.165 E1602.10639 F3000
G1 X-33.149 Y9.759 E1602.17393 F3000
G1 X-33.149 Y9.418 E1602.23068 F3000
G1 X-33.139 Y8.956 E1602.30756 F3000
G1 X-33.127 Y8.580 E1602.37015 F3000
G1 X-33.096 Y8.213 E1602.43142 F3000
G1 X-33.069 Y7.689 E1602.51864 F3000
G1 X-33.012 Y7.364 E1602.57351 F3000
G1 X-32.979 Y6.789 E1602.66928 F3000
G1 X-32.948 Y6.292 E1602.75209 F3000
G1 X-32.901 Y6.003 E1602.80075 F3000
G1 X-32.909 Y5.452 E1602.89246 F3000
G1 X-32.906 Y4.991 E1602.96915 F3000
G1 X-32.974 Y4.184 E1603.10382 F3000
G1 X-33.045 Y3.363 E1603.24077 F3000
G1 X-33.185 Y2.184 E1603.43830 F3000
G1 X-33.355 Y0.759 E1603.67689 F3000
G1 X-33.694 Y-1.829 E1604.11106 F3000
G1 X-33.871 Y-3.183 E1604.33810 F3000
G1 X-34.382 Y-6.952 E1604.97052 F3000
G1 X-34.502 Y-7.840 E1605.11955 F3000
G1 X-34.593 Y-8.497 E1605.22987 F3000
G1 X-35.156 Y-12.586 E1605.91634 F3000
G1 X-35.170 Y-12.683 E1605.93260 F3000
G1 X-35.288 Y-13.534 E1606.07553 F3000
G1 X-35.685 Y-16.494 E1606.57214 F3000
G1 X-35.726 Y-16.798 E1606.62323 F3000
G1 X-35.760 Y-17.049 E1606.66531 F3000
G1 X-36.136 Y-19.853 E1607.13570 F3000
G1 X-36.179 Y-20.192 E1607.19255 F3000
G1 X-36.418 Y-22.067 E1607.50697 F3000
G1 X-36.560 Y-23.391 E1607.72837 F3000
G1 X-36.600 Y-23.761 E1607.79022 F3000
G1 X-36.684 Y-24.898 E1607.97985 F3000
G1 X-36.711 Y-25.251 E1608.03881 F3000
G1 X-36.727 Y-25.640 E1608.10351 F3000
G1 X-36.777 Y-26.858 E1608.30618 F3000
G1 X-36.772 Y-27.258 E1608.37274 F3000
G1 X-36.757 Y-28.431 E1608.56780 F3000
G1 X-36.636 Y-29.554 E1608.75567 F3000
G1 X-36.609 Y-29.814 E1608.79923 F3000
G1 X-36.362 Y-30.755 E1608.96098 F3000
G1 X-36.311 Y-30.951 E1608.99468 F3000
G1 X-36.221 Y-31.111 E1609.02514 F3000
G1 X-35.831 Y-31.829 E1609.16104 F3000
G1 X-35.608 Y-32.041 E1609.21219 F3000
G1 X-35.124 Y-32.514 E1609.32473 F3000
G1 X-34.647 Y-32.794 E1609.41680 F3000
G1 X-34.195 Y-33.044 E1609.50264 F3000
G1 X-33.712 Y-33.239 E1609.58925 F3000
G1 X-33.192 Y-33.423 E1609.68101 F3000
G1 X-32.688 Y-33.545 E1609.76714 F3000
G1 X-32.230 Y-33.683 E1609.84671 F3000
G1 X-31.844 Y-33.736 E1609.91160 F3000
G1 X-31.337 Y-33.839 E1609.99763 F3000
G1 X-30.583 Y-33.871 E1610.12309 F3000
G1 X-30.560 Y-33.872 E1610.12689 F3000
G1 X-29.779 Y-33.803 E1610.25734 F3000
G1 X-29.543 Y-33.752 E1610.29749 F3000
G1 X-29.205 Y-33.678 E1610.35504 F3000
G1 X-29.191 Y-33.674 E1610.35740 F3000
G1 X-29.163 Y-33.663 E1610.36240 F3000
G1 X-28.573 Y-33.537 E1610.46276 F3000
G1 X-28.493 Y-33.511 E1610.47675 F3000
G1 X-28.368 Y-33.470 E1610.49865 F3000
G1 X-28.177 Y-33.449 E1610.53059 F3000
G1 X-27.877 Y-33.416 E1610.58079 F3000
G1 X-27.831 Y-33.410 E1610.58846 F3000
G1 X-27.785 Y-33.403 E1610.59629 F3000
G1 X-27.736 Y-33.410 E1610.60447 F3000
G1 X-27.689 Y-33.416 E1610.61235 F3000
G1 X-27.388 Y-33.450 E1610.66283 F3000
G1 X-27.192 Y-33.471 E1610.69551 F3000
G1 X-27.067 Y-33.512 E1610.71747 F3000
G1 X-26.986 Y-33.537 E1610.73147 F3000
G1 X-26.384 Y-33.666 E1610.83397 F3000
G1 X-26.359 Y-33.674 E1610.83829 F3000
G1 X-26.348 Y-33.679 E1610.84032 F3000
G1 X-26.000 Y-33.753 E1610.89943 F3000
G1 X-25.763 Y-33.804 E1610.93966 F3000
G1 X-24.997 Y-33.869 E1611.06758 F3000
G1 X-24.961 Y-33.873 E1611.07361 F3000
G1 X-24.917 Y-33.871 E1611.08097 F3000
G1 X-24.169 Y-33.850 E1611.20530 F3000
G1 X-23.652 Y-33.763 E1611.29263 F3000
G1 X-23.294 Y-33.715 E1611.35256 F3000
G1 X-22.830 Y-33.584 E1611.43280 F3000
G1 X-22.409 Y-33.476 E1611.50517 F3000
G1 X-22.053 Y-33.327 E1611.56931 F3000
G1 X-21.561 Y-33.116 E1611.65818 F3000
G1 X-21.319 Y-32.960 E1611.70619 F3000
G1 X-20.821 Y-32.651 E1611.80369 F3000
G1 X-20.417 Y-32.237 E1611.89992 F3000
G1 X-20.304 Y-32.104 E1611.92881 F3000
G1 X-20.268 Y-32.028 E1611.94281 F3000
G1 X-20.016 Y-31.512 E1612.03837 F3000
G1 X-19.913 Y-31.143 E1612.10208 F3000
G1 X-19.841 Y-30.900 E1612.14412 F3000
G1 X-19.768 Y-30.346 E1612.23716 F3000
G1 X-19.730 Y-30.067 E1612.28394 F3000
G1 X-19.718 Y-29.776 E1612.33241 F3000
G1 X-19.690 Y-29.047 E1612.45366 F3000
G1 X-19.685 Y-28.698 E1612.51176 F3000
G1 X-19.676 Y-27.876 E1612.64844 F3000
G1 X-19.657 Y-27.015 E1612.79163 F3000
G1 X-19.646 Y-26.588 E1612.86266 F3000
G1 X-19.613 Y-25.492 E1613.04505 F3000
G1 X-19.593 Y-24.892 E1613.14489 F3000
G1 X-19.560 Y-23.987 E1613.29549 F3000
G1 X-19.509 Y-22.495 E1613.54374 F3000
G1 X-19.454 Y-21.066 E1613.78166 F3000
G1 X-19.384 Y-19.105 E1614.10788 F3000
G1 X-19.297 Y-16.680 E1614.51150 F3000
G1 X-19.211 Y-14.429 E1614.88603 F3000
G1 X-19.126 Y-12.069 E1615.27886 F3000
G1 X-19.016 Y-9.164 E1615.76228 F3000
G1 X-18.888 Y-5.767 E1616.32750 F3000
G1 X-18.825 Y-4.006 E1616.62065 F3000
G1 X-18.708 Y-0.801 E1617.15396 F3000
G1 X-18.668 Y0.348 E1617.34508 F3000
G1 X-18.646 Y1.031 E1617.45871 F3000
G1 X-18.573 Y3.199 E1617.81947 F3000
G1 X-18.555 Y3.548 E1617.87768 F3000
G1 X-18.478 Y4.895 E1618.10199 F3000
G1 X-18.361 Y5.535 E1618.21023 F3000
G1 X-18.322 Y5.783 E1618.25194 F3000
G1 X-18.122 Y6.037 E1618.30573 F3000
G1 X-18.028 Y6.203 E1618.33745 F3000
G1 X-17.883 Y6.295 E1618.36600 F3000
G1 X-17.578 Y6.392 E1618.41916 F3000
G1 X-17.416 Y6.420 E1618.44650 F3000
G1 X-17.010 Y6.468 E1618.51446 F3000
G1 X-16.363 Y6.485 E1618.62218 F3000
G1 X-16.174 Y6.492 E1618.65353 F3000
G1 X-15.232 Y6.492 E1618.81023 F3000
G1 X-14.922 Y6.492 E1618.86176 F3000
G1 X-14.467 Y6.492 E1618.93746 F3000
G1 X-13.105 Y6.492 E1619.16399 F3000
G1 X-12.534 Y6.492 E1619.25894 F3000
G1 X-10.942 Y6.492 E1619.52372 F3000
G1 X-9.275 Y6.492 E1619.80087 F3000
G1 X-8.652 Y6.492 E1619.90449 F3000
G1 X-7.053 Y6.492 E1620.17040 F3000
G1 X-6.455 Y6.492 E1620.26991 F3000
G1 X-5.941 Y6.492 E1620.35532 F3000
G1 X-4.569 Y6.492 E1620.58356 F3000
G1 X-4.119 Y6.492 E1620.65840 F3000
G1 X-2.916 Y6.492 E1620.85839 F3000
G1 X-1.827 Y6.492 E1621.03954 F3000
G1 X-1.419 Y6.492 E1621.10733 F3000
G1 X-0.386 Y6.492 E1621.27907 F3000
G1 X0.000 Y6.492 E1621.34333 F3000
G1 X0.386 Y6.492 E1621.40760 F3000
G1 X1.419 Y6.492 E1621.57933 F3000
G1 X1.827 Y6.492 E1621.64712 F3000
G1 X2.916 Y6.492 E1621.82828 F3000
G1 X4.119 Y6.492 E1622.02826 F3000
G1 X4.569 Y6.492 E1622.10310 F3000
G1 X5.941 Y6.492 E1622.33134 F3000
G1 X6.455 Y6.492 E1622.41675 F3000
G1 X7.053 Y6.492 E1622.51626 F3000
G1 X8.652 Y6.492 E1622.78217 F3000
G1 X9.275 Y6.492 E1622.88580 F3000
G1 X10.942 Y6.492 E1623.16295 F3000
G1 X12.534 Y6.492 E1623.42773 F3000
G1 X13.105 Y6.492 E1623.52267 F3000
G1 X14.467 Y6.492 E1623.74920 F3000
G1 X14.922 Y6.492 E1623.82491 F3000
G1 X15.232 Y6.492 E1623.87643 F3000
G1 X16.174 Y6.492 E1624.03313 F3000
G1 X16.363 Y6.485 E1624.06448 F3000
G1 X17.010 Y6.468 E1624.17220 F3000
G1 X17.416 Y6.420 E1624.24016 F3000
G1 X17.578 Y6.392 E1624.26750 F3000
G1 X17.883 Y6.295 E1624.32066 F3000
G1 X18.028 Y6.203 E1624.34921 F3000
G1 X18.122 Y6.037 E1624.38093 F3000
G1 X18.322 Y5.783 E1624.43473 F3000
G1 X18.361 Y5.535 E1624.47643 F3000
G1 X18.478 Y4.895 E1624.58467 F3000
G1 X18.555 Y3.548 E1624.80898 F3000
G1 X18.573 Y3.199 E1624.86719 F3000
G1 X18.646 Y1.031 E1625.22795 F3000
G1 X18.668 Y0.348 E1625.34158 F3000
G1 X18.708 Y-0.801 E1625.53270 F3000
G1 X18.825 Y-4.006 E1626.06602 F3000
G1 X18.888 Y-5.767 E1626.35916 F3000
G1 X19.016 Y-9.164 E1626.92438 F3000
G1 X19.126 Y-12.069 E1627.40781 F3000
G1 X19.211 Y-14.429 E1627.80063 F3000
G1 X19.297 Y-16.680 E1628.17516 F3000
G1 X19.384 Y-19.105 E1628.57878 F3000
G1 X19.454 Y-21.066 E1628.90500 F3000
G1 X19.509 Y-22.495 E1629.14292 F3000
G1 X19.560 Y-23.987 E1629.39117 F3000
G1 X19.593 Y-24.892 E1629.54178 F3000
G1 X19.613 Y-25.492 E1629.64161 F3000
G1 X19.646 Y-26.588 E1629.82400 F3000
G1 X19.657 Y-27.015 E1629.89504 F3000
G1 X19.676 Y-27.876 E1630.03822 F3000
G1 X19.685 Y-28.698 E1630.17490 F3000
G1 X19.690 Y-29.047 E1630.23300 F3000
G1 X19.718 Y-29.776 E1630.35425 F3000
G1 X19.730 Y-30.067 E1630.40272 F3000
G1 X19.768 Y-30.346 E1630.44951 F3000
G1 X19.841 Y-30.900 E1630.54254 F3000
G1 X19.913 Y-31.143 E1630.58459 F3000
G1 X20.016 Y-31.512 E1630.64829 F3000
G1 X20.268 Y-32.028 E1630.74385 F3000
G1 X20.304 Y-32.104 E1630.75785 F3000
G1 X20.417 Y-32.237 E1630.78675 F3000
G1 X20.821 Y-32.651 E1630.88297 F3000
G1 X21.319 Y-32.960 E1630.98047 F3000
G1 X21.561 Y-33.116 E1631.02848 F3000
G1 X22.053 Y-33.327 E1631.11735 F3000
G1 X22.409 Y-33.476 E1631.18150 F3000
G1 X22.830 Y-33.584 E1631.25386 F3000
G1 X23.294 Y-33.715 E1631.33410 F3000
G1 X23.652 Y-33.763 E1631.39403 F3000
G1 X24.169 Y-33.850 E1631.48136 F3000
G1 X24.917 Y-33.871 E1631.60569 F3000
G1 X24.961 Y-33.873 E1631.61305 F3000
G1 X24.997 Y-33.869 E1631.61909 F3000
G1 X25.763 Y-33.804 E1631.74701 F3000
G1 X26.000 Y-33.753 E1631.78723 F3000
G1 X26.348 Y-33.679 E1631.84634 F3000
G1 X26.359 Y-33.674 E1631.84837 F3000
G1 X26.384 Y-33.666 E1631.85269 F3000
G1 X26.986 Y-33.537 E1631.95520 F3000
G1 X27.067 Y-33.512 E1631.96919 F3000
G1 X27.192 Y-33.471 E1631.99116 F3000
G1 X27.388 Y-33.450 E1632.02383 F3000
G1 X27.689 Y-33.416 E1632.07431 F3000
G1 X27.736 Y-33.410 E1632.08219 F3000
G1 X27.785 Y-33.403 E1632.09037 F3000
G1 X27.831 Y-33.410 E1632.09821 F3000
G1 X27.877 Y-33.416 E1632.10587 F3000
G1 X28.177 Y-33.449 E1632.15608 F3000
G1 X28.368 Y-33.470 E1632.18801 F3000
G1 X28.573 Y-33.537 E1632.22390 F3000
G0 X28.419 Y-33.854 F9000
G1 X28.312 Y-33.801 E1632.24378 F3000
G1 X28.235 Y-33.766 E1632.25782 F3000
G1 X27.890 Y-33.617 E1632.32031 F3000
G1 X27.597 Y-33.754 E1632.37394 F3000
G1 X27.526 Y-33.788 E1632.38710 F3000
G1 X27.424 Y-33.831 E1632.40548 F3000
G1 X27.379 Y-33.903 E1632.41959 F3000
G1 X27.368 Y-33.920 E1632.42294 F3000
G1 X27.355 Y-34.056 E1632.44567 F3000
G1 X27.353 Y-34.081 E1632.44981 F3000
G1 X27.378 Y-34.098 E1632.45494 F3000
G1 X27.446 Y-34.154 E1632.46952 F3000
G1 X27.584 Y-34.196 E1632.49356 F3000
G1 X27.708 Y-34.242 E1632.51548 F3000
G1 X27.882 Y-34.269 E1632.54477 F3000
G1 X27.942 Y-34.279 E1632.55494 F3000
G1 X28.002 Y-34.276 E1632.56503 F3000
G1 X28.180 Y-34.268 E1632.59453 F3000
G1 X28.301 Y-34.236 E1632.61540 F3000
G1 X28.435 Y-34.208 E1632.63816 F3000
G1 X28.502 Y-34.155 E1632.65241 F3000
G1 X28.528 Y-34.138 E1632.65753 F3000
G1 X28.523 Y-34.108 E1632.66261 F3000
G1 X28.496 Y-33.959 E1632.68770 F3000
G1 X28.481 Y-33.938 E1632.69209 F3000
G1 X28.419 Y-33.854 E1632.70942 F3000
G0 X-28.496 Y-33.959 F9000
G1 X-28.523 Y-34.108 E1632.73451 F3000
G1 X-28.528 Y-34.138 E1632.73959 F3000
G1 X-28.502 Y-34.155 E1632.74471 F3000
G1 X-28.435 Y-34.208 E1632.75896 F3000
G1 X-28.301 Y-34.236 E1632.78173 F3000
G1 X-28.180 Y-34.268 E1632.80259 F3000
G1 X-28.002 Y-34.276 E1632.83209 F3000
G1 X-27.942 Y-34.279 E1632.84218 F3000
G1 X-27.882 Y-34.269 E1632.85235 F3000
G1 X-27.708 Y-34.242 E1632.88164 F3000
G1 X-27.584 Y-34.196 E1632.90356 F3000
G1 X-27.446 Y-34.154 E1632.92760 F3000
G1 X-27.378 Y-34.098 E1632.94219 F3000
G1 X-27.353 Y-34.081 E1632.94731 F3000
G1 X-27.355 Y-34.056 E1632.95145 F3000
G1 X-27.368 Y-33.920 E1632.97418 F3000
G1 X-27.379 Y-33.903 E1632.97753 F3000
G1 X-27.424 Y-33.831 E1632.99165 F3000
G1 X-27.526 Y-33.788 E1633.01002 F3000
G1 X-27.597 Y-33.754 E1633.02318 F3000
G1 X-27.890 Y-33.617 E1633.07681 F3000
G1 X-28.235 Y-33.766 E1633.13930 F3000
G1 X-28.312 Y-33.801 E1633.15334 F3000
G1 X-28.419 Y-33.854 E1633.17322 F3000
G1 X-28.496 Y-33.959 E1633.19493 F3000
; LAYER:37
; Z:37.500
G0 Z37.500 F600
G0 X31.054 Y26.280 F9000
G1 X30.603 Y26.318 E1633.27016 F3000
G1 X30.411 Y26.334 E1633.30213 F3000
G1 X29.659 Y26.334 E1633.42727 F3000
G1 X29.341 Y26.334 E1633.48020 F3000
G1 X28.862 Y26.334 E1633.55983 F3000
G1 X27.720 Y26.334 E1633.74978 F3000
G1 X27.147 Y26.334 E1633.84505 F3000
G1 X25.767 Y26.334 E1634.07452 F3000
G1 X24.303 Y26.334 E1634.31804 F3000
G1 X23.701 Y26.334 E1634.41805 F3000
G1 X22.308 Y26.334 E1634.64977 F3000
G1 X21.741 Y26.334 E1634.74401 F3000
G1 X21.271 Y26.334 E1634.82216 F3000
G1 X20.105 Y26.334 E1635.01603 F3000
G1 X19.681 Y26.334 E1635.08660 F3000
G1 X18.618 Y26.334 E1635.26334 F3000
G1 X17.533 Y26.334 E1635.44380 F3000
G1 X17.104 Y26.334 E1635.51517 F3000
G1 X15.871 Y26.334 E1635.72023 F3000
G1 X15.387 Y26.334 E1635.80077 F3000
G1 X14.797 Y26.334 E1635.89876 F3000
G1 X13.290 Y26.334 E1636.14935 F3000
G1 X12.645 Y26.334 E1636.25676 F3000
G1 X10.988 Y26.334 E1636.53223 F3000
G1 X9.307 Y26.334 E1636.81185 F3000
G1 X8.652 Y26.334 E1636.92073 F3000
G1 X7.070 Y26.334 E1637.18375 F3000
G1 X6.455 Y26.334 E1637.28614 F3000
G1 X5.926 Y26.334 E1637.37403 F3000
G1 X4.569 Y26.334 E1637.59980 F3000
G1 X4.106 Y26.334 E1637.67680 F3000
G1 X2.916 Y26.334 E1637.87462 F3000
G1 X1.839 Y26.334 E1638.05381 F3000
G1 X1.419 Y26.334 E1638.12357 F3000
G1 X0.398 Y26.334 E1638.29344 F3000
G1 X0.000 Y26.334 E1638.35957 F3000
G1 X-0.398 Y26.334 E1638.42570 F3000
G1 X-1.419 Y26.334 E1638.59557 F3000
G1 X-1.839 Y26.334 E1638.66532 F3000
G1 X-2.916 Y26.334 E1638.84451 F3000
G1 X-4.106 Y26.334 E1639.04233 F3000
G1 X-4.569 Y26.334 E1639.11934 F3000
G1 X-5.926 Y26.334 E1639.34510 F3000
G1 X-6.455 Y26.334 E1639.43299 F3000
G1 X-7.070 Y26.334 E1639.53538 F3000
G1 X-8.652 Y26.334 E1639.79841 F3000
G1 X-9.307 Y26.334 E1639.90729 F3000
G1 X-10.988 Y26.334 E1640.18690 F3000
G1 X-12.645 Y26.334 E1640.46237 F3000
G1 X-13.290 Y26.334 E1640.56978 F3000
G1 X-14.797 Y26.334 E1640.82037 F3000
G1 X-15.387 Y26.334 E1640.91837 F3000
G1 X-15.871 Y26.334 E1640.99890 F3000
G1 X-17.104 Y26.334 E1641.20396 F3000
G1 X-17.533 Y26.334 E1641.27533 F3000
G1 X-18.618 Y26.334 E1641.45580 F3000
G1 X-19.681 Y26.334 E1641.63253 F3000
G1 X-20.105 Y26.334 E1641.70311 F3000
G1 X-21.271 Y26.334 E1641.89697 F3000
G1 X-21.741 Y26.334 E1641.97513 F3000
G1 X-22.308 Y26.334 E1642.06937 F3000
G1 X-23.701 Y26.334 E1642.30108 F3000
G1 X-24.303 Y26.334 E1642.40110 F3000
G1 X-25.767 Y26.334 E1642.64461 F3000
G1 X-27.147 Y26.334 E1642.87409 F3000
G1 X-27.720 Y26.334 E1642.96935 F3000
G1 X-28.862 Y26.334 E1643.15930 F3000
G1 X-29.341 Y26.334 E1643.23894 F3000
G1 X-29.659 Y26.334 E1643.29187 F3000
G1 X-30.411 Y26.334 E1643.41700 F3000
G1 X-30.603 Y26.318 E1643.44897 F3000
G1 X-31.054 Y26.280 E1643.52420 F3000
G1 X-31.292 Y26.165 E1643.56823 F3000
G1 X-31.390 Y26.118 E1643.58625 F3000
G1 X-31.500 Y25.882 E1643.62952 F3000
G1 X-31.541 Y25.793 E1643.64578 F3000
G1 X-31.565 Y25.654 E1643.66935 F3000
G1 X-31.630 Y25.253 E1643.73688 F3000
G1 X-31.646 Y25.083 E1643.76529 F3000
G1 X-31.697 Y24.490 E1643.86416 F3000
G1 X-31.769 Y23.660 E1644.00284 F3000
G1 X-31.784 Y23.500 E1644.02944 F3000
G1 X-31.910 Y22.441 E1644.20679 F3000
G1 X-31.931 Y22.276 E1644.23443 F3000
G1 X-31.965 Y22.085 E1644.26679 F3000
G1 X-32.180 Y20.814 E1644.48120 F3000
G1 X-32.221 Y20.605 E1644.51661 F3000
G1 X-32.479 Y19.235 E1644.74834 F3000
G1 X-32.727 Y17.922 E1644.97067 F3000
G1 X-32.777 Y17.665 E1645.01415 F3000
G1 X-32.975 Y16.491 E1645.21211 F3000
G1 X-33.022 Y16.225 E1645.25707 F3000
G1 X-33.050 Y15.997 E1645.29535 F3000
G1 X-33.161 Y15.036 E1645.45609 F3000
G1 X-33.175 Y14.835 E1645.48962 F3000
G1 X-33.222 Y14.060 E1645.61876 F3000
G1 X-33.231 Y13.431 E1645.72342 F3000
G1 X-33.235 Y13.257 E1645.75227 F3000
G1 X-33.228 Y12.735 E1645.83917 F3000
G1 X-33.227 Y12.590 E1645.86330 F3000
G1 X-33.227 Y12.466 E1645.88385 F3000
G1 X-33.228 Y12.019 E1645.95828 F3000
G1 X-33.229 Y11.905 E1645.97722 F3000
G1 X-33.234 Y11.488 E1646.04648 F3000
G1 X-33.240 Y11.059 E1646.11795 F3000
G1 X-33.242 Y10.943 E1646.13721 F3000
G1 X-33.246 Y10.457 E1646.21806 F3000
G1 X-33.248 Y10.326 E1646.23971 F3000
G1 X-33.249 Y10.169 E1646.26585 F3000
G1 X-33.250 Y9.584 E1646.36327 F3000
G1 X-33.243 Y9.414 E1646.39155 F3000
G1 X-33.223 Y8.747 E1646.50251 F3000
G1 X-33.158 Y7.935 E1646.63786 F3000
G1 X-33.147 Y7.842 E1646.65350 F3000
G1 X-33.073 Y7.377 E1646.73179 F3000
G1 X-32.990 Y6.909 E1646.81090 F3000
G1 X-32.986 Y6.838 E1646.82267 F3000
G1 X-32.982 Y6.777 E1646.83285 F3000
G1 X-32.939 Y6.513 E1646.87736 F3000
G1 X-32.788 Y5.983 E1646.96895 F3000
G1 X-32.783 Y5.736 E1647.01008 F3000
G1 X-32.754 Y4.984 E1647.13526 F3000
G1 X-32.844 Y3.918 E1647.31317 F3000
G1 X-32.894 Y3.363 E1647.40572 F3000
G1 X-33.145 Y1.429 E1647.73001 F3000
G1 X-33.231 Y0.759 E1647.84241 F3000
G1 X-33.337 Y0.015 E1647.96739 F3000
G1 X-33.795 Y-3.183 E1648.50469 F3000
G1 X-33.819 Y-3.350 E1648.53270 F3000
G1 X-33.936 Y-4.133 E1648.66445 F3000
G1 X-34.438 Y-7.840 E1649.28640 F3000
G1 X-34.930 Y-11.416 E1649.88678 F3000
G1 X-35.091 Y-12.586 E1650.08319 F3000
G1 X-35.461 Y-15.249 E1650.53035 F3000
G1 X-35.676 Y-16.798 E1650.79043 F3000
G1 X-35.866 Y-18.162 E1651.01933 F3000
G1 X-36.101 Y-19.853 E1651.30322 F3000
G1 X-36.255 Y-21.027 E1651.50024 F3000
G1 X-36.393 Y-22.069 E1651.67495 F3000
G1 X-36.472 Y-22.784 E1651.79466 F3000
G1 X-36.582 Y-23.766 E1651.95901 F3000
G1 X-36.626 Y-24.354 E1652.05706 F3000
G1 X-36.696 Y-25.265 E1652.20898 F3000
G1 X-36.739 Y-26.282 E1652.37818 F3000
G1 X-36.764 Y-26.885 E1652.47856 F3000
G1 X-36.750 Y-27.864 E1652.64144 F3000
G1 X-36.741 Y-28.457 E1652.74005 F3000
G1 X-36.663 Y-29.093 E1652.84662 F3000
G1 X-36.579 Y-29.806 E1652.96607 F3000
G1 X-36.409 Y-30.412 E1653.07062 F3000
G1 X-36.326 Y-30.723 E1653.12421 F3000
G1 X-36.171 Y-31.034 E1653.18203 F3000
G1 X-35.945 Y-31.511 E1653.26973 F3000
G1 X-35.373 Y-32.154 E1653.41288 F3000
G1 X-35.250 Y-32.292 E1653.44366 F3000
G1 X-35.154 Y-32.355 E1653.46269 F3000
G1 X-34.650 Y-32.695 E1653.56383 F3000
G1 X-34.335 Y-32.879 E1653.62442 F3000
G1 X-34.292 Y-32.903 E1653.63264 F3000
G1 X-33.324 Y-33.294 E1653.80626 F3000
G1 X-33.247 Y-33.321 E1653.81982 F3000
G1 X-33.173 Y-33.339 E1653.83255 F3000
G1 X-32.685 Y-33.487 E1653.91736 F3000
G1 X-32.278 Y-33.581 E1653.98679 F3000
G1 X-32.190 Y-33.617 E1654.00261 F3000
G1 X-31.415 Y-33.730 E1654.13281 F3000
G1 X-31.046 Y-33.809 E1654.19559 F3000
G1 X-30.164 Y-33.852 E1654.34252 F3000
G1 X-30.065 Y-33.854 E1654.35884 F3000
G1 X-29.974 Y-33.858 E1654.37403 F3000
G1 X-29.341 Y-33.826 E1654.47940 F3000
G1 X-28.916 Y-33.803 E1654.55021 F3000
G1 X-28.651 Y-33.799 E1654.59426 F3000
G1 X-27.886 Y-33.786 E1654.72151 F3000
G1 X-27.118 Y-33.799 E1654.84929 F3000
G1 X-26.849 Y-33.804 E1654.89409 F3000
G1 X-26.417 Y-33.826 E1654.96594 F3000
G1 X-25.781 Y-33.858 E1655.07187 F3000
G1 X-25.681 Y-33.855 E1655.08843 F3000
G1 X-25.574 Y-33.853 E1655.10637 F3000
G1 X-24.691 Y-33.825 E1655.25330 F3000
G1 X-24.310 Y-33.760 E1655.31756 F3000
G1 X-23.577 Y-33.668 E1655.44041 F3000
G1 X-23.457 Y-33.630 E1655.46135 F3000
G1 X-22.742 Y-33.459 E1655.58357 F3000
G1 X-22.589 Y-33.415 E1655.61000 F3000
G1 X-22.572 Y-33.411 E1655.61299 F3000
G1 X-22.385 Y-33.331 E1655.64675 F3000
G1 X-21.790 Y-33.046 E1655.75640 F3000
G1 X-21.694 Y-33.005 E1655.77388 F3000
G1 X-21.165 Y-32.610 E1655.88356 F3000
G1 X-20.924 Y-32.455 E1655.93120 F3000
G1 X-20.570 Y-32.052 E1656.02051 F3000
G1 X-20.405 Y-31.858 E1656.06276 F3000
G1 X-20.302 Y-31.640 E1656.10298 F3000
G1 X-20.216 Y-31.372 E1656.14973 F3000
G1 X-20.063 Y-30.947 E1656.22489 F3000
G1 X-20.059 Y-30.921 E1656.22932 F3000
G1 X-20.036 Y-30.792 E1656.25104 F3000
G1 X-19.943 Y-30.118 E1656.36421 F3000
G1 X-19.906 Y-29.233 E1656.51140 F3000
G1 X-19.900 Y-29.090 E1656.53522 F3000
G1 X-19.886 Y-28.049 E1656.70837 F3000
G1 X-19.884 Y-27.906 E1656.73224 F3000
G1 X-19.881 Y-27.755 E1656.75725 F3000
G1 X-19.852 Y-26.610 E1656.94784 F3000
G1 X-19.847 Y-26.447 E1656.97499 F3000
G1 X-19.797 Y-24.909 E1657.23085 F3000
G1 X-19.711 Y-22.590 E1657.61680 F3000
G1 X-19.709 Y-22.510 E1657.63012 F3000
G1 X-19.634 Y-20.553 E1657.95578 F3000
G1 X-19.590 Y-19.219 E1658.17762 F3000
G1 X-19.587 Y-19.118 E1658.19442 F3000
G1 X-19.581 Y-18.945 E1658.22332 F3000
G1 X-19.433 Y-14.442 E1658.97258 F3000
G1 X-19.405 Y-13.574 E1659.11693 F3000
G1 X-19.261 Y-9.174 E1659.84901 F3000
G1 X-19.152 Y-5.799 E1660.41067 F3000
G1 X-19.096 Y-4.013 E1660.70773 F3000
G1 X-19.021 Y-1.620 E1661.10589 F3000
G1 X-18.961 Y0.343 E1661.43260 F3000
G1 X-18.918 Y1.896 E1661.69099 F3000
G1 X-18.881 Y3.197 E1661.90733 F3000
G1 X-18.831 Y4.161 E1662.06793 F3000
G1 X-18.787 Y4.893 E1662.18990 F3000
G1 X-18.688 Y5.343 E1662.26640 F3000
G1 X-18.606 Y5.781 E1662.34064 F3000
G1 X-18.203 Y6.179 E1662.43475 F3000
G1 X-18.161 Y6.231 E1662.44596 F3000
G1 X-18.131 Y6.246 E1662.45153 F3000
G1 X-18.090 Y6.252 E1662.45832 F3000
G1 X-18.031 Y6.261 E1662.46831 F3000
G1 X-17.524 Y6.419 E1662.55663 F3000
G1 X-17.276 Y6.437 E1662.59789 F3000
G1 X-16.953 Y6.475 E1662.65202 F3000
G1 X-16.553 Y6.486 E1662.71861 F3000
G1 X-16.137 Y6.492 E1662.78779 F3000
G1 X-15.500 Y6.492 E1662.89371 F3000
G1 X-14.905 Y6.492 E1662.99270 F3000
G1 X-14.130 Y6.492 E1663.12148 F3000
G1 X-13.098 Y6.492 E1663.29315 F3000
G1 X-12.218 Y6.492 E1663.43956 F3000
G1 X-10.940 Y6.492 E1663.65204 F3000
G1 X-9.567 Y6.492 E1663.88042 F3000
G1 X-8.652 Y6.492 E1664.03254 F3000
G1 X-7.327 Y6.492 E1664.25284 F3000
G1 X-6.455 Y6.492 E1664.39796 F3000
G1 X-5.706 Y6.492 E1664.52251 F3000
G1 X-4.569 Y6.492 E1664.71161 F3000
G1 X-3.912 Y6.492 E1664.82075 F3000
G1 X-2.916 Y6.492 E1664.98643 F3000
G1 X-2.014 Y6.492 E1665.13652 F3000
G1 X-1.419 Y6.492 E1665.23538 F3000
G1 X-0.564 Y6.492 E1665.37766 F3000
G1 X0.000 Y6.492 E1665.47138 F3000
G1 X0.564 Y6.492 E1665.56510 F3000
G1 X1.419 Y6.492 E1665.70738 F3000
G1 X2.014 Y6.492 E1665.80624 F3000
G1 X2.916 Y6.492 E1665.95632 F3000
G1 X3.912 Y6.492 E1666.12201 F3000
G1 X4.569 Y6.492 E1666.23115 F3000
G1 X5.706 Y6.492 E1666.42024 F3000
G1 X6.455 Y6.492 E1666.54480 F3000
G1 X7.327 Y6.492 E1666.68991 F3000
G1 X8.652 Y6.492 E1666.91022 F3000
G1 X9.567 Y6.492 E1667.06234 F3000
G1 X10.940 Y6.492 E1667.29072 F3000
G1 X12.218 Y6.492 E1667.50320 F3000
G1 X13.098 Y6.492 E1667.64961 F3000
G1 X14.130 Y6.492 E1667.82128 F3000
G1 X14.905 Y6.492 E1667.95006 F3000
G1 X15.500 Y6.492 E1668.04905 F3000
G1 X16.137 Y6.492 E1668.15497 F3000
G1 X16.553 Y6.486 E1668.22415 F3000
G1 X16.953 Y6.475 E1668.29074 F3000
G1 X17.276 Y6.437 E1668.34487 F3000
G1 X17.524 Y6.419 E1668.38613 F3000
G1 X18.031 Y6.261 E1668.47444 F3000
G1 X18.090 Y6.252 E1668.48444 F3000
G1 X18.131 Y6.246 E1668.49123 F3000
G1 X18.203 Y6.179 E1668.50765 F3000
G1 X18.606 Y5.781 E1668.60177 F3000
G1 X18.688 Y5.343 E1668.67601 F3000
G1 X18.787 Y4.893 E1668.75251 F3000
G1 X18.831 Y4.161 E1668.87447 F3000
G1 X18.881 Y3.197 E1669.03508 F3000
G1 X18.918 Y1.896 E1669.25142 F3000
G1 X18.961 Y0.343 E1669.50980 F3000
G1 X19.021 Y-1.620 E1669.83651 F3000
G1 X19.096 Y-4.013 E1670.23468 F3000
G1 X19.152 Y-5.799 E1670.53173 F3000
G1 X19.261 Y-9.174 E1671.09340 F3000
G1 X19.405 Y-13.574 E1671.82547 F3000
G1 X19.433 Y-14.442 E1671.96983 F3000
G1 X19.581 Y-18.945 E1672.71909 F3000
G1 X19.587 Y-19.118 E1672.74799 F3000
G1 X19.590 Y-19.219 E1672.76478 F3000
G1 X19.634 Y-20.553 E1672.98663 F3000
G1 X19.709 Y-22.510 E1673.31228 F3000
G1 X19.711 Y-22.590 E1673.32560 F3000
G1 X19.797 Y-24.909 E1673.71156 F3000
G1 X19.847 Y-26.447 E1673.96741 F3000
G1 X19.852 Y-26.610 E1673.99457 F3000
G1 X19.881 Y-27.755 E1674.18516 F3000
G1 X19.884 Y-27.906 E1674.21017 F3000
G1 X19.886 Y-28.049 E1674.23403 F3000
G1 X19.900 Y-29.090 E1674.40719 F3000
G1 X19.906 Y-29.233 E1674.43100 F3000
G1 X19.943 Y-30.118 E1674.57819 F3000
G1 X20.036 Y-30.792 E1674.69137 F3000
G1 X20.059 Y-30.921 E1674.71309 F3000
G1 X20.063 Y-30.947 E1674.71751 F3000
G1 X20.216 Y-31.372 E1674.79267 F3000
G1 X20.302 Y-31.640 E1674.83943 F3000
G1 X20.405 Y-31.858 E1674.87965 F3000
G1 X20.570 Y-32.052 E1674.92189 F3000
G1 X20.924 Y-32.455 E1675.01121 F3000
G1 X21.165 Y-32.610 E1675.05885 F3000
G1 X21.694 Y-33.005 E1675.16853 F3000
G1 X21.790 Y-33.046 E1675.18600 F3000
G1 X22.385 Y-33.331 E1675.29566 F3000
G1 X22.557 Y-33.405 E1675.32678 F3000
G1 X22.589 Y-33.415 E1675.33239 F3000
G1 X22.742 Y-33.459 E1675.35883 F3000
G1 X23.457 Y-33.630 E1675.48104 F3000
G1 X23.577 Y-33.668 E1675.50198 F3000
G1 X24.310 Y-33.760 E1675.62483 F3000
G1 X24.691 Y-33.825 E1675.68910 F3000
G1 X25.574 Y-33.853 E1675.83603 F3000
G1 X25.681 Y-33.855 E1675.85396 F3000
G1 X25.781 Y-33.858 E1675.87053 F3000
G1 X26.417 Y-33.826 E1675.97646 F3000
G1 X26.849 Y-33.804 E1676.04830 F3000
G1 X27.118 Y-33.799 E1676.09310 F3000
G1 X27.886 Y-33.786 E1676.22088 F3000
G1 X28.651 Y-33.799 E1676.34813 F3000
G1 X28.916 Y-33.803 E1676.39219 F3000
G1 X29.341 Y-33.826 E1676.46299 F3000
G1 X29.974 Y-33.858 E1676.56837 F3000
G1 X30.065 Y-33.854 E1676.58355 F3000
G1 X30.164 Y-33.852 E1676.59988 F3000
G1 X31.046 Y-33.809 E1676.74680 F3000
G1 X31.415 Y-33.730 E1676.80958 F3000
G1 X32.190 Y-33.617 E1676.93978 F3000
G1 X32.278 Y-33.581 E1676.95560 F3000
G1 X32.685 Y-33.487 E1677.02503 F3000
G1 X33.173 Y-33.339 E1677.10984 F3000
G1 X33.247 Y-33.321 E1677.12257 F3000
G1 X33.324 Y-33.294 E1677.13613 F3000
G1 X34.292 Y-32.903 E1677.30975 F3000
G1 X34.335 Y-32.879 E1677.31797 F3000
G1 X34.650 Y-32.695 E1677.37856 F3000
G1 X35.154 Y-32.355 E1677.47971 F3000
G1 X35.250 Y-32.292 E1677.49873 F3000
G1 X35.373 Y-32.154 E1677.52951 F3000
G1 X35.945 Y-31.511 E1677.67266 F3000
G1 X36.171 Y-31.034 E1677.76036 F3000
G1 X36.326 Y-30.723 E1677.81819 F3000
G1 X36.409 Y-30.412 E1677.87177 F3000
G1 X36.579 Y-29.806 E1677.97632 F3000
G1 X36.663 Y-29.093 E1678.09578 F3000
G1 X36.741 Y-28.457 E1678.20234 F3000
G1 X36.750 Y-27.864 E1678.30095 F3000
G1 X36.764 Y-26.885 E1678.46383 F3000
G1 X36.739 Y-26.282 E1678.56421 F3000
G1 X36.696 Y-25.265 E1678.73342 F3000
G1 X36.626 Y-24.354 E1678.88533 F3000
G1 X36.582 Y-23.766 E1678.98339 F3000
G1 X36.472 Y-22.784 E1679.14773 F3000
G1 X36.393 Y-22.069 E1679.26744 F3000
G1 X36.255 Y-21.027 E1679.44216 F3000
G1 X36.101 Y-19.853 E1679.63917 F3000
G1 X35.866 Y-18.162 E1679.92306 F3000
G1 X35.676 Y-16.798 E1680.15196 F3000
G1 X35.461 Y-15.249 E1680.41204 F3000
G1 X35.091 Y-12.586 E1680.85920 F3000
G1 X34.930 Y-11.416 E1681.05561 F3000
G1 X34.438 Y-7.840 E1681.65599 F3000
G1 X33.936 Y-4.133 E1682.27794 F3000
G1 X33.819 Y-3.350 E1682.40969 F3000
G1 X33.795 Y-3.183 E1682.43771 F3000
G1 X33.337 Y0.015 E1682.97501 F3000
G1 X33.231 Y0.759 E1683.09998 F3000
G1 X33.145 Y1.429 E1683.21238 F3000
G1 X32.894 Y3.363 E1683.53668 F3000
G1 X32.844 Y3.918 E1683.62922 F3000
G1 X32.754 Y4.984 E1683.80714 F3000
G1 X32.783 Y5.736 E1683.93231 F3000
G1 X32.788 Y5.983 E1683.97344 F3000
G1 X32.939 Y6.513 E1684.06503 F3000
G1 X32.982 Y6.777 E1684.10954 F3000
G1 X32.986 Y6.838 E1684.11972 F3000
G1 X32.990 Y6.909 E1684.13149 F3000
G1 X33.073 Y7.377 E1684.21060 F3000
G1 X33.147 Y7.842 E1684.28889 F3000
G1 X33.158 Y7.935 E1684.30453 F3000
G1 X33.223 Y8.747 E1684.43988 F3000
G1 X33.243 Y9.414 E1684.55084 F3000
G1 X33.250 Y9.584 E1684.57912 F3000
G1 X33.249 Y10.169 E1684.67654 F3000
G1 X33.248 Y10.326 E1684.70268 F3000
G1 X33.246 Y10.457 E1684.72433 F3000
G1 X33.242 Y10.943 E1684.80519 F3000
G1 X33.240 Y11.059 E1684.82445 F3000
G1 X33.234 Y11.488 E1684.89591 F3000
G1 X33.229 Y11.905 E1684.96517 F3000
G1 X33.228 Y12.019 E1684.98412 F3000
G1 X33.227 Y12.466 E1685.05855 F3000
G1 X33.227 Y12.590 E1685.07909 F3000
G1 X33.228 Y12.735 E1685.10322 F3000
G1 X33.235 Y13.257 E1685.19013 F3000
G1 X33.231 Y13.431 E1685.21897 F3000
G1 X33.222 Y14.060 E1685.32363 F3000
G1 X33.175 Y14.835 E1685.45277 F3000
G1 X33.161 Y15.036 E1685.48631 F3000
G1 X33.050 Y15.997 E1685.64704 F3000
G1 X33.022 Y16.225 E1685.68532 F3000
G1 X32.975 Y16.491 E1685.73028 F3000
G1 X32.777 Y17.665 E1685.92824 F3000
G1 X32.727 Y17.922 E1685.97172 F3000
G1 X32.479 Y19.235 E1686.19405 F3000
G1 X32.221 Y20.605 E1686.42578 F3000
G1 X32.180 Y20.814 E1686.46119 F3000
G1 X31.965 Y22.085 E1686.67560 F3000
G1 X31.931 Y22.276 E1686.70796 F3000
G1 X31.910 Y22.441 E1686.73560 F3000
G1 X31.784 Y23.500 E1686.91295 F3000
G1 X31.769 Y23.660 E1686.93956 F3000
G1 X31.697 Y24.490 E1687.07824 F3000
G1 X31.646 Y25.083 E1687.17710 F3000
G1 X31.630 Y25.253 E1687.20551 F3000
G1 X31.565 Y25.654 E1687.27304 F3000
G1 X31.541 Y25.793 E1687.29661 F3000
G1 X31.500 Y25.882 E1687.31288 F3000
G1 X31.390 Y26.118 E1687.35615 F3000
G1 X31.292 Y26.165 E1687.37416 F3000
G1 X31.054 Y26.280 E1687.41819 F3000
; LAYER:38
; Z:38.500
G0 Z38.500 F600
G0 X31.056 Y26.359 F9000
G1 X30.541 Y26.402 E1687.50409 F3000
G1 X30.413 Y26.413 E1687.52541 F3000
G1 X29.552 Y26.413 E1687.66872 F3000
G1 X29.343 Y26.413 E1687.70346 F3000
G1 X29.033 Y26.413 E1687.75501 F3000
G1 X27.722 Y26.413 E1687.97304 F3000
G1 X27.358 Y26.413 E1688.03357 F3000
G1 X25.769 Y26.413 E1688.29777 F3000
G1 X24.077 Y26.413 E1688.57914 F3000
G1 X23.703 Y26.413 E1688.64129 F3000
G1 X22.089 Y26.413 E1688.90982 F3000
G1 X21.743 Y26.413 E1688.96724 F3000
G1 X21.461 Y26.413 E1689.01420 F3000
G1 X20.108 Y26.413 E1689.23926 F3000
G1 X19.857 Y26.413 E1689.28093 F3000
G1 X18.620 Y26.413 E1689.48658 F3000
G1 X17.354 Y26.413 E1689.69721 F3000
G1 X17.106 Y26.413 E1689.73844 F3000
G1 X15.665 Y26.413 E1689.97813 F3000
G1 X15.388 Y26.413 E1690.02406 F3000
G1 X15.055 Y26.413 E1690.07948 F3000
G1 X13.292 Y26.413 E1690.37268 F3000
G1 X12.930 Y26.413 E1690.43293 F3000
G1 X10.990 Y26.413 E1690.75561 F3000
G1 X9.019 Y26.413 E1691.08328 F3000
G1 X8.653 Y26.413 E1691.14415 F3000
G1 X6.799 Y26.413 E1691.45254 F3000
G1 X6.456 Y26.413 E1691.50962 F3000
G1 X6.162 Y26.413 E1691.55837 F3000
G1 X4.569 Y26.413 E1691.82331 F3000
G1 X4.313 Y26.413 E1691.86595 F3000
G1 X2.916 Y26.413 E1692.09817 F3000
G1 X1.652 Y26.413 E1692.30852 F3000
G1 X1.419 Y26.413 E1692.34714 F3000
G1 X0.220 Y26.413 E1692.54660 F3000
G1 X0.000 Y26.413 E1692.58317 F3000
G1 X-0.220 Y26.413 E1692.61975 F3000
G1 X-1.419 Y26.413 E1692.81920 F3000
G1 X-1.652 Y26.413 E1692.85783 F3000
G1 X-2.916 Y26.413 E1693.06818 F3000
G1 X-4.313 Y26.413 E1693.30040 F3000
G1 X-4.569 Y26.413 E1693.34304 F3000
G1 X-6.162 Y26.413 E1693.60798 F3000
G1 X-6.456 Y26.413 E1693.65673 F3000
G1 X-6.799 Y26.413 E1693.71380 F3000
G1 X-8.653 Y26.413 E1694.02219 F3000
G1 X-9.019 Y26.413 E1694.08306 F3000
G1 X-10.990 Y26.413 E1694.41074 F3000
G1 X-12.930 Y26.413 E1694.73342 F3000
G1 X-13.292 Y26.413 E1694.79367 F3000
G1 X-15.055 Y26.413 E1695.08686 F3000
G1 X-15.388 Y26.413 E1695.14229 F3000
G1 X-15.665 Y26.413 E1695.18821 F3000
G1 X-17.106 Y26.413 E1695.42791 F3000
G1 X-17.354 Y26.413 E1695.46914 F3000
G1 X-18.620 Y26.413 E1695.67976 F3000
G1 X-19.857 Y26.413 E1695.88542 F3000
G1 X-20.108 Y26.413 E1695.92708 F3000
G1 X-21.461 Y26.413 E1696.15215 F3000
G1 X-21.743 Y26.413 E1696.19910 F3000
G1 X-22.089 Y26.413 E1696.25653 F3000
G1 X-23.703 Y26.413 E1696.52506 F3000
G1 X-24.077 Y26.413 E1696.58721 F3000
G1 X-25.769 Y26.413 E1696.86858 F3000
G1 X-27.358 Y26.413 E1697.13278 F3000
G1 X-27.722 Y26.413 E1697.19331 F3000
G1 X-29.033 Y26.413 E1697.41133 F3000
G1 X-29.343 Y26.413 E1697.46288 F3000
G1 X-29.552 Y26.413 E1697.49763 F3000
G1 X-30.413 Y26.413 E1697.64094 F3000
G1 X-30.541 Y26.402 E1697.66225 F3000
G1 X-31.056 Y26.359 E1697.74816 F3000
G1 X-31.328 Y26.227 E1697.79839 F3000
G1 X-31.392 Y26.196 E1697.81027 F3000
G1 X-31.518 Y25.928 E1697.85962 F3000
G1 X-31.544 Y25.871 E1697.86992 F3000
G1 X-31.559 Y25.783 E1697.88482 F3000
G1 X-31.635 Y25.330 E1697.96119 F3000
G1 X-31.644 Y25.235 E1697.97712 F3000
G1 X-31.705 Y24.569 E1698.08831 F3000
G1 X-31.791 Y23.632 E1698.24484 F3000
G1 X-31.795 Y23.584 E1698.25284 F3000
G1 X-31.945 Y22.397 E1698.45184 F3000
G1 X-31.948 Y22.371 E1698.45620 F3000
G1 X-31.954 Y22.341 E1698.46121 F3000
G1 X-32.206 Y20.926 E1698.70014 F3000
G1 X-32.212 Y20.896 E1698.70528 F3000
G1 X-32.514 Y19.372 E1698.96372 F3000
G1 X-32.804 Y17.911 E1699.21132 F3000
G1 X-32.822 Y17.826 E1699.22575 F3000
G1 X-33.055 Y16.518 E1699.44680 F3000
G1 X-33.075 Y16.408 E1699.46533 F3000
G1 X-33.087 Y16.314 E1699.48116 F3000
G1 X-33.221 Y15.234 E1699.66219 F3000
G1 X-33.228 Y15.141 E1699.67762 F3000
G1 X-33.287 Y14.266 E1699.82355 F3000
G1 X-33.302 Y13.555 E1699.94175 F3000
G1 X-33.304 Y13.469 E1699.95611 F3000
G1 X-33.299 Y12.880 E1700.05405 F3000
G1 X-33.299 Y12.807 E1700.06609 F3000
G1 X-33.299 Y12.747 E1700.07614 F3000
G1 X-33.301 Y12.246 E1700.15942 F3000
G1 X-33.301 Y12.191 E1700.16856 F3000
G1 X-33.308 Y11.728 E1700.24554 F3000
G1 X-33.315 Y11.252 E1700.32478 F3000
G1 X-33.316 Y11.197 E1700.33393 F3000
G1 X-33.323 Y10.657 E1700.42375 F3000
G1 X-33.323 Y10.595 E1700.43401 F3000
G1 X-33.324 Y10.520 E1700.44650 F3000
G1 X-33.327 Y9.866 E1700.55522 F3000
G1 X-33.323 Y9.786 E1700.56860 F3000
G1 X-33.294 Y9.052 E1700.69065 F3000
G1 X-33.196 Y8.188 E1700.83532 F3000
G1 X-33.195 Y8.188 E1700.83534 F3000
G1 X-32.976 Y7.368 E1700.97658 F3000
G1 X-32.727 Y6.972 E1701.05429 F3000
G1 X-32.572 Y6.538 E1701.13102 F3000
G1 X-32.552 Y6.459 E1701.14454 F3000
G1 X-32.273 Y5.897 E1701.24881 F3000
G1 X-32.257 Y5.486 E1701.31719 F3000
G1 X-32.211 Y4.961 E1701.40488 F3000
G1 X-32.282 Y4.209 E1701.53047 F3000
G1 X-32.371 Y3.362 E1701.67214 F3000
G1 X-32.608 Y1.825 E1701.93076 F3000
G1 X-32.771 Y0.757 E1702.11043 F3000
G1 X-32.943 Y-0.270 E1702.28366 F3000
G1 X-33.441 Y-3.184 E1702.77519 F3000
G1 X-33.473 Y-3.371 E1702.80672 F3000
G1 X-33.572 Y-3.927 E1702.90074 F3000
G1 X-34.037 Y-7.082 E1703.43106 F3000
G1 X-34.149 Y-7.840 E1703.55839 F3000
G1 X-34.330 Y-9.040 E1703.76031 F3000
G1 X-34.863 Y-12.586 E1704.35658 F3000
G1 X-35.204 Y-14.833 E1704.73451 F3000
G1 X-35.502 Y-16.798 E1705.06512 F3000
G1 X-35.650 Y-17.778 E1705.22992 F3000
G1 X-35.966 Y-19.853 E1705.57886 F3000
G1 X-36.032 Y-20.314 E1705.65643 F3000
G1 X-36.286 Y-22.071 E1705.95158 F3000
G1 X-36.476 Y-23.637 E1706.21396 F3000
G1 X-36.493 Y-23.774 E1706.23695 F3000
G1 X-36.613 Y-25.222 E1706.47853 F3000
G1 X-36.618 Y-25.284 E1706.48888 F3000
G1 X-36.621 Y-25.348 E1706.49950 F3000
G1 X-36.693 Y-26.921 E1706.76146 F3000
G1 X-36.693 Y-26.953 E1706.76676 F3000
G1 X-36.648 Y-28.508 E1707.02538 F3000
G1 X-36.476 Y-29.503 E1707.19333 F3000
G1 X-36.412 Y-29.905 E1707.26102 F3000
G1 X-36.257 Y-30.332 E1707.33663 F3000
G1 X-36.076 Y-30.897 E1707.43520 F3000
G1 X-35.981 Y-31.052 E1707.46551 F3000
G1 X-35.841 Y-31.301 E1707.51303 F3000
G1 X-35.362 Y-31.840 E1707.63286 F3000
G1 X-34.728 Y-32.261 E1707.75943 F3000
G1 X-34.343 Y-32.520 E1707.83667 F3000
G1 X-33.670 Y-32.853 E1707.96149 F3000
G1 X-33.074 Y-33.102 E1708.06892 F3000
G1 X-32.514 Y-33.232 E1708.16452 F3000
G1 X-31.763 Y-33.537 E1708.29942 F3000
G1 X-31.558 Y-33.567 E1708.33388 F3000
G1 X-31.207 Y-33.641 E1708.39347 F3000
G1 X-30.068 Y-33.778 E1708.58424 F3000
G1 X-29.677 Y-33.789 E1708.64936 F3000
G1 X-29.413 Y-33.800 E1708.69322 F3000
G1 X-28.589 Y-33.810 E1708.83033 F3000
G1 X-27.981 Y-33.817 E1708.93143 F3000
G1 X-27.371 Y-33.810 E1709.03291 F3000
G1 X-26.540 Y-33.807 E1709.17114 F3000
G1 X-26.277 Y-33.799 E1709.21482 F3000
G1 X-25.897 Y-33.794 E1709.27798 F3000
G1 X-24.712 Y-33.684 E1709.47587 F3000
G1 X-24.388 Y-33.628 E1709.53060 F3000
G1 X-24.209 Y-33.606 E1709.56053 F3000
G1 X-23.453 Y-33.362 E1709.69270 F3000
G1 X-22.977 Y-33.248 E1709.77412 F3000
G1 X-22.567 Y-33.052 E1709.84963 F3000
G1 X-21.865 Y-32.751 E1709.97671 F3000
G1 X-21.671 Y-32.607 E1710.01699 F3000
G1 X-21.055 Y-32.210 E1710.13882 F3000
G1 X-21.033 Y-32.188 E1710.14399 F3000
G1 X-20.735 Y-31.649 E1710.24636 F3000
G1 X-20.465 Y-31.229 E1710.32935 F3000
G1 X-20.450 Y-31.182 E1710.33757 F3000
G1 X-20.439 Y-31.151 E1710.34309 F3000
G1 X-20.330 Y-30.492 E1710.45411 F3000
G1 X-20.286 Y-30.240 E1710.49670 F3000
G1 X-20.266 Y-29.857 E1710.56049 F3000
G1 X-20.231 Y-29.174 E1710.67427 F3000
G1 X-20.226 Y-28.685 E1710.75553 F3000
G1 X-20.217 Y-27.965 E1710.87537 F3000
G1 X-20.200 Y-27.152 E1711.01061 F3000
G1 X-20.190 Y-26.653 E1711.09348 F3000
G1 X-20.158 Y-25.534 E1711.27971 F3000
G1 X-20.141 Y-24.944 E1711.37781 F3000
G1 X-20.117 Y-24.184 E1711.50432 F3000
G1 X-20.065 Y-22.541 E1711.77765 F3000
G1 X-20.037 Y-21.676 E1711.92161 F3000
G1 X-19.955 Y-19.147 E1712.34233 F3000
G1 X-19.814 Y-14.796 E1713.06633 F3000
G1 X-19.803 Y-14.465 E1713.12137 F3000
G1 X-19.728 Y-12.142 E1713.50799 F3000
G1 X-19.678 Y-9.190 E1713.99888 F3000
G1 X-19.615 Y-5.403 E1714.62874 F3000
G1 X-19.597 Y-4.022 E1714.85849 F3000
G1 X-19.558 Y-1.535 E1715.27219 F3000
G1 X-19.536 Y0.340 E1715.58390 F3000
G1 X-19.518 Y2.019 E1715.86321 F3000
G1 X-19.502 Y3.195 E1716.05887 F3000
G1 X-19.462 Y4.283 E1716.23992 F3000
G1 X-19.429 Y4.889 E1716.34071 F3000
G1 X-19.328 Y5.274 E1716.40691 F3000
G1 X-19.238 Y5.765 E1716.48995 F3000
G1 X-18.826 Y6.120 E1716.58040 F3000
G1 X-18.788 Y6.161 E1716.58971 F3000
G1 X-18.762 Y6.172 E1716.59437 F3000
G1 X-18.719 Y6.180 E1716.60158 F3000
G1 X-18.409 Y6.333 E1716.65918 F3000
G1 X-17.937 Y6.397 E1716.73843 F3000
G1 X-17.838 Y6.413 E1716.75509 F3000
G1 X-17.348 Y6.462 E1716.83699 F3000
G1 X-17.098 Y6.471 E1716.87849 F3000
G1 X-16.807 Y6.490 E1716.92708 F3000
G1 X-16.488 Y6.494 E1716.98012 F3000
G1 X-16.127 Y6.500 E1717.04012 F3000
G1 X-15.319 Y6.498 E1717.17443 F3000
G1 X-14.907 Y6.501 E1717.24306 F3000
G1 X-14.483 Y6.503 E1717.31347 F3000
G1 X-13.101 Y6.501 E1717.54339 F3000
G1 X-12.703 Y6.502 E1717.60956 F3000
G1 X-10.941 Y6.501 E1717.90251 F3000
G1 X-9.011 Y6.501 E1718.22355 F3000
G1 X-8.653 Y6.501 E1718.28304 F3000
G1 X-6.790 Y6.501 E1718.59282 F3000
G1 X-6.455 Y6.501 E1718.64851 F3000
G1 X-6.169 Y6.501 E1718.69610 F3000
G1 X-4.569 Y6.501 E1718.96220 F3000
G1 X-4.319 Y6.501 E1719.00384 F3000
G1 X-2.916 Y6.501 E1719.23706 F3000
G1 X-1.646 Y6.501 E1719.44831 F3000
G1 X-1.419 Y6.501 E1719.48603 F3000
G1 X-0.215 Y6.501 E1719.68634 F3000
G1 X0.000 Y6.501 E1719.72206 F3000
G1 X0.215 Y6.501 E1719.75778 F3000
G1 X1.419 Y6.501 E1719.95809 F3000
G1 X1.646 Y6.501 E1719.99581 F3000
G1 X2.916 Y6.501 E1720.20706 F3000
G1 X4.319 Y6.501 E1720.44028 F3000
G1 X4.569 Y6.501 E1720.48192 F3000
G1 X6.169 Y6.501 E1720.74802 F3000
G1 X6.455 Y6.501 E1720.79561 F3000
G1 X6.790 Y6.501 E1720.85130 F3000
G1 X8.653 Y6.501 E1721.16107 F3000
G1 X9.011 Y6.501 E1721.22057 F3000
G1 X10.941 Y6.501 E1721.54161 F3000
G1 X12.703 Y6.502 E1721.83456 F3000
G1 X13.101 Y6.501 E1721.90073 F3000
G1 X14.483 Y6.503 E1722.13065 F3000
G1 X14.907 Y6.501 E1722.20105 F3000
G1 X15.319 Y6.498 E1722.26969 F3000
G1 X16.127 Y6.500 E1722.40400 F3000
G1 X16.488 Y6.494 E1722.46399 F3000
G1 X16.807 Y6.490 E1722.51704 F3000
G1 X17.098 Y6.471 E1722.56563 F3000
G1 X17.348 Y6.462 E1722.60712 F3000
G1 X17.838 Y6.413 E1722.68902 F3000
G1 X17.937 Y6.397 E1722.70569 F3000
G1 X18.409 Y6.333 E1722.78494 F3000
G1 X18.719 Y6.180 E1722.84254 F3000
G1 X18.762 Y6.172 E1722.84974 F3000
G1 X18.788 Y6.161 E1722.85440 F3000
G1 X18.826 Y6.120 E1722.86372 F3000
G1 X19.238 Y5.765 E1722.95417 F3000
G1 X19.328 Y5.274 E1723.03720 F3000
G1 X19.429 Y4.889 E1723.10341 F3000
G1 X19.462 Y4.283 E1723.20419 F3000
G1 X19.502 Y3.195 E1723.38525 F3000
G1 X19.518 Y2.019 E1723.58091 F3000
G1 X19.536 Y0.340 E1723.86022 F3000
G1 X19.558 Y-1.535 E1724.17192 F3000
G1 X19.597 Y-4.022 E1724.58563 F3000
G1 X19.615 Y-5.403 E1724.81538 F3000
G1 X19.678 Y-9.190 E1725.44524 F3000
G1 X19.728 Y-12.142 E1725.93612 F3000
G1 X19.803 Y-14.465 E1726.32274 F3000
G1 X19.814 Y-14.796 E1726.37779 F3000
G1 X19.955 Y-19.147 E1727.10178 F3000
G1 X20.037 Y-21.676 E1727.52251 F3000
G1 X20.065 Y-22.541 E1727.66647 F3000
G1 X20.117 Y-24.184 E1727.93980 F3000
G1 X20.141 Y-24.944 E1728.06631 F3000
G1 X20.158 Y-25.534 E1728.16441 F3000
G1 X20.190 Y-26.653 E1728.35064 F3000
G1 X20.200 Y-27.152 E1728.43351 F3000
G1 X20.217 Y-27.965 E1728.56874 F3000
G1 X20.226 Y-28.685 E1728.68858 F3000
G1 X20.231 Y-29.174 E1728.76984 F3000
G1 X20.266 Y-29.857 E1728.88363 F3000
G1 X20.286 Y-30.240 E1728.94742 F3000
G1 X20.330 Y-30.492 E1728.99001 F3000
G1 X20.439 Y-31.151 E1729.10102 F3000
G1 X20.450 Y-31.182 E1729.10655 F3000
G1 X20.465 Y-31.229 E1729.11477 F3000
G1 X20.735 Y-31.649 E1729.19775 F3000
G1 X21.033 Y-32.188 E1729.30013 F3000
G1 X21.055 Y-32.210 E1729.30529 F3000
G1 X21.671 Y-32.607 E1729.42713 F3000
G1 X21.865 Y-32.751 E1729.46741 F3000
G1 X22.567 Y-33.052 E1729.59449 F3000
G1 X22.977 Y-33.248 E1729.66999 F3000
G1 X23.453 Y-33.362 E1729.75142 F3000
G1 X24.209 Y-33.606 E1729.88359 F3000
G1 X24.388 Y-33.628 E1729.91352 F3000
G1 X24.712 Y-33.684 E1729.96825 F3000
G1 X25.897 Y-33.794 E1730.16614 F3000
G1 X26.277 Y-33.799 E1730.22930 F3000
G1 X26.540 Y-33.807 E1730.27298 F3000
G1 X27.371 Y-33.810 E1730.41121 F3000
G1 X27.981 Y-33.817 E1730.51269 F3000
G1 X28.589 Y-33.810 E1730.61378 F3000
G1 X29.413 Y-33.800 E1730.75089 F3000
G1 X29.677 Y-33.789 E1730.79476 F3000
G1 X30.068 Y-33.778 E1730.85988 F3000
G1 X31.207 Y-33.641 E1731.05065 F3000
G1 X31.558 Y-33.567 E1731.11024 F3000
G1 X31.763 Y-33.537 E1731.14470 F3000
G1 X32.514 Y-33.232 E1731.27960 F3000
G1 X33.074 Y-33.102 E1731.37519 F3000
G1 X33.670 Y-32.853 E1731.48263 F3000
G1 X34.343 Y-32.520 E1731.60745 F3000
G1 X34.728 Y-32.261 E1731.68468 F3000
G1 X35.362 Y-31.840 E1731.81126 F3000
G1 X35.841 Y-31.301 E1731.93109 F3000
G1 X35.981 Y-31.052 E1731.97860 F3000
G1 X36.076 Y-30.897 E1732.00892 F3000
G1 X36.257 Y-30.332 E1732.10749 F3000
G1 X36.412 Y-29.905 E1732.18310 F3000
G1 X36.476 Y-29.503 E1732.25079 F3000
G1 X36.648 Y-28.508 E1732.41874 F3000
G1 X36.693 Y-26.953 E1732.67735 F3000
G1 X36.693 Y-26.921 E1732.68266 F3000
G1 X36.621 Y-25.348 E1732.94462 F3000
G1 X36.618 Y-25.284 E1732.95524 F3000
G1 X36.613 Y-25.222 E1732.96559 F3000
G1 X36.493 Y-23.774 E1733.20717 F3000
G1 X36.476 Y-23.637 E1733.23016 F3000
G1 X36.286 Y-22.071 E1733.49253 F3000
G1 X36.032 Y-20.314 E1733.78769 F3000
G1 X35.966 Y-19.853 E1733.86525 F3000
G1 X35.650 Y-17.778 E1734.21420 F3000
G1 X35.502 Y-16.798 E1734.37900 F3000
G1 X35.204 Y-14.833 E1734.70960 F3000
G1 X34.863 Y-12.586 E1735.08754 F3000
G1 X34.330 Y-9.040 E1735.68380 F3000
G1 X34.149 Y-7.840 E1735.88573 F3000
G1 X34.037 Y-7.082 E1736.01305 F3000
G1 X33.572 Y-3.927 E1736.54338 F3000
G1 X33.473 Y-3.371 E1736.63740 F3000
G1 X33.441 Y-3.184 E1736.66893 F3000
G1 X32.943 Y-0.270 E1737.16046 F3000
G1 X32.771 Y0.757 E1737.33368 F3000
G1 X32.608 Y1.825 E1737.51335 F3000
G1 X32.371 Y3.362 E1737.77198 F3000
G1 X32.282 Y4.209 E1737.91364 F3000
G1 X32.211 Y4.961 E1738.03924 F3000
G1 X32.257 Y5.486 E1738.12692 F3000
G1 X32.273 Y5.897 E1738.19531 F3000
G1 X32.552 Y6.459 E1738.29958 F3000
G1 X32.572 Y6.538 E1738.31310 F3000
G1 X32.727 Y6.972 E1738.38983 F3000
G1 X32.976 Y7.368 E1738.46753 F3000
G1 X33.195 Y8.188 E1738.60877 F3000
G1 X33.196 Y8.188 E1738.60880 F3000
G1 X33.294 Y9.052 E1738.75346 F3000
G1 X33.323 Y9.786 E1738.87552 F3000
G1 X33.327 Y9.866 E1738.88889 F3000
G1 X33.324 Y10.520 E1738.99762 F3000
G1 X33.323 Y10.595 E1739.01011 F3000
G1 X33.323 Y10.657 E1739.02037 F3000
G1 X33.316 Y11.197 E1739.11019 F3000
G1 X33.315 Y11.252 E1739.11933 F3000
G1 X33.308 Y11.728 E1739.19857 F3000
G1 X33.301 Y12.191 E1739.27556 F3000
G1 X33.301 Y12.246 E1739.28470 F3000
G1 X33.299 Y12.747 E1739.36798 F3000
G1 X33.299 Y12.807 E1739.37803 F3000
G1 X33.299 Y12.880 E1739.39006 F3000
G1 X33.304 Y13.469 E1739.48801 F3000
G1 X33.302 Y13.555 E1739.50237 F3000
G1 X33.287 Y14.266 E1739.62057 F3000
G1 X33.228 Y15.141 E1739.76650 F3000
G1 X33.221 Y15.234 E1739.78192 F3000
G1 X33.087 Y16.314 E1739.96296 F3000
G1 X33.075 Y16.408 E1739.97879 F3000
G1 X33.055 Y16.518 E1739.99731 F3000
G1 X32.822 Y17.826 E1740.21836 F3000
G1 X32.804 Y17.911 E1740.23280 F3000
G1 X32.514 Y19.372 E1740.48039 F3000
G1 X32.212 Y20.896 E1740.73884 F3000
G1 X32.206 Y20.926 E1740.74397 F3000
G1 X31.954 Y22.341 E1740.98290 F3000
G1 X31.945 Y22.397 E1740.99227 F3000
G1 X31.795 Y23.584 E1741.19127 F3000
G1 X31.791 Y23.632 E1741.19927 F3000
G1 X31.705 Y24.569 E1741.35580 F3000
G1 X31.644 Y25.235 E1741.46699 F3000
G1 X31.635 Y25.330 E1741.48293 F3000
G1 X31.559 Y25.783 E1741.55929 F3000
G1 X31.544 Y25.871 E1741.57419 F3000
G1 X31.518 Y25.928 E1741.58449 F3000
G1 X31.392 Y26.196 E1741.63384 F3000
G1 X31.328 Y26.227 E1741.64572 F3000
G1 X31.056 Y26.359 E1741.69595 F3000
; LAYER:39
; Z:39.500
G0 Z39.500 F600
G0 X30.426 Y26.513 F9000
G1 X30.970 Y26.467 E1741.78670 F3000
G1 X31.068 Y26.459 E1741.80314 F3000
G1 X31.121 Y26.433 E1741.81284 F3000
G1 X31.404 Y26.296 E1741.86526 F3000
G1 X31.427 Y26.247 E1741.87424 F3000
G1 X31.557 Y25.970 E1741.92504 F3000
G1 X31.638 Y25.484 E1742.00707 F3000
G1 X31.647 Y25.428 E1742.01654 F3000
G1 X31.714 Y24.714 E1742.13577 F3000
G1 X31.718 Y24.668 E1742.14335 F3000
G1 X31.723 Y24.615 E1742.15219 F3000
G1 X31.811 Y23.692 E1742.30644 F3000
G1 X31.813 Y23.672 E1742.30978 F3000
G1 X31.913 Y22.913 E1742.43711 F3000
G1 X31.967 Y22.499 E1742.50659 F3000
G1 X32.226 Y21.111 E1742.74138 F3000
G1 X32.544 Y19.582 E1743.00106 F3000
G1 X32.545 Y19.574 E1743.00233 F3000
G1 X32.626 Y19.189 E1743.06775 F3000
G1 X32.860 Y18.069 E1743.25806 F3000
G1 X32.863 Y18.052 E1743.26096 F3000
G1 X33.119 Y16.683 E1743.49252 F3000
G1 X33.264 Y15.571 E1743.67905 F3000
G1 X33.338 Y14.608 E1743.83966 F3000
G1 X33.341 Y14.564 E1743.84698 F3000
G1 X33.342 Y14.528 E1743.85301 F3000
G1 X33.360 Y13.771 E1743.97899 F3000
G1 X33.360 Y13.740 E1743.98416 F3000
G1 X33.357 Y13.115 E1744.08801 F3000
G1 X33.358 Y12.593 E1744.17476 F3000
G1 X33.358 Y12.568 E1744.17896 F3000
G1 X33.364 Y12.092 E1744.25810 F3000
G1 X33.364 Y12.070 E1744.26175 F3000
G1 X33.364 Y12.048 E1744.26543 F3000
G1 X33.370 Y11.562 E1744.34626 F3000
G1 X33.370 Y11.538 E1744.35030 F3000
G1 X33.376 Y10.984 E1744.44239 F3000
G1 X33.379 Y10.305 E1744.55543 F3000
G1 X33.341 Y9.517 E1744.68654 F3000
G1 X33.337 Y9.481 E1744.69251 F3000
G1 X33.278 Y9.083 E1744.75949 F3000
G1 X33.221 Y8.707 E1744.82271 F3000
G1 X32.978 Y7.969 E1744.95196 F3000
G1 X32.682 Y7.545 E1745.03787 F3000
G1 X32.561 Y7.349 E1745.07615 F3000
G1 X32.270 Y7.133 E1745.13654 F3000
G1 X31.900 Y6.842 E1745.21474 F3000
G1 X31.726 Y6.776 E1745.24575 F3000
G1 X30.938 Y6.295 E1745.39918 F3000
G1 X30.851 Y6.268 E1745.41434 F3000
G1 X30.375 Y5.983 E1745.50673 F3000
G1 X30.114 Y5.795 E1745.56019 F3000
G1 X30.042 Y5.518 E1745.60772 F3000
G1 X29.934 Y4.932 E1745.70688 F3000
G1 X30.151 Y3.838 E1745.89232 F3000
G1 X30.247 Y3.341 E1745.97645 F3000
G1 X30.621 Y2.143 E1746.18513 F3000
G1 X31.088 Y0.722 E1746.43401 F3000
G1 X31.533 Y-0.505 E1746.65101 F3000
G1 X32.148 Y-3.226 E1747.11501 F3000
G1 X32.882 Y-6.273 E1747.63617 F3000
G1 X33.262 Y-7.873 E1747.90960 F3000
G1 X33.378 Y-8.356 E1747.99233 F3000
G1 X33.600 Y-9.236 E1748.14322 F3000
G1 X34.204 Y-12.609 E1748.71308 F3000
G1 X34.485 Y-14.147 E1748.97299 F3000
G1 X34.968 Y-16.815 E1749.42401 F3000
G1 X35.164 Y-17.894 E1749.60630 F3000
G1 X35.526 Y-19.862 E1749.93911 F3000
G1 X35.597 Y-20.274 E1750.00854 F3000
G1 X35.912 Y-22.078 E1750.31319 F3000
G1 X36.081 Y-23.237 E1750.50786 F3000
G1 X36.148 Y-23.791 E1750.60069 F3000
G1 X36.273 Y-25.325 E1750.85671 F3000
G1 X36.342 Y-26.869 E1751.11373 F3000
G1 X36.348 Y-27.004 E1751.13610 F3000
G1 X36.310 Y-28.376 E1751.36447 F3000
G1 X36.290 Y-28.659 E1751.41153 F3000
G1 X35.986 Y-29.651 E1751.58418 F3000
G1 X35.813 Y-30.286 E1751.69363 F3000
G1 X35.629 Y-30.584 E1751.75176 F3000
G1 X35.489 Y-30.834 E1751.79943 F3000
G1 X34.827 Y-31.509 E1751.95680 F3000
G1 X34.391 Y-31.933 E1752.05786 F3000
G1 X33.674 Y-32.462 E1752.20595 F3000
G1 X32.963 Y-32.813 E1752.33790 F3000
G1 X32.854 Y-32.859 E1752.35764 F3000
G1 X32.751 Y-32.883 E1752.37520 F3000
G1 X32.493 Y-32.987 E1752.42145 F3000
G1 X30.364 Y-33.462 E1752.78415 F3000
G1 X30.001 Y-33.505 E1752.84493 F3000
G1 X29.629 Y-33.523 E1752.90697 F3000
G1 X28.075 Y-33.585 E1753.16550 F3000
G1 X26.476 Y-33.557 E1753.43146 F3000
G1 X26.142 Y-33.545 E1753.48705 F3000
G1 X25.833 Y-33.517 E1753.53862 F3000
G1 X23.608 Y-33.146 E1753.91379 F3000
G1 X23.449 Y-33.095 E1753.94158 F3000
G1 X23.393 Y-33.081 E1753.95123 F3000
G1 X23.344 Y-33.058 E1753.96017 F3000
G1 X23.088 Y-32.948 E1754.00643 F3000
G1 X22.035 Y-32.239 E1754.21766 F3000
G1 X21.258 Y-31.511 E1754.39468 F3000
G1 X21.125 Y-31.276 E1754.43958 F3000
G1 X20.960 Y-30.682 E1754.54210 F3000
G1 X20.878 Y-30.421 E1754.58771 F3000
G1 X20.834 Y-29.936 E1754.66858 F3000
G1 X20.775 Y-29.282 E1754.77788 F3000
G1 X20.773 Y-28.659 E1754.88145 F3000
G1 X20.769 Y-28.030 E1754.98599 F3000
G1 X20.762 Y-27.322 E1755.10381 F3000
G1 X20.755 Y-26.693 E1755.20847 F3000
G1 X20.742 Y-25.691 E1755.37507 F3000
G1 X20.730 Y-24.968 E1755.49526 F3000
G1 X20.714 Y-24.089 E1755.64145 F3000
G1 X20.691 Y-22.557 E1755.89628 F3000
G1 X20.674 Y-21.648 E1756.04746 F3000
G1 X20.636 Y-19.159 E1756.46149 F3000
G1 X20.580 Y-15.520 E1757.06673 F3000
G1 X20.598 Y-14.714 E1757.20075 F3000
G1 X20.605 Y-14.467 E1757.24182 F3000
G1 X20.691 Y-10.838 E1757.84559 F3000
G1 X20.743 Y-9.174 E1758.12235 F3000
G1 X20.862 Y-5.352 E1758.75827 F3000
G1 X20.899 Y-4.001 E1758.98300 F3000
G1 X20.967 Y-1.900 E1759.33262 F3000
G1 X21.281 Y0.363 E1759.71259 F3000
G1 X21.469 Y1.838 E1759.95987 F3000
G1 X21.662 Y3.210 E1760.19030 F3000
G1 X21.678 Y3.716 E1760.27447 F3000
G1 X21.748 Y4.890 E1760.47013 F3000
G1 X21.575 Y5.475 E1760.57152 F3000
G1 X21.460 Y5.752 E1760.62146 F3000
G1 X21.179 Y5.909 E1760.67497 F3000
G1 X20.607 Y6.131 E1760.77694 F3000
G1 X20.574 Y6.136 E1760.78262 F3000
G1 X19.543 Y6.363 E1760.95817 F3000
G1 X19.371 Y6.374 E1760.98685 F3000
G1 X18.844 Y6.444 E1761.07531 F3000
G1 X18.391 Y6.461 E1761.15054 F3000
G1 X18.190 Y6.488 E1761.18439 F3000
G1 X17.596 Y6.509 E1761.28313 F3000
G1 X17.074 Y6.535 E1761.37008 F3000
G1 X16.776 Y6.532 E1761.41969 F3000
G1 X16.538 Y6.542 E1761.45934 F3000
G1 X16.298 Y6.540 E1761.49917 F3000
G1 X15.870 Y6.548 E1761.57045 F3000
G1 X14.999 Y6.543 E1761.71518 F3000
G1 X13.203 Y6.542 E1762.01393 F3000
G1 X13.144 Y6.542 E1762.02375 F3000
G1 X12.286 Y6.542 E1762.16640 F3000
G1 X11.035 Y6.545 E1762.37441 F3000
G1 X10.956 Y6.545 E1762.38759 F3000
G1 X10.869 Y6.545 E1762.40205 F3000
G1 X8.659 Y6.547 E1762.76965 F3000
G1 X8.529 Y6.547 E1762.79127 F3000
G1 X6.460 Y6.548 E1763.13535 F3000
G1 X4.691 Y6.548 E1763.42943 F3000
G1 X4.572 Y6.548 E1763.44924 F3000
G1 X3.025 Y6.548 E1763.70652 F3000
G1 X2.918 Y6.548 E1763.72427 F3000
G1 X2.822 Y6.548 E1763.74035 F3000
G1 X1.420 Y6.548 E1763.97340 F3000
G1 X1.327 Y6.548 E1763.98887 F3000
G1 X0.000 Y6.548 E1764.20958 F3000
G1 X-1.327 Y6.548 E1764.43030 F3000
G1 X-1.420 Y6.548 E1764.44576 F3000
G1 X-2.822 Y6.548 E1764.67882 F3000
G1 X-2.918 Y6.548 E1764.69489 F3000
G1 X-3.025 Y6.548 E1764.71264 F3000
G1 X-4.572 Y6.548 E1764.96993 F3000
G1 X-4.691 Y6.548 E1764.98974 F3000
G1 X-6.460 Y6.548 E1765.28382 F3000
G1 X-8.529 Y6.547 E1765.62790 F3000
G1 X-8.659 Y6.547 E1765.64951 F3000
G1 X-10.869 Y6.545 E1766.01712 F3000
G1 X-10.956 Y6.545 E1766.03157 F3000
G1 X-11.035 Y6.545 E1766.04476 F3000
G1 X-12.286 Y6.542 E1766.25277 F3000
G1 X-13.144 Y6.542 E1766.39542 F3000
G1 X-13.203 Y6.542 E1766.40524 F3000
G1 X-14.999 Y6.543 E1766.70399 F3000
G1 X-15.870 Y6.548 E1766.84871 F3000
G1 X-16.298 Y6.540 E1766.92000 F3000
G1 X-16.538 Y6.542 E1766.95982 F3000
G1 X-16.776 Y6.532 E1766.99948 F3000
G1 X-17.074 Y6.535 E1767.04909 F3000
G1 X-17.581 Y6.509 E1767.13355 F3000
G1 X-18.190 Y6.488 E1767.23478 F3000
G1 X-18.391 Y6.461 E1767.26863 F3000
G1 X-18.844 Y6.444 E1767.34386 F3000
G1 X-19.371 Y6.374 E1767.43232 F3000
G1 X-19.543 Y6.363 E1767.46099 F3000
G1 X-20.574 Y6.136 E1767.63655 F3000
G1 X-20.607 Y6.131 E1767.64222 F3000
G1 X-21.179 Y5.909 E1767.74420 F3000
G1 X-21.460 Y5.752 E1767.79771 F3000
G1 X-21.575 Y5.475 E1767.84765 F3000
G1 X-21.748 Y4.890 E1767.94904 F3000
G1 X-21.678 Y3.716 E1768.14469 F3000
G1 X-21.662 Y3.210 E1768.22887 F3000
G1 X-21.469 Y1.838 E1768.45930 F3000
G1 X-21.281 Y0.363 E1768.70658 F3000
G1 X-20.967 Y-1.900 E1769.08655 F3000
G1 X-20.899 Y-4.001 E1769.43617 F3000
G1 X-20.862 Y-5.352 E1769.66090 F3000
G1 X-20.743 Y-9.174 E1770.29682 F3000
G1 X-20.691 Y-10.838 E1770.57358 F3000
G1 X-20.605 Y-14.467 E1771.17735 F3000
G1 X-20.598 Y-14.714 E1771.21842 F3000
G1 X-20.580 Y-15.520 E1771.35244 F3000
G1 X-20.636 Y-19.159 E1771.95768 F3000
G1 X-20.674 Y-21.648 E1772.37171 F3000
G1 X-20.691 Y-22.557 E1772.52289 F3000
G1 X-20.714 Y-24.089 E1772.77772 F3000
G1 X-20.730 Y-24.968 E1772.92391 F3000
G1 X-20.742 Y-25.691 E1773.04410 F3000
G1 X-20.755 Y-26.693 E1773.21070 F3000
G1 X-20.762 Y-27.322 E1773.31536 F3000
G1 X-20.769 Y-28.030 E1773.43318 F3000
G1 X-20.773 Y-28.659 E1773.53771 F3000
G1 X-20.775 Y-29.282 E1773.64129 F3000
G1 X-20.834 Y-29.936 E1773.75059 F3000
G1 X-20.878 Y-30.421 E1773.83146 F3000
G1 X-20.960 Y-30.682 E1773.87707 F3000
G1 X-21.125 Y-31.276 E1773.97959 F3000
G1 X-21.258 Y-31.511 E1774.02449 F3000
G1 X-22.035 Y-32.239 E1774.20151 F3000
G1 X-23.088 Y-32.948 E1774.41274 F3000
G1 X-23.344 Y-33.058 E1774.45899 F3000
G1 X-23.393 Y-33.081 E1774.46794 F3000
G1 X-23.449 Y-33.095 E1774.47758 F3000
G1 X-23.608 Y-33.146 E1774.50538 F3000
G1 X-25.833 Y-33.517 E1774.88055 F3000
G1 X-26.142 Y-33.545 E1774.93212 F3000
G1 X-26.476 Y-33.557 E1774.98771 F3000
G1 X-28.075 Y-33.585 E1775.25367 F3000
G1 X-29.629 Y-33.523 E1775.51219 F3000
G1 X-30.001 Y-33.505 E1775.57424 F3000
G1 X-30.364 Y-33.462 E1775.63502 F3000
G1 X-32.493 Y-32.987 E1775.99772 F3000
G1 X-32.751 Y-32.883 E1776.04397 F3000
G1 X-32.854 Y-32.859 E1776.06153 F3000
G1 X-32.963 Y-32.813 E1776.08127 F3000
G1 X-33.674 Y-32.462 E1776.21322 F3000
G1 X-34.391 Y-31.933 E1776.36130 F3000
G1 X-34.827 Y-31.509 E1776.46237 F3000
G1 X-35.489 Y-30.834 E1776.61974 F3000
G1 X-35.629 Y-30.584 E1776.66741 F3000
G1 X-35.813 Y-30.286 E1776.72554 F3000
G1 X-35.986 Y-29.651 E1776.83499 F3000
G1 X-36.290 Y-28.659 E1777.00764 F3000
G1 X-36.310 Y-28.376 E1777.05470 F3000
G1 X-36.348 Y-27.004 E1777.28307 F3000
G1 X-36.342 Y-26.869 E1777.30544 F3000
G1 X-36.273 Y-25.325 E1777.56246 F3000
G1 X-36.151 Y-23.824 E1777.81296 F3000
G1 X-36.081 Y-23.237 E1777.91130 F3000
G1 X-35.912 Y-22.078 E1778.10598 F3000
G1 X-35.597 Y-20.274 E1778.41062 F3000
G1 X-35.526 Y-19.862 E1778.48005 F3000
G1 X-35.164 Y-17.894 E1778.81287 F3000
G1 X-34.968 Y-16.815 E1778.99516 F3000
G1 X-34.485 Y-14.147 E1779.44617 F3000
G1 X-34.204 Y-12.609 E1779.70609 F3000
G1 X-33.600 Y-9.236 E1780.27595 F3000
G1 X-33.378 Y-8.356 E1780.42684 F3000
G1 X-33.262 Y-7.873 E1780.50957 F3000
G1 X-32.882 Y-6.273 E1780.78299 F3000
G1 X-32.148 Y-3.226 E1781.30416 F3000
G1 X-31.533 Y-0.505 E1781.76815 F3000
G1 X-31.088 Y0.722 E1781.98516 F3000
G1 X-30.621 Y2.143 E1782.23403 F3000
G1 X-30.247 Y3.341 E1782.44271 F3000
G1 X-30.151 Y3.838 E1782.52684 F3000
G1 X-29.934 Y4.932 E1782.71228 F3000
G1 X-30.042 Y5.518 E1782.81144 F3000
G1 X-30.114 Y5.795 E1782.85898 F3000
G1 X-30.375 Y5.983 E1782.91244 F3000
G1 X-30.851 Y6.268 E1783.00483 F3000
G1 X-30.938 Y6.295 E1783.01998 F3000
G1 X-31.726 Y6.776 E1783.17342 F3000
G1 X-31.900 Y6.842 E1783.20443 F3000
G1 X-32.270 Y7.133 E1783.28263 F3000
G1 X-32.561 Y7.349 E1783.34302 F3000
G1 X-32.682 Y7.545 E1783.38129 F3000
G1 X-32.978 Y7.969 E1783.46721 F3000
G1 X-33.214 Y8.682 E1783.59217 F3000
G1 X-33.278 Y9.083 E1783.65965 F3000
G1 X-33.337 Y9.481 E1783.72663 F3000
G1 X-33.341 Y9.517 E1783.73260 F3000
G1 X-33.379 Y10.277 E1783.85913 F3000
G1 X-33.379 Y10.305 E1783.86371 F3000
G1 X-33.376 Y10.984 E1783.97675 F3000
G1 X-33.370 Y11.538 E1784.06884 F3000
G1 X-33.364 Y12.048 E1784.15372 F3000
G1 X-33.364 Y12.092 E1784.16105 F3000
G1 X-33.358 Y12.568 E1784.24018 F3000
G1 X-33.358 Y12.593 E1784.24438 F3000
G1 X-33.357 Y13.115 E1784.33114 F3000
G1 X-33.360 Y13.740 E1784.43498 F3000
G1 X-33.342 Y14.528 E1784.56613 F3000
G1 X-33.338 Y14.608 E1784.57947 F3000
G1 X-33.270 Y15.525 E1784.73240 F3000
G1 X-33.264 Y15.571 E1784.74010 F3000
G1 X-33.119 Y16.683 E1784.92663 F3000
G1 X-32.863 Y18.052 E1785.15819 F3000
G1 X-32.626 Y19.189 E1785.35140 F3000
G1 X-32.547 Y19.567 E1785.41560 F3000
G1 X-32.544 Y19.582 E1785.41809 F3000
G1 X-32.230 Y21.089 E1785.67405 F3000
G1 X-31.967 Y22.499 E1785.91256 F3000
G1 X-31.913 Y22.913 E1785.98204 F3000
G1 X-31.813 Y23.672 E1786.10937 F3000
G1 X-31.811 Y23.692 E1786.11271 F3000
G1 X-31.723 Y24.615 E1786.26696 F3000
G1 X-31.718 Y24.668 E1786.27580 F3000
G1 X-31.714 Y24.714 E1786.28338 F3000
G1 X-31.647 Y25.428 E1786.40261 F3000
G1 X-31.638 Y25.484 E1786.41208 F3000
G1 X-31.557 Y25.970 E1786.49411 F3000
G1 X-31.427 Y26.247 E1786.54491 F3000
G1 X-31.404 Y26.296 E1786.55389 F3000
G1 X-31.121 Y26.433 E1786.60631 F3000
G1 X-31.068 Y26.459 E1786.61601 F3000
G1 X-30.970 Y26.467 E1786.63245 F3000
G1 X-30.426 Y26.513 E1786.72320 F3000
G1 X-30.269 Y26.513 E1786.74929 F3000
G1 X-29.356 Y26.513 E1786.90120 F3000
G1 X-27.946 Y26.513 E1787.13557 F3000
G1 X-27.735 Y26.514 E1787.17071 F3000
G1 X-26.013 Y26.514 E1787.45709 F3000
G1 X-25.783 Y26.514 E1787.49539 F3000
G1 X-25.552 Y26.514 E1787.53373 F3000
G1 X-23.717 Y26.514 E1787.83887 F3000
G1 X-23.521 Y26.514 E1787.87151 F3000
G1 X-21.757 Y26.514 E1788.16480 F3000
G1 X-20.259 Y26.514 E1788.41406 F3000
G1 X-20.122 Y26.515 E1788.43682 F3000
G1 X-18.745 Y26.515 E1788.66570 F3000
G1 X-18.634 Y26.515 E1788.68419 F3000
G1 X-18.525 Y26.515 E1788.70237 F3000
G1 X-17.119 Y26.515 E1788.93615 F3000
G1 X-17.007 Y26.515 E1788.95474 F3000
G1 X-15.401 Y26.515 E1789.22194 F3000
G1 X-13.420 Y26.515 E1789.55139 F3000
G1 X-13.303 Y26.515 E1789.57081 F3000
G1 X-11.117 Y26.515 E1789.93426 F3000
G1 X-10.998 Y26.515 E1789.95404 F3000
G1 X-10.880 Y26.515 E1789.97368 F3000
G1 X-8.660 Y26.515 E1790.34290 F3000
G1 X-8.556 Y26.515 E1790.36025 F3000
G1 X-6.461 Y26.516 E1790.70866 F3000
G1 X-4.655 Y26.516 E1791.00894 F3000
G1 X-4.573 Y26.516 E1791.02260 F3000
G1 X-2.988 Y26.516 E1791.28620 F3000
G1 X-2.919 Y26.516 E1791.29768 F3000
G1 X-2.857 Y26.516 E1791.30798 F3000
G1 X-1.420 Y26.516 E1791.54685 F3000
G1 X-1.363 Y26.516 E1791.55638 F3000
G1 X0.000 Y26.516 E1791.78306 F3000
G1 X1.363 Y26.516 E1792.00975 F3000
G1 X1.420 Y26.516 E1792.01928 F3000
G1 X2.857 Y26.516 E1792.25815 F3000
G1 X2.919 Y26.516 E1792.26845 F3000
G1 X2.988 Y26.516 E1792.27993 F3000
G1 X4.573 Y26.516 E1792.54353 F3000
G1 X4.655 Y26.516 E1792.55718 F3000
G1 X6.461 Y26.516 E1792.85747 F3000
G1 X8.556 Y26.515 E1793.20587 F3000
G1 X8.660 Y26.515 E1793.22323 F3000
G1 X10.880 Y26.515 E1793.59245 F3000
G1 X10.998 Y26.515 E1793.61209 F3000
G1 X11.117 Y26.515 E1793.63187 F3000
G1 X13.303 Y26.515 E1793.99531 F3000
G1 X13.420 Y26.515 E1794.01474 F3000
G1 X15.401 Y26.515 E1794.34419 F3000
G1 X17.007 Y26.515 E1794.61139 F3000
G1 X17.119 Y26.515 E1794.62998 F3000
G1 X18.525 Y26.515 E1794.86376 F3000
G1 X18.634 Y26.515 E1794.88194 F3000
G1 X18.745 Y26.515 E1794.90042 F3000
G1 X20.122 Y26.515 E1795.12930 F3000
G1 X20.259 Y26.514 E1795.15207 F3000
G1 X21.757 Y26.514 E1795.40133 F3000
G1 X23.521 Y26.514 E1795.69461 F3000
G1 X23.717 Y26.514 E1795.72726 F3000
G1 X25.552 Y26.514 E1796.03240 F3000
G1 X25.783 Y26.514 E1796.07074 F3000
G1 X26.013 Y26.514 E1796.10904 F3000
G1 X27.735 Y26.514 E1796.39541 F3000
G1 X27.946 Y26.513 E1796.43055 F3000
G1 X29.356 Y26.513 E1796.66493 F3000
G1 X30.269 Y26.513 E1796.81684 F3000
G1 X30.426 Y26.513 E1796.84293 F3000
; LAYER:40
; Z:40.500
G0 Z40.500 F600
G0 X30.454 Y26.645 F9000
G1 X31.063 Y26.593 E1796.94463 F3000
G1 X31.096 Y26.590 E1796.95004 F3000
G1 X31.113 Y26.581 E1796.95330 F3000
G1 X31.432 Y26.427 E1797.01211 F3000
G1 X31.440 Y26.409 E1797.01537 F3000
G1 X31.583 Y26.100 E1797.07198 F3000
G1 X31.672 Y25.565 E1797.16228 F3000
G1 X31.702 Y25.250 E1797.21484 F3000
G1 X31.744 Y24.801 E1797.28991 F3000
G1 X31.832 Y23.904 E1797.43967 F3000
G1 X31.838 Y23.837 E1797.45085 F3000
G1 X31.981 Y22.792 E1797.62637 F3000
G1 X31.997 Y22.670 E1797.64686 F3000
G1 X32.025 Y22.521 E1797.67203 F3000
G1 X32.264 Y21.302 E1797.87859 F3000
G1 X32.301 Y21.125 E1797.90869 F3000
G1 X32.583 Y19.838 E1798.12781 F3000
G1 X32.867 Y18.549 E1798.34730 F3000
G1 X32.902 Y18.381 E1798.37585 F3000
G1 X33.139 Y17.175 E1798.58012 F3000
G1 X33.166 Y17.032 E1798.60431 F3000
G1 X33.181 Y16.916 E1798.62380 F3000
G1 X33.320 Y15.893 E1798.79547 F3000
G1 X33.327 Y15.799 E1798.81116 F3000
G1 X33.393 Y14.940 E1798.95447 F3000
G1 X33.412 Y14.231 E1799.07241 F3000
G1 X33.414 Y14.150 E1799.08598 F3000
G1 X33.410 Y13.569 E1799.18258 F3000
G1 X33.410 Y13.499 E1799.19419 F3000
G1 X33.410 Y13.441 E1799.20388 F3000
G1 X33.410 Y12.965 E1799.28295 F3000
G1 X33.411 Y12.910 E1799.29204 F3000
G1 X33.413 Y12.486 E1799.36256 F3000
G1 X33.415 Y12.060 E1799.43356 F3000
G1 X33.416 Y12.001 E1799.44333 F3000
G1 X33.418 Y11.515 E1799.52405 F3000
G1 X33.419 Y11.446 E1799.53554 F3000
G1 X33.419 Y11.361 E1799.54965 F3000
G1 X33.420 Y10.761 E1799.64950 F3000
G1 X33.415 Y10.662 E1799.66597 F3000
G1 X33.377 Y10.005 E1799.77545 F3000
G1 X33.271 Y9.371 E1799.88228 F3000
G1 X33.251 Y9.237 E1799.90492 F3000
G1 X33.054 Y8.683 E1800.00255 F3000
G1 X32.999 Y8.518 E1800.03149 F3000
G1 X32.873 Y8.343 E1800.06744 F3000
G1 X32.579 Y7.919 E1800.15328 F3000
G1 X32.265 Y7.702 E1800.21675 F3000
G1 X31.921 Y7.443 E1800.28834 F3000
G1 X31.543 Y7.289 E1800.35608 F3000
G1 X30.956 Y7.096 E1800.45887 F3000
G1 X30.651 Y7.030 E1800.51089 F3000
G1 X29.618 Y6.863 E1800.68490 F3000
G1 X28.195 Y6.744 E1800.92234 F3000
G1 X27.899 Y6.715 E1800.97170 F3000
G1 X27.836 Y6.710 E1800.98234 F3000
G1 X26.076 Y6.624 E1801.27530 F3000
G1 X25.818 Y6.615 E1801.31826 F3000
G1 X25.553 Y6.613 E1801.36228 F3000
G1 X23.770 Y6.577 E1801.65890 F3000
G1 X23.627 Y6.580 E1801.68272 F3000
G1 X22.675 Y6.579 E1801.84106 F3000
G1 X21.893 Y6.573 E1801.97110 F3000
G1 X20.622 Y6.580 E1802.18244 F3000
G1 X20.386 Y6.578 E1802.22159 F3000
G1 X19.550 Y6.597 E1802.36079 F3000
G1 X19.155 Y6.596 E1802.42639 F3000
G1 X18.627 Y6.600 E1802.51420 F3000
G1 X18.054 Y6.617 E1802.60960 F3000
G1 X17.062 Y6.627 E1802.77460 F3000
G1 X17.012 Y6.629 E1802.78290 F3000
G1 X16.993 Y6.630 E1802.78610 F3000
G1 X16.955 Y6.630 E1802.79230 F3000
G1 X16.289 Y6.651 E1802.90311 F3000
G1 X15.239 Y6.635 E1803.07780 F3000
G1 X15.096 Y6.634 E1803.10165 F3000
G1 X13.271 Y6.646 E1803.40500 F3000
G1 X12.706 Y6.646 E1803.49899 F3000
G1 X10.997 Y6.655 E1803.78326 F3000
G1 X9.546 Y6.658 E1804.02461 F3000
G1 X8.672 Y6.658 E1804.16992 F3000
G1 X7.331 Y6.658 E1804.39286 F3000
G1 X6.469 Y6.659 E1804.53619 F3000
G1 X5.727 Y6.659 E1804.65966 F3000
G1 X4.579 Y6.659 E1804.85057 F3000
G1 X3.921 Y6.659 E1804.95998 F3000
G1 X2.923 Y6.660 E1805.12602 F3000
G1 X2.026 Y6.660 E1805.27516 F3000
G1 X1.422 Y6.660 E1805.37553 F3000
G1 X0.574 Y6.660 E1805.51666 F3000
G1 X0.000 Y6.660 E1805.61206 F3000
G1 X-0.574 Y6.660 E1805.70746 F3000
G1 X-1.422 Y6.660 E1805.84859 F3000
G1 X-2.026 Y6.660 E1805.94896 F3000
G1 X-2.923 Y6.660 E1806.09810 F3000
G1 X-3.921 Y6.659 E1806.26414 F3000
G1 X-4.579 Y6.659 E1806.37355 F3000
G1 X-5.727 Y6.659 E1806.56446 F3000
G1 X-6.469 Y6.659 E1806.68793 F3000
G1 X-7.331 Y6.658 E1806.83127 F3000
G1 X-8.672 Y6.658 E1807.05420 F3000
G1 X-9.546 Y6.658 E1807.19951 F3000
G1 X-10.997 Y6.655 E1807.44086 F3000
G1 X-12.706 Y6.646 E1807.72513 F3000
G1 X-13.271 Y6.646 E1807.81912 F3000
G1 X-15.096 Y6.634 E1808.12247 F3000
G1 X-15.239 Y6.635 E1808.14632 F3000
G1 X-16.289 Y6.651 E1808.32102 F3000
G1 X-16.955 Y6.630 E1808.43182 F3000
G1 X-16.993 Y6.630 E1808.43802 F3000
G1 X-17.062 Y6.627 E1808.44952 F3000
G1 X-18.054 Y6.617 E1808.61452 F3000
G1 X-18.627 Y6.600 E1808.70993 F3000
G1 X-19.155 Y6.596 E1808.79773 F3000
G1 X-19.550 Y6.597 E1808.86333 F3000
G1 X-20.386 Y6.578 E1809.00253 F3000
G1 X-20.622 Y6.580 E1809.04168 F3000
G1 X-21.893 Y6.573 E1809.25302 F3000
G1 X-22.675 Y6.579 E1809.38306 F3000
G1 X-23.627 Y6.580 E1809.54140 F3000
G1 X-23.770 Y6.577 E1809.56522 F3000
G1 X-25.553 Y6.613 E1809.86184 F3000
G1 X-25.818 Y6.615 E1809.90586 F3000
G1 X-26.076 Y6.624 E1809.94882 F3000
G1 X-27.836 Y6.710 E1810.24178 F3000
G1 X-27.899 Y6.715 E1810.25242 F3000
G1 X-28.195 Y6.744 E1810.30178 F3000
G1 X-29.618 Y6.863 E1810.53922 F3000
G1 X-30.651 Y7.030 E1810.71323 F3000
G1 X-30.956 Y7.096 E1810.76525 F3000
G1 X-31.543 Y7.289 E1810.86804 F3000
G1 X-31.921 Y7.443 E1810.93579 F3000
G1 X-32.265 Y7.702 E1811.00737 F3000
G1 X-32.579 Y7.919 E1811.07084 F3000
G1 X-32.873 Y8.343 E1811.15668 F3000
G1 X-32.999 Y8.518 E1811.19263 F3000
G1 X-33.054 Y8.683 E1811.22157 F3000
G1 X-33.251 Y9.237 E1811.31920 F3000
G1 X-33.271 Y9.371 E1811.34184 F3000
G1 X-33.377 Y10.005 E1811.44867 F3000
G1 X-33.415 Y10.662 E1811.55815 F3000
G1 X-33.420 Y10.761 E1811.57462 F3000
G1 X-33.419 Y11.361 E1811.67447 F3000
G1 X-33.419 Y11.446 E1811.68858 F3000
G1 X-33.418 Y11.515 E1811.70007 F3000
G1 X-33.416 Y12.001 E1811.78079 F3000
G1 X-33.415 Y12.060 E1811.79056 F3000
G1 X-33.413 Y12.486 E1811.86156 F3000
G1 X-33.411 Y12.910 E1811.93208 F3000
G1 X-33.410 Y12.965 E1811.94117 F3000
G1 X-33.410 Y13.441 E1812.02024 F3000
G1 X-33.410 Y13.499 E1812.02994 F3000
G1 X-33.410 Y13.569 E1812.04154 F3000
G1 X-33.414 Y14.150 E1812.13814 F3000
G1 X-33.412 Y14.231 E1812.15171 F3000
G1 X-33.393 Y14.940 E1812.26965 F3000
G1 X-33.327 Y15.799 E1812.41296 F3000
G1 X-33.320 Y15.893 E1812.42865 F3000
G1 X-33.181 Y16.916 E1812.60032 F3000
G1 X-33.166 Y17.032 E1812.61981 F3000
G1 X-33.139 Y17.175 E1812.64400 F3000
G1 X-32.902 Y18.381 E1812.84827 F3000
G1 X-32.867 Y18.549 E1812.87682 F3000
G1 X-32.583 Y19.838 E1813.09631 F3000
G1 X-32.301 Y21.125 E1813.31543 F3000
G1 X-32.264 Y21.302 E1813.34553 F3000
G1 X-32.025 Y22.521 E1813.55209 F3000
G1 X-31.997 Y22.670 E1813.57726 F3000
G1 X-31.981 Y22.792 E1813.59775 F3000
G1 X-31.838 Y23.837 E1813.77327 F3000
G1 X-31.832 Y23.904 E1813.78445 F3000
G1 X-31.744 Y24.801 E1813.93421 F3000
G1 X-31.702 Y25.250 E1814.00928 F3000
G1 X-31.673 Y25.556 E1814.06042 F3000
G1 X-31.672 Y25.565 E1814.06185 F3000
G1 X-31.583 Y26.100 E1814.15214 F3000
G1 X-31.440 Y26.409 E1814.20875 F3000
G1 X-31.432 Y26.427 E1814.21201 F3000
G1 X-31.113 Y26.581 E1814.27082 F3000
G1 X-31.063 Y26.593 E1814.27935 F3000
G1 X-30.454 Y26.645 E1814.38106 F3000
G1 X-30.414 Y26.645 E1814.38774 F3000
G1 X-29.384 Y26.645 E1814.55898 F3000
G1 X-27.871 Y26.645 E1814.81063 F3000
G1 X-27.764 Y26.645 E1814.82840 F3000
G1 X-27.761 Y26.645 E1814.82896 F3000
G1 X-25.813 Y26.647 E1815.15290 F3000
G1 X-23.863 Y26.648 E1815.47717 F3000
G1 X-23.748 Y26.648 E1815.49623 F3000
G1 X-21.946 Y26.649 E1815.79602 F3000
G1 X-21.789 Y26.649 E1815.82206 F3000
G1 X-21.656 Y26.649 E1815.84419 F3000
G1 X-20.154 Y26.650 E1816.09405 F3000
G1 X-20.001 Y26.650 E1816.11938 F3000
G1 X-18.666 Y26.651 E1816.34148 F3000
G1 X-17.353 Y26.652 E1816.55980 F3000
G1 X-17.149 Y26.652 E1816.59364 F3000
G1 X-15.683 Y26.652 E1816.83753 F3000
G1 X-15.429 Y26.652 E1816.87979 F3000
G1 X-15.115 Y26.652 E1816.93190 F3000
G1 X-13.327 Y26.653 E1817.22924 F3000
G1 X-12.956 Y26.653 E1817.29100 F3000
G1 X-11.019 Y26.654 E1817.61315 F3000
G1 X-9.096 Y26.654 E1817.93294 F3000
G1 X-8.676 Y26.654 E1818.00274 F3000
G1 X-6.885 Y26.655 E1818.30070 F3000
G1 X-6.473 Y26.655 E1818.36919 F3000
G1 X-6.118 Y26.655 E1818.42823 F3000
G1 X-4.581 Y26.656 E1818.68373 F3000
G1 X-4.260 Y26.656 E1818.73724 F3000
G1 X-2.924 Y26.656 E1818.95932 F3000
G1 X-1.726 Y26.656 E1819.15852 F3000
G1 X-1.423 Y26.657 E1819.20895 F3000
G1 X-0.289 Y26.657 E1819.39748 F3000
G1 X0.000 Y26.657 E1819.44560 F3000
G1 X0.289 Y26.657 E1819.49372 F3000
G1 X1.423 Y26.657 E1819.68225 F3000
G1 X1.726 Y26.656 E1819.73267 F3000
G1 X2.924 Y26.656 E1819.93187 F3000
G1 X4.260 Y26.656 E1820.15396 F3000
G1 X4.581 Y26.656 E1820.20747 F3000
G1 X6.118 Y26.655 E1820.46296 F3000
G1 X6.473 Y26.655 E1820.52200 F3000
G1 X6.885 Y26.655 E1820.59050 F3000
G1 X8.676 Y26.654 E1820.88846 F3000
G1 X9.096 Y26.654 E1820.95825 F3000
G1 X11.019 Y26.654 E1821.27804 F3000
G1 X12.956 Y26.653 E1821.60020 F3000
G1 X13.327 Y26.653 E1821.66196 F3000
G1 X15.115 Y26.652 E1821.95929 F3000
G1 X15.429 Y26.652 E1822.01140 F3000
G1 X15.683 Y26.652 E1822.05366 F3000
G1 X17.149 Y26.652 E1822.29756 F3000
G1 X17.353 Y26.652 E1822.33139 F3000
G1 X18.666 Y26.651 E1822.54971 F3000
G1 X20.001 Y26.650 E1822.77181 F3000
G1 X20.154 Y26.650 E1822.79715 F3000
G1 X21.656 Y26.649 E1823.04701 F3000
G1 X21.789 Y26.649 E1823.06913 F3000
G1 X21.946 Y26.649 E1823.09517 F3000
G1 X23.748 Y26.648 E1823.39496 F3000
G1 X23.863 Y26.648 E1823.41403 F3000
G1 X25.813 Y26.647 E1823.73830 F3000
G1 X27.761 Y26.645 E1824.06223 F3000
G1 X27.871 Y26.645 E1824.08057 F3000
G1 X29.384 Y26.645 E1824.33222 F3000
G1 X30.454 Y26.645 E1824.51014 F3000
G0 X34.034 Y-20.012 F9000
G1 X34.147 Y-20.472 E1824.58901 F3000
G1 X34.566 Y-22.218 E1824.88763 F3000
G1 X34.743 Y-23.111 E1825.03892 F3000
G1 X34.912 Y-23.935 E1825.17887 F3000
G1 X34.996 Y-24.571 E1825.28548 F3000
G1 X35.123 Y-25.493 E1825.44035 F3000
G1 X35.211 Y-26.680 E1825.63829 F3000
G1 X35.249 Y-27.222 E1825.72869 F3000
G1 X35.080 Y-28.218 E1825.89665 F3000
G1 X34.953 Y-29.049 E1826.03638 F3000
G1 X34.447 Y-30.005 E1826.21630 F3000
G1 X33.465 Y-31.081 E1826.45862 F3000
G1 X32.839 Y-31.466 E1826.58086 F3000
G1 X31.435 Y-31.937 E1826.82700 F3000
G1 X30.556 Y-32.496 E1827.00034 F3000
G1 X30.173 Y-32.566 E1827.06502 F3000
G1 X29.178 Y-32.763 E1827.23369 F3000
G1 X28.172 Y-32.851 E1827.40164 F3000
G1 X27.331 Y-32.823 E1827.54164 F3000
G1 X26.280 Y-32.650 E1827.71880 F3000
G1 X25.800 Y-32.626 E1827.79864 F3000
G1 X25.054 Y-32.212 E1827.94052 F3000
G1 X23.626 Y-31.959 E1828.18168 F3000
G1 X23.528 Y-31.905 E1828.20036 F3000
G1 X22.530 Y-30.936 E1828.43172 F3000
G1 X22.233 Y-30.641 E1828.50131 F3000
G1 X22.226 Y-30.615 E1828.50580 F3000
G1 X22.198 Y-30.546 E1828.51817 F3000
G1 X22.037 Y-29.563 E1828.68377 F3000
G1 X21.999 Y-29.374 E1828.71578 F3000
G1 X22.011 Y-28.250 E1828.90271 F3000
G1 X22.013 Y-28.037 E1828.93821 F3000
G1 X22.016 Y-27.831 E1828.97243 F3000
G1 X22.035 Y-26.644 E1829.16978 F3000
G1 X22.038 Y-26.488 E1829.19575 F3000
G1 X22.071 Y-24.994 E1829.44424 F3000
G1 X22.080 Y-24.902 E1829.45972 F3000
G1 X22.086 Y-24.852 E1829.46814 F3000
G1 X22.365 Y-22.412 E1829.87647 F3000
G1 X22.573 Y-20.783 E1830.14950 F3000
G1 X22.796 Y-18.951 E1830.45651 F3000
G1 X22.916 Y-17.967 E1830.62135 F3000
G1 X23.131 Y-16.389 E1830.88615 F3000
G1 X23.949 Y-14.114 E1831.28827 F3000
G1 X24.842 Y-11.701 E1831.71611 F3000
G1 X26.116 Y-10.650 E1831.99077 F3000
G1 X26.937 Y-9.928 E1832.17254 F3000
G1 X27.726 Y-10.140 E1832.30840 F3000
G1 X29.227 Y-10.627 E1832.57089 F3000
G1 X31.050 Y-12.967 E1833.06417 F3000
G1 X31.546 Y-13.575 E1833.19465 F3000
G1 X32.330 Y-15.508 E1833.54161 F3000
G1 X32.990 Y-17.032 E1833.81774 F3000
G1 X33.690 Y-18.650 E1834.11104 F3000
G1 X34.034 Y-20.012 E1834.34452 F3000
G0 X-34.566 Y-22.218 F9000
G1 X-34.147 Y-20.472 E1834.64315 F3000
G1 X-34.034 Y-20.012 E1834.72201 F3000
G1 X-33.690 Y-18.650 E1834.95549 F3000
G1 X-32.990 Y-17.032 E1835.24879 F3000
G1 X-32.330 Y-15.508 E1835.52492 F3000
G1 X-31.546 Y-13.575 E1835.87189 F3000
G1 X-31.050 Y-12.967 E1836.00237 F3000
G1 X-29.227 Y-10.627 E1836.49565 F3000
G1 X-27.726 Y-10.140 E1836.75814 F3000
G1 X-26.937 Y-9.928 E1836.89400 F3000
G1 X-26.116 Y-10.650 E1837.07576 F3000
G1 X-24.842 Y-11.701 E1837.35043 F3000
G1 X-23.949 Y-14.114 E1837.77826 F3000
G1 X-23.131 Y-16.389 E1838.18038 F3000
G1 X-22.916 Y-17.967 E1838.44519 F3000
G1 X-22.796 Y-18.951 E1838.61002 F3000
G1 X-22.573 Y-20.783 E1838.91703 F3000
G1 X-22.365 Y-22.412 E1839.19007 F3000
G1 X-22.086 Y-24.852 E1839.59840 F3000
G1 X-22.082 Y-24.886 E1839.60422 F3000
G1 X-22.080 Y-24.902 E1839.60681 F3000
G1 X-22.071 Y-24.994 E1839.62229 F3000
G1 X-22.038 Y-26.488 E1839.87079 F3000
G1 X-22.035 Y-26.644 E1839.89675 F3000
G1 X-22.016 Y-27.831 E1840.09411 F3000
G1 X-22.013 Y-28.037 E1840.12833 F3000
G1 X-22.011 Y-28.250 E1840.16383 F3000
G1 X-21.999 Y-29.374 E1840.35076 F3000
G1 X-22.037 Y-29.563 E1840.38277 F3000
G1 X-22.198 Y-30.546 E1840.54837 F3000
G1 X-22.226 Y-30.615 E1840.56073 F3000
G1 X-22.233 Y-30.641 E1840.56523 F3000
G1 X-22.530 Y-30.936 E1840.63481 F3000
G1 X-23.528 Y-31.905 E1840.86618 F3000
G1 X-23.626 Y-31.959 E1840.88485 F3000
G1 X-25.054 Y-32.212 E1841.12601 F3000
G1 X-25.800 Y-32.626 E1841.26790 F3000
G1 X-26.280 Y-32.650 E1841.34774 F3000
G1 X-27.331 Y-32.823 E1841.52489 F3000
G1 X-28.172 Y-32.851 E1841.66490 F3000
G1 X-29.178 Y-32.763 E1841.83284 F3000
G1 X-30.173 Y-32.566 E1842.00152 F3000
G1 X-30.556 Y-32.496 E1842.06620 F3000
G1 X-31.435 Y-31.937 E1842.23954 F3000
G1 X-32.839 Y-31.466 E1842.48568 F3000
G1 X-33.465 Y-31.081 E1842.60792 F3000
G1 X-34.447 Y-30.005 E1842.85024 F3000
G1 X-34.953 Y-29.049 E1843.03016 F3000
G1 X-35.080 Y-28.218 E1843.16989 F3000
G1 X-35.249 Y-27.222 E1843.33785 F3000
G1 X-35.211 Y-26.680 E1843.42825 F3000
G1 X-35.123 Y-25.493 E1843.62619 F3000
G1 X-34.996 Y-24.571 E1843.78106 F3000
G1 X-34.912 Y-23.935 E1843.88766 F3000
G1 X-34.743 Y-23.111 E1844.02762 F3000
G1 X-34.566 Y-22.218 E1844.17891 F3000
; LAYER:41
; Z:41.500
G0 Z41.500 F600
G0 X30.499 Y26.809 F9000
G1 X30.641 Y26.797 E1844.20272 F3000
G1 X31.139 Y26.754 E1844.28585 F3000
G1 X31.410 Y26.621 E1844.33603 F3000
G1 X31.474 Y26.590 E1844.34782 F3000
G1 X31.596 Y26.327 E1844.39608 F3000
G1 X31.625 Y26.263 E1844.40770 F3000
G1 X31.643 Y26.153 E1844.42625 F3000
G1 X31.714 Y25.719 E1844.49946 F3000
G1 X31.731 Y25.542 E1844.52897 F3000
G1 X31.785 Y24.966 E1844.62515 F3000
G1 X31.851 Y24.301 E1844.73630 F3000
G1 X31.879 Y24.014 E1844.78425 F3000
G1 X31.987 Y23.262 E1844.91062 F3000
G1 X32.040 Y22.871 E1844.97631 F3000
G1 X32.133 Y22.395 E1845.05686 F3000
G1 X32.310 Y21.544 E1845.20144 F3000
G1 X32.427 Y21.011 E1845.29221 F3000
G1 X32.634 Y20.129 E1845.44290 F3000
G1 X32.835 Y19.274 E1845.58889 F3000
G1 X32.957 Y18.719 E1845.68340 F3000
G1 X33.122 Y17.928 E1845.81776 F3000
G1 X33.224 Y17.409 E1845.90577 F3000
G1 X33.283 Y16.973 E1845.97897 F3000
G1 X33.380 Y16.291 E1846.09349 F3000
G1 X33.409 Y15.918 E1846.15572 F3000
G1 X33.454 Y15.348 E1846.25083 F3000
G1 X33.465 Y14.884 E1846.32803 F3000
G1 X33.474 Y14.562 E1846.38163 F3000
G1 X33.470 Y14.185 E1846.44430 F3000
G1 X33.468 Y13.915 E1846.48921 F3000
G1 X33.468 Y13.692 E1846.52619 F3000
G1 X33.466 Y13.389 E1846.57659 F3000
G1 X33.467 Y13.188 E1846.61011 F3000
G1 X33.465 Y12.922 E1846.65422 F3000
G1 X33.464 Y12.659 E1846.69806 F3000
G1 X33.465 Y12.451 E1846.73255 F3000
G1 X33.464 Y12.153 E1846.78215 F3000
G1 X33.465 Y11.913 E1846.82204 F3000
G1 X33.465 Y11.614 E1846.87177 F3000
G1 X33.462 Y11.245 E1846.93316 F3000
G1 X33.443 Y10.906 E1846.98960 F3000
G1 X33.417 Y10.502 E1847.05700 F3000
G1 X33.348 Y10.102 E1847.12444 F3000
G1 X33.287 Y9.739 E1847.18568 F3000
G1 X33.162 Y9.378 E1847.24922 F3000
G1 X33.032 Y9.014 E1847.31344 F3000
G1 X32.788 Y8.666 E1847.38415 F3000
G1 X32.611 Y8.390 E1847.43870 F3000
G1 X32.171 Y8.063 E1847.52990 F3000
G1 X31.954 Y7.877 E1847.57745 F3000
G1 X31.685 Y7.745 E1847.62721 F3000
G1 X30.992 Y7.479 E1847.75077 F3000
G1 X30.732 Y7.410 E1847.79545 F3000
G1 X29.654 Y7.193 E1847.97825 F3000
G1 X27.996 Y7.019 E1848.25554 F3000
G1 X27.874 Y7.003 E1848.27604 F3000
G1 X25.910 Y6.890 E1848.60315 F3000
G1 X25.851 Y6.886 E1848.61306 F3000
G1 X25.796 Y6.883 E1848.62223 F3000
G1 X23.786 Y6.820 E1848.95657 F3000
G1 X23.753 Y6.819 E1848.96201 F3000
G1 X21.880 Y6.789 E1849.27357 F3000
G1 X20.440 Y6.778 E1849.51311 F3000
G1 X20.331 Y6.776 E1849.53122 F3000
G1 X19.218 Y6.777 E1849.71633 F3000
G1 X19.020 Y6.775 E1849.74919 F3000
G1 X18.786 Y6.774 E1849.78821 F3000
G1 X17.794 Y6.779 E1849.95310 F3000
G1 X17.012 Y6.774 E1850.08313 F3000
G1 X16.350 Y6.781 E1850.19331 F3000
G1 X16.060 Y6.790 E1850.24151 F3000
G1 X15.641 Y6.784 E1850.31119 F3000
G1 X14.616 Y6.782 E1850.48162 F3000
G1 X13.378 Y6.791 E1850.68760 F3000
G1 X11.701 Y6.793 E1850.96647 F3000
G1 X11.039 Y6.795 E1851.07658 F3000
G1 X10.496 Y6.796 E1851.16681 F3000
G1 X8.688 Y6.796 E1851.46744 F3000
G1 X8.248 Y6.796 E1851.54062 F3000
G1 X6.482 Y6.797 E1851.83443 F3000
G1 X4.949 Y6.797 E1852.08926 F3000
G1 X4.588 Y6.797 E1852.14942 F3000
G1 X3.236 Y6.797 E1852.37415 F3000
G1 X2.928 Y6.798 E1852.42539 F3000
G1 X2.653 Y6.798 E1852.47110 F3000
G1 X1.425 Y6.798 E1852.67536 F3000
G1 X1.168 Y6.798 E1852.71813 F3000
G1 X0.000 Y6.798 E1852.91233 F3000
G1 X-1.168 Y6.798 E1853.10654 F3000
G1 X-1.425 Y6.798 E1853.14930 F3000
G1 X-2.653 Y6.798 E1853.35357 F3000
G1 X-2.928 Y6.798 E1853.39928 F3000
G1 X-3.236 Y6.797 E1853.45052 F3000
G1 X-4.588 Y6.797 E1853.67525 F3000
G1 X-4.949 Y6.797 E1853.73541 F3000
G1 X-6.482 Y6.797 E1853.99023 F3000
G1 X-8.248 Y6.796 E1854.28405 F3000
G1 X-8.688 Y6.796 E1854.35722 F3000
G1 X-10.496 Y6.796 E1854.65786 F3000
G1 X-11.039 Y6.795 E1854.74809 F3000
G1 X-11.701 Y6.793 E1854.85819 F3000
G1 X-13.378 Y6.791 E1855.13707 F3000
G1 X-14.616 Y6.782 E1855.34304 F3000
G1 X-15.641 Y6.784 E1855.51348 F3000
G1 X-16.060 Y6.790 E1855.58316 F3000
G1 X-16.350 Y6.781 E1855.63136 F3000
G1 X-17.012 Y6.774 E1855.74154 F3000
G1 X-17.794 Y6.779 E1855.87156 F3000
G1 X-18.786 Y6.774 E1856.03645 F3000
G1 X-19.020 Y6.775 E1856.07548 F3000
G1 X-19.218 Y6.777 E1856.10833 F3000
G1 X-20.331 Y6.776 E1856.29345 F3000
G1 X-20.440 Y6.778 E1856.31156 F3000
G1 X-21.880 Y6.789 E1856.55109 F3000
G1 X-23.753 Y6.819 E1856.86266 F3000
G1 X-23.786 Y6.820 E1856.86810 F3000
G1 X-25.796 Y6.883 E1857.20244 F3000
G1 X-25.851 Y6.886 E1857.21161 F3000
G1 X-25.910 Y6.890 E1857.22151 F3000
G1 X-27.874 Y7.003 E1857.54863 F3000
G1 X-27.996 Y7.019 E1857.56913 F3000
G1 X-29.654 Y7.193 E1857.84642 F3000
G1 X-30.732 Y7.410 E1858.02922 F3000
G1 X-30.992 Y7.479 E1858.07390 F3000
G1 X-31.685 Y7.745 E1858.19746 F3000
G1 X-31.954 Y7.877 E1858.24721 F3000
G1 X-32.171 Y8.063 E1858.29477 F3000
G1 X-32.611 Y8.390 E1858.38596 F3000
G1 X-32.788 Y8.666 E1858.44051 F3000
G1 X-33.032 Y9.014 E1858.51123 F3000
G1 X-33.162 Y9.378 E1858.57545 F3000
G1 X-33.287 Y9.739 E1858.63899 F3000
G1 X-33.348 Y10.102 E1858.70022 F3000
G1 X-33.417 Y10.502 E1858.76766 F3000
G1 X-33.443 Y10.906 E1858.83507 F3000
G1 X-33.462 Y11.245 E1858.89150 F3000
G1 X-33.465 Y11.614 E1858.95289 F3000
G1 X-33.465 Y11.913 E1859.00263 F3000
G1 X-33.464 Y12.153 E1859.04252 F3000
G1 X-33.465 Y12.451 E1859.09212 F3000
G1 X-33.464 Y12.659 E1859.12661 F3000
G1 X-33.465 Y12.922 E1859.17045 F3000
G1 X-33.467 Y13.188 E1859.21456 F3000
G1 X-33.466 Y13.389 E1859.24808 F3000
G1 X-33.468 Y13.692 E1859.29848 F3000
G1 X-33.468 Y13.915 E1859.33546 F3000
G1 X-33.470 Y14.185 E1859.38036 F3000
G1 X-33.474 Y14.562 E1859.44304 F3000
G1 X-33.465 Y14.884 E1859.49663 F3000
G1 X-33.454 Y15.348 E1859.57383 F3000
G1 X-33.409 Y15.918 E1859.66895 F3000
G1 X-33.380 Y16.291 E1859.73118 F3000
G1 X-33.283 Y16.973 E1859.84570 F3000
G1 X-33.224 Y17.409 E1859.91890 F3000
G1 X-33.122 Y17.928 E1860.00690 F3000
G1 X-32.957 Y18.719 E1860.14126 F3000
G1 X-32.835 Y19.274 E1860.23578 F3000
G1 X-32.634 Y20.129 E1860.38177 F3000
G1 X-32.427 Y21.011 E1860.53245 F3000
G1 X-32.310 Y21.544 E1860.62323 F3000
G1 X-32.133 Y22.395 E1860.76780 F3000
G1 X-32.040 Y22.871 E1860.84836 F3000
G1 X-31.987 Y23.262 E1860.91404 F3000
G1 X-31.879 Y24.014 E1861.04042 F3000
G1 X-31.851 Y24.301 E1861.08837 F3000
G1 X-31.785 Y24.966 E1861.19952 F3000
G1 X-31.731 Y25.542 E1861.29570 F3000
G1 X-31.714 Y25.719 E1861.32521 F3000
G1 X-31.643 Y26.153 E1861.39842 F3000
G1 X-31.625 Y26.263 E1861.41696 F3000
G1 X-31.596 Y26.327 E1861.42859 F3000
G1 X-31.474 Y26.590 E1861.47684 F3000
G1 X-31.410 Y26.621 E1861.48863 F3000
G1 X-31.139 Y26.754 E1861.53882 F3000
G1 X-30.641 Y26.797 E1861.62195 F3000
G1 X-30.499 Y26.809 E1861.64576 F3000
G1 X-29.702 Y26.810 E1861.77824 F3000
G1 X-29.430 Y26.810 E1861.82348 F3000
G1 X-29.001 Y26.810 E1861.89477 F3000
G1 X-27.811 Y26.811 E1862.09269 F3000
G1 X-27.216 Y26.812 E1862.19163 F3000
G1 X-25.861 Y26.813 E1862.41708 F3000
G1 X-24.559 Y26.814 E1862.63357 F3000
G1 X-23.796 Y26.814 E1862.76035 F3000
G1 X-22.629 Y26.815 E1862.95456 F3000
G1 X-21.837 Y26.815 E1863.08617 F3000
G1 X-21.151 Y26.815 E1863.20025 F3000
G1 X-20.201 Y26.816 E1863.35823 F3000
G1 X-19.535 Y26.816 E1863.46899 F3000
G1 X-18.712 Y26.817 E1863.60587 F3000
G1 X-17.921 Y26.817 E1863.73749 F3000
G1 X-17.194 Y26.817 E1863.85840 F3000
G1 X-16.327 Y26.817 E1864.00256 F3000
G1 X-15.469 Y26.817 E1864.14517 F3000
G1 X-14.399 Y26.818 E1864.32313 F3000
G1 X-13.363 Y26.818 E1864.49549 F3000
G1 X-12.150 Y26.818 E1864.69721 F3000
G1 X-11.048 Y26.819 E1864.88043 F3000
G1 X-9.974 Y26.819 E1865.05898 F3000
G1 X-8.699 Y26.819 E1865.27108 F3000
G1 X-7.715 Y26.820 E1865.43468 F3000
G1 X-6.489 Y26.820 E1865.63853 F3000
G1 X-5.424 Y26.820 E1865.81573 F3000
G1 X-4.593 Y26.821 E1865.95390 F3000
G1 X-3.645 Y26.821 E1866.11160 F3000
G1 X-2.931 Y26.821 E1866.23021 F3000
G1 X-2.297 Y26.821 E1866.33566 F3000
G1 X-1.427 Y26.821 E1866.48047 F3000
G1 X-0.829 Y26.822 E1866.57977 F3000
G1 X0.000 Y26.822 E1866.71772 F3000
G1 X0.829 Y26.822 E1866.85566 F3000
G1 X1.427 Y26.821 E1866.95496 F3000
G1 X2.297 Y26.821 E1867.09977 F3000
G1 X2.931 Y26.821 E1867.20522 F3000
G1 X3.645 Y26.821 E1867.32383 F3000
G1 X4.593 Y26.821 E1867.48153 F3000
G1 X5.424 Y26.820 E1867.61970 F3000
G1 X6.489 Y26.820 E1867.79690 F3000
G1 X7.715 Y26.820 E1868.00075 F3000
G1 X8.699 Y26.819 E1868.16435 F3000
G1 X9.974 Y26.819 E1868.37645 F3000
G1 X11.048 Y26.819 E1868.55500 F3000
G1 X12.150 Y26.818 E1868.73822 F3000
G1 X13.363 Y26.818 E1868.93994 F3000
G1 X14.399 Y26.818 E1869.11230 F3000
G1 X15.469 Y26.817 E1869.29026 F3000
G1 X16.327 Y26.817 E1869.43287 F3000
G1 X17.194 Y26.817 E1869.57703 F3000
G1 X17.921 Y26.817 E1869.69794 F3000
G1 X18.712 Y26.817 E1869.82956 F3000
G1 X19.535 Y26.816 E1869.96644 F3000
G1 X20.201 Y26.816 E1870.07720 F3000
G1 X21.151 Y26.815 E1870.23518 F3000
G1 X21.837 Y26.815 E1870.34926 F3000
G1 X22.629 Y26.815 E1870.48087 F3000
G1 X23.796 Y26.814 E1870.67508 F3000
G1 X24.559 Y26.814 E1870.80186 F3000
G1 X25.861 Y26.813 E1871.01835 F3000
G1 X27.216 Y26.812 E1871.24380 F3000
G1 X27.811 Y26.811 E1871.34274 F3000
G1 X29.001 Y26.810 E1871.54066 F3000
G1 X29.430 Y26.810 E1871.61195 F3000
G1 X29.702 Y26.810 E1871.65719 F3000
G1 X30.499 Y26.809 E1871.78967 F3000
; LAYER:42
; Z:42.500
G0 Z42.500 F600
G0 X27.918 Y7.235 F9000
G1 X27.350 Y7.202 E1871.88430 F3000
G1 X25.894 Y7.098 E1872.12713 F3000
G1 X24.542 Y7.045 E1872.35217 F3000
G1 X23.822 Y7.022 E1872.47194 F3000
G1 X22.601 Y6.997 E1872.67503 F3000
G1 X21.900 Y6.985 E1872.79156 F3000
G1 X21.362 Y6.981 E1872.88115 F3000
G1 X20.326 Y6.966 E1873.05341 F3000
G1 X19.905 Y6.966 E1873.12347 F3000
G1 X18.956 Y6.958 E1873.28124 F3000
G1 X17.829 Y6.951 E1873.46866 F3000
G1 X17.611 Y6.953 E1873.50494 F3000
G1 X16.806 Y6.947 E1873.63876 F3000
G1 X16.060 Y6.950 E1873.76283 F3000
G1 X15.894 Y6.950 E1873.79049 F3000
G1 X15.690 Y6.950 E1873.82433 F3000
G1 X14.593 Y6.949 E1874.00673 F3000
G1 X13.474 Y6.957 E1874.19296 F3000
G1 X13.107 Y6.957 E1874.25391 F3000
G1 X11.080 Y6.963 E1874.59099 F3000
G1 X9.419 Y6.966 E1874.86723 F3000
G1 X8.709 Y6.966 E1874.98536 F3000
G1 X7.209 Y6.967 E1875.23469 F3000
G1 X6.497 Y6.967 E1875.35323 F3000
G1 X5.878 Y6.967 E1875.45604 F3000
G1 X4.598 Y6.968 E1875.66896 F3000
G1 X4.041 Y6.968 E1875.76159 F3000
G1 X2.935 Y6.968 E1875.94557 F3000
G1 X1.948 Y6.968 E1876.10969 F3000
G1 X1.428 Y6.969 E1876.19612 F3000
G1 X0.496 Y6.969 E1876.35115 F3000
G1 X0.000 Y6.969 E1876.43363 F3000
G1 X-0.496 Y6.969 E1876.51611 F3000
G1 X-1.428 Y6.969 E1876.67114 F3000
G1 X-1.948 Y6.968 E1876.75758 F3000
G1 X-2.935 Y6.968 E1876.92169 F3000
G1 X-4.041 Y6.968 E1877.10567 F3000
G1 X-4.598 Y6.968 E1877.19831 F3000
G1 X-5.878 Y6.967 E1877.41122 F3000
G1 X-6.497 Y6.967 E1877.51403 F3000
G1 X-7.209 Y6.967 E1877.63257 F3000
G1 X-8.709 Y6.966 E1877.88190 F3000
G1 X-9.419 Y6.966 E1878.00003 F3000
G1 X-11.080 Y6.963 E1878.27627 F3000
G1 X-13.107 Y6.957 E1878.61335 F3000
G1 X-13.474 Y6.957 E1878.67430 F3000
G1 X-14.593 Y6.949 E1878.86054 F3000
G1 X-15.690 Y6.950 E1879.04293 F3000
G1 X-15.894 Y6.950 E1879.07677 F3000
G1 X-16.060 Y6.950 E1879.10444 F3000
G1 X-16.806 Y6.947 E1879.22851 F3000
G1 X-17.611 Y6.953 E1879.36233 F3000
G1 X-17.829 Y6.951 E1879.39860 F3000
G1 X-18.956 Y6.958 E1879.58603 F3000
G1 X-19.905 Y6.966 E1879.74380 F3000
G1 X-20.326 Y6.966 E1879.81386 F3000
G1 X-21.362 Y6.981 E1879.98611 F3000
G1 X-21.900 Y6.985 E1880.07571 F3000
G1 X-22.601 Y6.997 E1880.19224 F3000
G1 X-23.822 Y7.022 E1880.39532 F3000
G1 X-24.542 Y7.045 E1880.51509 F3000
G1 X-25.894 Y7.098 E1880.74013 F3000
G1 X-27.350 Y7.202 E1880.98296 F3000
G1 X-27.918 Y7.235 E1881.07759 F3000
G1 X-29.314 Y7.419 E1881.31164 F3000
G1 X-29.697 Y7.459 E1881.37575 F3000
G1 X-29.946 Y7.509 E1881.41801 F3000
G1 X-31.032 Y7.799 E1881.60494 F3000
G1 X-31.137 Y7.839 E1881.62357 F3000
G1 X-31.993 Y8.257 E1881.78201 F3000
G1 X-32.261 Y8.489 E1881.84091 F3000
G1 X-32.629 Y8.802 E1881.92128 F3000
G1 X-33.038 Y9.426 E1882.04543 F3000
G1 X-33.071 Y9.484 E1882.05638 F3000
G1 X-33.093 Y9.550 E1882.06794 F3000
G1 X-33.327 Y10.223 E1882.18646 F3000
G1 X-33.344 Y10.315 E1882.20200 F3000
G1 X-33.459 Y10.984 E1882.31501 F3000
G1 X-33.500 Y11.608 E1882.41893 F3000
G1 X-33.508 Y11.717 E1882.43710 F3000
G1 X-33.512 Y12.268 E1882.52870 F3000
G1 X-33.514 Y12.370 E1882.54581 F3000
G1 X-33.516 Y12.456 E1882.56005 F3000
G1 X-33.518 Y12.896 E1882.63326 F3000
G1 X-33.520 Y12.975 E1882.64629 F3000
G1 X-33.521 Y13.357 E1882.70993 F3000
G1 X-33.524 Y13.735 E1882.77271 F3000
G1 X-33.525 Y13.816 E1882.78628 F3000
G1 X-33.528 Y14.241 E1882.85685 F3000
G1 X-33.530 Y14.336 E1882.87274 F3000
G1 X-33.533 Y14.458 E1882.89295 F3000
G1 X-33.538 Y14.980 E1882.97974 F3000
G1 X-33.535 Y15.135 E1883.00555 F3000
G1 X-33.520 Y15.760 E1883.10961 F3000
G1 X-33.462 Y16.494 E1883.23201 F3000
G1 X-33.447 Y16.692 E1883.26502 F3000
G1 X-33.326 Y17.544 E1883.40810 F3000
G1 X-33.290 Y17.788 E1883.44914 F3000
G1 X-33.223 Y18.085 E1883.49974 F3000
G1 X-33.020 Y19.062 E1883.66568 F3000
G1 X-32.935 Y19.395 E1883.72296 F3000
G1 X-32.692 Y20.427 E1883.89915 F3000
G1 X-32.454 Y21.442 E1884.07260 F3000
G1 X-32.364 Y21.797 E1884.13347 F3000
G1 X-32.172 Y22.722 E1884.29059 F3000
G1 X-32.090 Y23.086 E1884.35256 F3000
G1 X-32.038 Y23.434 E1884.41122 F3000
G1 X-31.928 Y24.207 E1884.54100 F3000
G1 X-31.894 Y24.538 E1884.59628 F3000
G1 X-31.834 Y25.149 E1884.69841 F3000
G1 X-31.792 Y25.602 E1884.77415 F3000
G1 X-31.764 Y25.899 E1884.82372 F3000
G1 X-31.713 Y26.213 E1884.87654 F3000
G1 X-31.676 Y26.445 E1884.91566 F3000
G1 X-31.611 Y26.587 E1884.94165 F3000
G1 X-31.526 Y26.773 E1884.97557 F3000
G1 X-31.384 Y26.843 E1885.00190 F3000
G1 X-31.192 Y26.936 E1885.03743 F3000
G1 X-30.812 Y26.969 E1885.10074 F3000
G1 X-30.552 Y26.991 E1885.14425 F3000
G1 X-29.881 Y26.991 E1885.25576 F3000
G1 X-29.484 Y26.991 E1885.32188 F3000
G1 X-28.949 Y26.992 E1885.41077 F3000
G1 X-27.865 Y26.992 E1885.59099 F3000
G1 X-27.306 Y26.992 E1885.68412 F3000
G1 X-25.915 Y26.992 E1885.91532 F3000
G1 X-24.332 Y26.993 E1886.17858 F3000
G1 X-23.851 Y26.993 E1886.25858 F3000
G1 X-22.265 Y26.993 E1886.52242 F3000
G1 X-21.892 Y26.993 E1886.58446 F3000
G1 X-21.613 Y26.993 E1886.63074 F3000
G1 X-20.255 Y26.993 E1886.85664 F3000
G1 X-20.044 Y26.993 E1886.89168 F3000
G1 X-18.764 Y26.993 E1887.10453 F3000
G1 X-17.400 Y26.993 E1887.33147 F3000
G1 X-17.243 Y26.993 E1887.35751 F3000
G1 X-15.657 Y26.993 E1887.62135 F3000
G1 X-15.514 Y26.993 E1887.64498 F3000
G1 X-15.352 Y26.993 E1887.67202 F3000
G1 X-13.402 Y26.993 E1887.99630 F3000
G1 X-13.264 Y26.993 E1888.01922 F3000
G1 X-11.080 Y26.993 E1888.38240 F3000
G1 X-8.796 Y26.994 E1888.76223 F3000
G1 X-8.724 Y26.994 E1888.77424 F3000
G1 X-6.546 Y26.994 E1889.13640 F3000
G1 X-6.508 Y26.994 E1889.14280 F3000
G1 X-4.606 Y26.995 E1889.45910 F3000
G1 X-3.358 Y26.995 E1889.66662 F3000
G1 X-2.940 Y26.995 E1889.73619 F3000
G1 X-1.446 Y26.995 E1889.98463 F3000
G1 X-0.018 Y26.996 E1890.22203 F3000
G1 X0.018 Y26.996 E1890.22806 F3000
G1 X1.431 Y26.995 E1890.46294 F3000
G1 X1.446 Y26.995 E1890.46545 F3000
G1 X2.940 Y26.995 E1890.71390 F3000
G1 X3.358 Y26.995 E1890.78346 F3000
G1 X4.596 Y26.995 E1890.98930 F3000
G1 X6.476 Y26.994 E1891.30203 F3000
G1 X6.546 Y26.994 E1891.31369 F3000
G1 X8.724 Y26.994 E1891.67585 F3000
G1 X8.796 Y26.994 E1891.68785 F3000
G1 X11.080 Y26.993 E1892.06769 F3000
G1 X13.264 Y26.993 E1892.43086 F3000
G1 X13.402 Y26.993 E1892.45379 F3000
G1 X15.352 Y26.993 E1892.77806 F3000
G1 X15.514 Y26.993 E1892.80511 F3000
G1 X15.657 Y26.993 E1892.82874 F3000
G1 X17.243 Y26.993 E1893.09257 F3000
G1 X17.400 Y26.993 E1893.11861 F3000
G1 X18.764 Y26.993 E1893.34556 F3000
G1 X20.044 Y26.993 E1893.55841 F3000
G1 X20.255 Y26.993 E1893.59345 F3000
G1 X21.613 Y26.993 E1893.81934 F3000
G1 X21.892 Y26.993 E1893.86563 F3000
G1 X22.265 Y26.993 E1893.92767 F3000
G1 X23.851 Y26.993 E1894.19150 F3000
G1 X24.332 Y26.993 E1894.27151 F3000
G1 X25.915 Y26.992 E1894.53476 F3000
G1 X27.306 Y26.992 E1894.76597 F3000
G1 X27.865 Y26.992 E1894.85909 F3000
G1 X28.949 Y26.992 E1895.03931 F3000
G1 X29.484 Y26.991 E1895.12821 F3000
G1 X29.881 Y26.991 E1895.19433 F3000
G1 X30.552 Y26.991 E1895.30584 F3000
G1 X30.812 Y26.969 E1895.34934 F3000
G1 X31.192 Y26.936 E1895.41266 F3000
G1 X31.384 Y26.843 E1895.44819 F3000
G1 X31.526 Y26.773 E1895.47452 F3000
G1 X31.611 Y26.587 E1895.50844 F3000
G1 X31.676 Y26.445 E1895.53442 F3000
G1 X31.713 Y26.213 E1895.57355 F3000
G1 X31.764 Y25.899 E1895.62637 F3000
G1 X31.792 Y25.602 E1895.67594 F3000
G1 X31.834 Y25.149 E1895.75167 F3000
G1 X31.894 Y24.538 E1895.85380 F3000
G1 X31.928 Y24.207 E1895.90909 F3000
G1 X32.038 Y23.434 E1896.03887 F3000
G1 X32.090 Y23.086 E1896.09753 F3000
G1 X32.172 Y22.722 E1896.15950 F3000
G1 X32.364 Y21.797 E1896.31661 F3000
G1 X32.454 Y21.442 E1896.37749 F3000
G1 X32.692 Y20.427 E1896.55094 F3000
G1 X32.935 Y19.395 E1896.72712 F3000
G1 X33.020 Y19.062 E1896.78441 F3000
G1 X33.223 Y18.085 E1896.95035 F3000
G1 X33.290 Y17.788 E1897.00094 F3000
G1 X33.326 Y17.544 E1897.04199 F3000
G1 X33.447 Y16.692 E1897.18507 F3000
G1 X33.462 Y16.494 E1897.21807 F3000
G1 X33.520 Y15.760 E1897.34048 F3000
G1 X33.535 Y15.135 E1897.44454 F3000
G1 X33.538 Y14.980 E1897.47035 F3000
G1 X33.533 Y14.458 E1897.55713 F3000
G1 X33.530 Y14.336 E1897.57735 F3000
G1 X33.528 Y14.241 E1897.59324 F3000
G1 X33.525 Y13.816 E1897.66381 F3000
G1 X33.524 Y13.735 E1897.67738 F3000
G1 X33.521 Y13.357 E1897.74016 F3000
G1 X33.520 Y12.975 E1897.80380 F3000
G1 X33.518 Y12.896 E1897.81683 F3000
G1 X33.516 Y12.456 E1897.89004 F3000
G1 X33.514 Y12.370 E1897.90428 F3000
G1 X33.512 Y12.268 E1897.92139 F3000
G1 X33.508 Y11.717 E1898.01299 F3000
G1 X33.500 Y11.608 E1898.03116 F3000
G1 X33.459 Y10.984 E1898.13507 F3000
G1 X33.344 Y10.315 E1898.24808 F3000
G1 X33.327 Y10.223 E1898.26363 F3000
G1 X33.093 Y9.550 E1898.38215 F3000
G1 X33.071 Y9.484 E1898.39371 F3000
G1 X33.038 Y9.426 E1898.40465 F3000
G1 X32.649 Y8.823 E1898.52402 F3000
G1 X32.261 Y8.489 E1898.60924 F3000
G1 X31.993 Y8.257 E1898.66814 F3000
G1 X31.137 Y7.839 E1898.82659 F3000
G1 X31.032 Y7.799 E1898.84522 F3000
G1 X29.946 Y7.509 E1899.03215 F3000
G1 X29.697 Y7.459 E1899.07441 F3000
G1 X29.314 Y7.419 E1899.13851 F3000
G1 X27.918 Y7.235 E1899.37256 F3000
; LAYER:43
; Z:43.500
G0 Z43.500 F600
G0 X25.976 Y27.184 F9000
G1 X25.500 Y27.184 E1899.45166 F3000
G1 X23.913 Y27.185 E1899.71567 F3000
G1 X23.341 Y27.185 E1899.81076 F3000
G1 X21.954 Y27.185 E1900.04148 F3000
G1 X20.919 Y27.186 E1900.21360 F3000
G1 X20.317 Y27.186 E1900.31369 F3000
G1 X19.427 Y27.186 E1900.46169 F3000
G1 X18.825 Y27.186 E1900.56178 F3000
G1 X18.183 Y27.186 E1900.66850 F3000
G1 X17.301 Y27.186 E1900.81522 F3000
G1 X16.520 Y27.186 E1900.94509 F3000
G1 X15.568 Y27.187 E1901.10344 F3000
G1 X14.478 Y27.187 E1901.28470 F3000
G1 X13.448 Y27.187 E1901.45589 F3000
G1 X12.305 Y27.187 E1901.64613 F3000
G1 X11.119 Y27.188 E1901.84333 F3000
G1 X9.878 Y27.188 E1902.04959 F3000
G1 X8.754 Y27.188 E1902.23657 F3000
G1 X7.543 Y27.188 E1902.43799 F3000
G1 X6.530 Y27.189 E1902.60646 F3000
G1 X5.699 Y27.189 E1902.74455 F3000
G1 X4.621 Y27.189 E1902.92386 F3000
G1 X3.915 Y27.190 E1903.04124 F3000
G1 X2.949 Y27.190 E1903.20189 F3000
G1 X2.063 Y27.190 E1903.34938 F3000
G1 X1.435 Y27.190 E1903.45370 F3000
G1 X0.587 Y27.190 E1903.59483 F3000
G1 X0.000 Y27.190 E1903.69238 F3000
G1 X-0.587 Y27.190 E1903.78994 F3000
G1 X-1.435 Y27.190 E1903.93107 F3000
G1 X-2.063 Y27.190 E1904.03538 F3000
G1 X-2.949 Y27.190 E1904.18287 F3000
G1 X-3.915 Y27.190 E1904.34353 F3000
G1 X-4.621 Y27.189 E1904.46091 F3000
G1 X-5.699 Y27.189 E1904.64021 F3000
G1 X-6.530 Y27.189 E1904.77831 F3000
G1 X-7.543 Y27.188 E1904.94678 F3000
G1 X-8.754 Y27.188 E1905.14819 F3000
G1 X-9.878 Y27.188 E1905.33518 F3000
G1 X-11.119 Y27.188 E1905.54143 F3000
G1 X-12.305 Y27.187 E1905.73864 F3000
G1 X-13.448 Y27.187 E1905.92887 F3000
G1 X-14.478 Y27.187 E1906.10007 F3000
G1 X-15.568 Y27.187 E1906.28133 F3000
G1 X-16.520 Y27.186 E1906.43968 F3000
G1 X-17.301 Y27.186 E1906.56955 F3000
G1 X-18.183 Y27.186 E1906.71626 F3000
G1 X-18.825 Y27.186 E1906.82298 F3000
G1 X-19.427 Y27.186 E1906.92308 F3000
G1 X-20.317 Y27.186 E1907.07108 F3000
G1 X-20.919 Y27.186 E1907.17117 F3000
G1 X-21.954 Y27.185 E1907.34329 F3000
G1 X-23.341 Y27.185 E1907.57401 F3000
G1 X-23.913 Y27.185 E1907.66910 F3000
G1 X-25.500 Y27.184 E1907.93311 F3000
G1 X-25.976 Y27.184 E1908.01221 F3000
G1 X-26.394 Y27.184 E1908.08168 F3000
G1 X-27.925 Y27.182 E1908.33634 F3000
G1 X-28.173 Y27.182 E1908.37763 F3000
G1 X-29.542 Y27.181 E1908.60523 F3000
G1 X-30.560 Y27.181 E1908.77451 F3000
G1 X-30.609 Y27.181 E1908.78265 F3000
G1 X-31.245 Y27.126 E1908.88881 F3000
G1 X-31.249 Y27.125 E1908.88953 F3000
G1 X-31.310 Y27.094 E1908.90091 F3000
G1 X-31.576 Y26.964 E1908.95012 F3000
G1 X-31.728 Y26.640 E1909.00971 F3000
G1 X-31.732 Y26.625 E1909.01229 F3000
G1 X-31.812 Y26.118 E1909.09755 F3000
G1 X-31.884 Y25.369 E1909.22280 F3000
G1 X-31.890 Y25.301 E1909.23403 F3000
G1 X-31.982 Y24.409 E1909.38322 F3000
G1 X-31.996 Y24.310 E1909.39982 F3000
G1 X-32.147 Y23.309 E1909.56815 F3000
G1 X-32.381 Y22.266 E1909.74597 F3000
G1 X-32.425 Y22.056 E1909.78161 F3000
G1 X-32.696 Y20.992 E1909.96431 F3000
G1 X-32.758 Y20.728 E1910.00936 F3000
G1 X-32.821 Y20.460 E1910.05513 F3000
G1 X-33.090 Y19.404 E1910.23632 F3000
G1 X-33.149 Y19.124 E1910.28396 F3000
G1 X-33.363 Y18.165 E1910.44731 F3000
G1 X-33.481 Y17.377 E1910.57983 F3000
G1 X-33.521 Y17.092 E1910.62775 F3000
G1 X-33.573 Y16.435 E1910.73734 F3000
G1 X-33.593 Y16.174 E1910.78092 F3000
G1 X-33.599 Y15.951 E1910.81797 F3000
G1 X-33.609 Y15.400 E1910.90961 F3000
G1 X-33.607 Y15.205 E1910.94205 F3000
G1 X-33.598 Y14.760 E1911.01609 F3000
G1 X-33.592 Y14.410 E1911.07431 F3000
G1 X-33.590 Y14.242 E1911.10226 F3000
G1 X-33.585 Y13.936 E1911.15306 F3000
G1 X-33.584 Y13.784 E1911.17833 F3000
G1 X-33.583 Y13.630 E1911.20394 F3000
G1 X-33.577 Y13.326 E1911.25451 F3000
G1 X-33.576 Y13.146 E1911.28440 F3000
G1 X-33.570 Y12.806 E1911.34104 F3000
G1 X-33.562 Y12.397 E1911.40910 F3000
G1 X-33.561 Y12.162 E1911.44821 F3000
G1 X-33.527 Y11.711 E1911.52330 F3000
G1 X-33.509 Y11.435 E1911.56928 F3000
G1 X-33.458 Y11.139 E1911.61929 F3000
G1 X-33.374 Y10.671 E1911.69842 F3000
G1 X-33.266 Y10.359 E1911.75331 F3000
G1 X-33.116 Y9.913 E1911.83152 F3000
G1 X-32.896 Y9.526 E1911.90555 F3000
G1 X-32.694 Y9.213 E1911.96758 F3000
G1 X-32.388 Y8.897 E1912.04066 F3000
G1 X-32.037 Y8.598 E1912.11731 F3000
G1 X-31.462 Y8.320 E1912.22359 F3000
G1 X-31.077 Y8.092 E1912.29801 F3000
G1 X-30.189 Y7.857 E1912.45068 F3000
G1 X-29.743 Y7.709 E1912.52890 F3000
G1 X-29.228 Y7.625 E1912.61569 F3000
G1 X-27.965 Y7.459 E1912.82745 F3000
G1 X-27.476 Y7.418 E1912.90912 F3000
G1 X-25.940 Y7.309 E1913.16524 F3000
G1 X-24.262 Y7.243 E1913.44453 F3000
G1 X-23.862 Y7.227 E1913.51101 F3000
G1 X-22.255 Y7.193 E1913.77835 F3000
G1 X-21.929 Y7.186 E1913.83265 F3000
G1 X-21.678 Y7.182 E1913.87425 F3000
G1 X-20.335 Y7.162 E1914.09776 F3000
G1 X-20.116 Y7.160 E1914.13408 F3000
G1 X-18.926 Y7.150 E1914.33202 F3000
G1 X-17.898 Y7.148 E1914.50300 F3000
G1 X-17.537 Y7.146 E1914.56296 F3000
G1 X-16.512 Y7.150 E1914.73348 F3000
G1 X-15.851 Y7.148 E1914.84338 F3000
G1 X-15.043 Y7.148 E1914.97781 F3000
G1 X-13.522 Y7.147 E1915.23074 F3000
G1 X-12.977 Y7.147 E1915.32141 F3000
G1 X-11.116 Y7.146 E1915.63086 F3000
G1 X-9.031 Y7.146 E1915.97759 F3000
G1 X-8.730 Y7.146 E1916.02756 F3000
G1 X-6.762 Y7.146 E1916.35489 F3000
G1 X-6.513 Y7.146 E1916.39638 F3000
G1 X-6.306 Y7.146 E1916.43070 F3000
G1 X-4.609 Y7.147 E1916.71289 F3000
G1 X-4.443 Y7.147 E1916.74052 F3000
G1 X-2.942 Y7.147 E1916.99019 F3000
G1 X-1.567 Y7.147 E1917.21878 F3000
G1 X-1.432 Y7.147 E1917.24134 F3000
G1 X-0.125 Y7.147 E1917.45855 F3000
G1 X0.000 Y7.147 E1917.47942 F3000
G1 X0.125 Y7.147 E1917.50028 F3000
G1 X1.432 Y7.147 E1917.71749 F3000
G1 X1.567 Y7.147 E1917.74005 F3000
G1 X2.942 Y7.147 E1917.96864 F3000
G1 X4.443 Y7.147 E1918.21831 F3000
G1 X4.609 Y7.147 E1918.24594 F3000
G1 X6.306 Y7.146 E1918.52813 F3000
G1 X6.513 Y7.146 E1918.56246 F3000
G1 X6.762 Y7.146 E1918.60394 F3000
G1 X8.730 Y7.146 E1918.93127 F3000
G1 X9.031 Y7.146 E1918.98124 F3000
G1 X11.116 Y7.146 E1919.32797 F3000
G1 X12.977 Y7.147 E1919.63742 F3000
G1 X13.522 Y7.147 E1919.72809 F3000
G1 X15.043 Y7.148 E1919.98102 F3000
G1 X15.851 Y7.148 E1920.11545 F3000
G1 X16.512 Y7.150 E1920.22535 F3000
G1 X17.537 Y7.146 E1920.39587 F3000
G1 X17.898 Y7.148 E1920.45583 F3000
G1 X18.926 Y7.150 E1920.62681 F3000
G1 X20.116 Y7.160 E1920.82475 F3000
G1 X20.335 Y7.162 E1920.86107 F3000
G1 X21.678 Y7.182 E1921.08458 F3000
G1 X21.929 Y7.186 E1921.12618 F3000
G1 X22.255 Y7.193 E1921.18048 F3000
G1 X23.862 Y7.227 E1921.44782 F3000
G1 X24.262 Y7.243 E1921.51430 F3000
G1 X25.940 Y7.309 E1921.79359 F3000
G1 X27.476 Y7.418 E1922.04971 F3000
G1 X27.965 Y7.459 E1922.13138 F3000
G1 X29.228 Y7.625 E1922.34314 F3000
G1 X29.743 Y7.709 E1922.42993 F3000
G1 X30.189 Y7.857 E1922.50815 F3000
G1 X31.077 Y8.092 E1922.66082 F3000
G1 X31.462 Y8.320 E1922.73524 F3000
G1 X32.037 Y8.598 E1922.84152 F3000
G1 X32.388 Y8.897 E1922.91817 F3000
G1 X32.694 Y9.213 E1922.99125 F3000
G1 X32.896 Y9.526 E1923.05328 F3000
G1 X33.116 Y9.913 E1923.12731 F3000
G1 X33.266 Y10.359 E1923.20552 F3000
G1 X33.374 Y10.671 E1923.26041 F3000
G1 X33.458 Y11.139 E1923.33954 F3000
G1 X33.509 Y11.435 E1923.38955 F3000
G1 X33.527 Y11.711 E1923.43553 F3000
G1 X33.561 Y12.162 E1923.51062 F3000
G1 X33.562 Y12.397 E1923.54973 F3000
G1 X33.570 Y12.806 E1923.61779 F3000
G1 X33.576 Y13.146 E1923.67443 F3000
G1 X33.577 Y13.326 E1923.70432 F3000
G1 X33.583 Y13.630 E1923.75489 F3000
G1 X33.584 Y13.784 E1923.78050 F3000
G1 X33.585 Y13.936 E1923.80577 F3000
G1 X33.590 Y14.242 E1923.85657 F3000
G1 X33.592 Y14.410 E1923.88452 F3000
G1 X33.598 Y14.760 E1923.94274 F3000
G1 X33.607 Y15.205 E1924.01678 F3000
G1 X33.609 Y15.400 E1924.04922 F3000
G1 X33.599 Y15.951 E1924.14086 F3000
G1 X33.593 Y16.174 E1924.17791 F3000
G1 X33.573 Y16.435 E1924.22149 F3000
G1 X33.521 Y17.092 E1924.33108 F3000
G1 X33.481 Y17.377 E1924.37900 F3000
G1 X33.363 Y18.165 E1924.51152 F3000
G1 X33.149 Y19.124 E1924.67487 F3000
G1 X33.090 Y19.404 E1924.72251 F3000
G1 X32.821 Y20.460 E1924.90370 F3000
G1 X32.758 Y20.728 E1924.94947 F3000
G1 X32.696 Y20.992 E1924.99452 F3000
G1 X32.425 Y22.056 E1925.17722 F3000
G1 X32.381 Y22.266 E1925.21286 F3000
G1 X32.147 Y23.309 E1925.39068 F3000
G1 X31.996 Y24.310 E1925.55901 F3000
G1 X31.982 Y24.409 E1925.57561 F3000
G1 X31.890 Y25.301 E1925.72480 F3000
G1 X31.887 Y25.340 E1925.73125 F3000
G1 X31.884 Y25.369 E1925.73603 F3000
G1 X31.817 Y26.087 E1925.85600 F3000
G1 X31.732 Y26.625 E1925.94655 F3000
G1 X31.731 Y26.634 E1925.94812 F3000
G1 X31.728 Y26.640 E1925.94915 F3000
G1 X31.581 Y26.962 E1926.00802 F3000
G1 X31.576 Y26.964 E1926.00896 F3000
G1 X31.310 Y27.094 E1926.05817 F3000
G1 X31.249 Y27.125 E1926.06954 F3000
G1 X31.248 Y27.125 E1926.06981 F3000
G1 X31.245 Y27.126 E1926.07028 F3000
G1 X30.609 Y27.181 E1926.17644 F3000
G1 X30.560 Y27.181 E1926.18458 F3000
G1 X29.542 Y27.181 E1926.35386 F3000
G1 X28.173 Y27.182 E1926.58146 F3000
G1 X27.925 Y27.182 E1926.62275 F3000
G1 X26.394 Y27.184 E1926.87741 F3000
G1 X25.976 Y27.184 E1926.94688 F3000
; LAYER:44
; Z:44.500
G0 Z44.500 F600
G0 X26.045 Y27.388 F9000
G1 X24.392 Y27.386 E1927.22172 F3000
G1 X23.980 Y27.386 E1927.29020 F3000
G1 X22.288 Y27.385 E1927.57160 F3000
G1 X22.020 Y27.384 E1927.61625 F3000
G1 X21.826 Y27.384 E1927.64848 F3000
G1 X20.381 Y27.383 E1927.88874 F3000
G1 X20.266 Y27.383 E1927.90783 F3000
G1 X18.887 Y27.382 E1928.13725 F3000
G1 X17.378 Y27.380 E1928.38816 F3000
G1 X17.359 Y27.380 E1928.39130 F3000
G1 X16.654 Y27.380 E1928.50862 F3000
G1 X15.621 Y27.380 E1928.68034 F3000
G1 X13.604 Y27.381 E1929.01581 F3000
G1 X13.495 Y27.381 E1929.03392 F3000
G1 X11.345 Y27.382 E1929.39146 F3000
G1 X11.157 Y27.382 E1929.42271 F3000
G1 X10.961 Y27.382 E1929.45538 F3000
G1 X8.784 Y27.383 E1929.81734 F3000
G1 X8.540 Y27.383 E1929.85802 F3000
G1 X6.552 Y27.383 E1930.18854 F3000
G1 X4.923 Y27.384 E1930.45948 F3000
G1 X4.637 Y27.384 E1930.50705 F3000
G1 X3.235 Y27.384 E1930.74013 F3000
G1 X2.959 Y27.384 E1930.78603 F3000
G1 X2.706 Y27.385 E1930.82818 F3000
G1 X1.440 Y27.385 E1931.03868 F3000
G1 X1.187 Y27.385 E1931.08081 F3000
G1 X0.000 Y27.385 E1931.27816 F3000
G1 X-1.187 Y27.385 E1931.47551 F3000
G1 X-1.440 Y27.385 E1931.51764 F3000
G1 X-2.706 Y27.385 E1931.72814 F3000
G1 X-2.959 Y27.384 E1931.77028 F3000
G1 X-3.235 Y27.384 E1931.81619 F3000
G1 X-4.637 Y27.384 E1932.04927 F3000
G1 X-4.923 Y27.384 E1932.09683 F3000
G1 X-6.552 Y27.383 E1932.36777 F3000
G1 X-8.540 Y27.383 E1932.69830 F3000
G1 X-8.784 Y27.383 E1932.73897 F3000
G1 X-10.961 Y27.382 E1933.10093 F3000
G1 X-11.157 Y27.382 E1933.13361 F3000
G1 X-11.345 Y27.382 E1933.16486 F3000
G1 X-13.495 Y27.381 E1933.52239 F3000
G1 X-13.604 Y27.381 E1933.54051 F3000
G1 X-15.621 Y27.380 E1933.87598 F3000
G1 X-16.654 Y27.380 E1934.04770 F3000
G1 X-17.359 Y27.380 E1934.16502 F3000
G1 X-17.378 Y27.380 E1934.16816 F3000
G1 X-18.887 Y27.382 E1934.41907 F3000
G1 X-20.266 Y27.383 E1934.64848 F3000
G1 X-20.381 Y27.383 E1934.66757 F3000
G1 X-21.826 Y27.384 E1934.90784 F3000
G1 X-22.020 Y27.384 E1934.94007 F3000
G1 X-22.288 Y27.385 E1934.98472 F3000
G1 X-23.980 Y27.386 E1935.26611 F3000
G1 X-24.392 Y27.386 E1935.33459 F3000
G1 X-26.045 Y27.388 E1935.60944 F3000
G1 X-27.437 Y27.389 E1935.84093 F3000
G1 X-27.995 Y27.390 E1935.93378 F3000
G1 X-29.051 Y27.391 E1936.10938 F3000
G1 X-29.614 Y27.391 E1936.20293 F3000
G1 X-30.048 Y27.392 E1936.27511 F3000
G1 X-30.683 Y27.393 E1936.38070 F3000
G1 X-30.976 Y27.368 E1936.42970 F3000
G1 X-31.324 Y27.339 E1936.48770 F3000
G1 X-31.496 Y27.255 E1936.51950 F3000
G1 X-31.659 Y27.176 E1936.54968 F3000
G1 X-31.733 Y27.013 E1936.57951 F3000
G1 X-31.809 Y26.848 E1936.60968 F3000
G1 X-31.852 Y26.575 E1936.65553 F3000
G1 X-31.895 Y26.300 E1936.70189 F3000
G1 X-31.927 Y25.951 E1936.76012 F3000
G1 X-31.963 Y25.554 E1936.82641 F3000
G1 X-32.017 Y25.024 E1936.91500 F3000
G1 X-32.057 Y24.631 E1936.98075 F3000
G1 X-32.157 Y23.958 E1937.09394 F3000
G1 X-32.221 Y23.549 E1937.16273 F3000
G1 X-32.320 Y23.140 E1937.23272 F3000
G1 X-32.500 Y22.327 E1937.37116 F3000
G1 X-32.607 Y21.942 E1937.43768 F3000
G1 X-32.836 Y21.037 E1937.59290 F3000
G1 X-33.076 Y20.093 E1937.75493 F3000
G1 X-33.170 Y19.751 E1937.81380 F3000
G1 X-33.376 Y18.833 E1937.97033 F3000
G1 X-33.444 Y18.545 E1938.01954 F3000
G1 X-33.480 Y18.311 E1938.05883 F3000
G1 X-33.601 Y17.493 E1938.19639 F3000
G1 X-33.614 Y17.311 E1938.22672 F3000
G1 X-33.671 Y16.588 E1938.34738 F3000
G1 X-33.682 Y15.953 E1938.45306 F3000
G1 X-33.683 Y15.821 E1938.47496 F3000
G1 X-33.673 Y15.283 E1938.56446 F3000
G1 X-33.669 Y15.183 E1938.58102 F3000
G1 X-33.667 Y15.104 E1938.59413 F3000
G1 X-33.658 Y14.666 E1938.66710 F3000
G1 X-33.656 Y14.600 E1938.67800 F3000
G1 X-33.649 Y14.209 E1938.74312 F3000
G1 X-33.642 Y13.812 E1938.80914 F3000
G1 X-33.640 Y13.752 E1938.81904 F3000
G1 X-33.631 Y13.298 E1938.89458 F3000
G1 X-33.629 Y13.237 E1938.90483 F3000
G1 X-33.627 Y13.164 E1938.91682 F3000
G1 X-33.616 Y12.601 E1939.01051 F3000
G1 X-33.610 Y12.530 E1939.02247 F3000
G1 X-33.561 Y11.882 E1939.13048 F3000
G1 X-33.431 Y11.160 E1939.25251 F3000
G1 X-33.422 Y11.116 E1939.25998 F3000
G1 X-33.166 Y10.356 E1939.39329 F3000
G1 X-33.155 Y10.328 E1939.39827 F3000
G1 X-33.015 Y10.087 E1939.44468 F3000
G1 X-32.753 Y9.626 E1939.53284 F3000
G1 X-32.738 Y9.602 E1939.53753 F3000
G1 X-32.147 Y8.992 E1939.67879 F3000
G1 X-32.082 Y8.936 E1939.69303 F3000
G1 X-31.975 Y8.885 E1939.71276 F3000
G1 X-31.123 Y8.378 E1939.87767 F3000
G1 X-30.875 Y8.313 E1939.92030 F3000
G1 X-29.790 Y7.953 E1940.11037 F3000
G1 X-28.538 Y7.748 E1940.32127 F3000
G1 X-28.014 Y7.680 E1940.40926 F3000
G1 X-26.699 Y7.569 E1940.62867 F3000
G1 X-25.988 Y7.518 E1940.74717 F3000
G1 X-25.212 Y7.488 E1940.87639 F3000
G1 X-23.908 Y7.433 E1941.09334 F3000
G1 X-23.106 Y7.416 E1941.22675 F3000
G1 X-21.969 Y7.393 E1941.41595 F3000
G1 X-21.097 Y7.379 E1941.56092 F3000
G1 X-20.365 Y7.368 E1941.68277 F3000
G1 X-19.588 Y7.359 E1941.81197 F3000
G1 X-18.934 Y7.354 E1941.92067 F3000
G1 X-18.370 Y7.353 E1942.01458 F3000
G1 X-17.507 Y7.348 E1942.15803 F3000
G1 X-16.964 Y7.350 E1942.24837 F3000
G1 X-15.808 Y7.347 E1942.44051 F3000
G1 X-14.395 Y7.346 E1942.67554 F3000
G1 X-13.551 Y7.346 E1942.81585 F3000
G1 X-12.249 Y7.346 E1943.03238 F3000
G1 X-11.144 Y7.345 E1943.21612 F3000
G1 X-9.907 Y7.345 E1943.42198 F3000
G1 X-8.754 Y7.345 E1943.61361 F3000
G1 X-7.550 Y7.346 E1943.81382 F3000
G1 X-6.530 Y7.346 E1943.98347 F3000
G1 X-5.686 Y7.346 E1944.12385 F3000
G1 X-4.622 Y7.346 E1944.30086 F3000
G1 X-3.899 Y7.346 E1944.42097 F3000
G1 X-2.950 Y7.346 E1944.57891 F3000
G1 X-2.080 Y7.347 E1944.72352 F3000
G1 X-1.435 Y7.347 E1944.83073 F3000
G1 X-0.605 Y7.347 E1944.96889 F3000
G1 X0.000 Y7.347 E1945.06944 F3000
G1 X0.605 Y7.347 E1945.17000 F3000
G1 X1.435 Y7.347 E1945.30815 F3000
G1 X2.080 Y7.347 E1945.41537 F3000
G1 X2.950 Y7.346 E1945.55997 F3000
G1 X3.899 Y7.346 E1945.71792 F3000
G1 X4.622 Y7.346 E1945.83802 F3000
G1 X5.686 Y7.346 E1946.01503 F3000
G1 X6.530 Y7.346 E1946.15542 F3000
G1 X7.550 Y7.346 E1946.32506 F3000
G1 X8.754 Y7.345 E1946.52527 F3000
G1 X9.907 Y7.345 E1946.71690 F3000
G1 X11.144 Y7.345 E1946.92277 F3000
G1 X12.249 Y7.346 E1947.10651 F3000
G1 X13.551 Y7.346 E1947.32304 F3000
G1 X14.395 Y7.346 E1947.46335 F3000
G1 X15.808 Y7.347 E1947.69837 F3000
G1 X16.964 Y7.350 E1947.89052 F3000
G1 X17.507 Y7.348 E1947.98085 F3000
G1 X18.370 Y7.353 E1948.12431 F3000
G1 X18.934 Y7.354 E1948.21821 F3000
G1 X19.588 Y7.359 E1948.32691 F3000
G1 X20.365 Y7.368 E1948.45612 F3000
G1 X21.097 Y7.379 E1948.57797 F3000
G1 X21.969 Y7.393 E1948.72294 F3000
G1 X23.106 Y7.416 E1948.91214 F3000
G1 X23.908 Y7.433 E1949.04554 F3000
G1 X25.212 Y7.488 E1949.26250 F3000
G1 X25.988 Y7.518 E1949.39172 F3000
G1 X26.699 Y7.569 E1949.51022 F3000
G1 X28.014 Y7.680 E1949.72962 F3000
G1 X28.538 Y7.748 E1949.81761 F3000
G1 X29.790 Y7.953 E1950.02852 F3000
G1 X30.875 Y8.313 E1950.21859 F3000
G1 X31.123 Y8.378 E1950.26122 F3000
G1 X31.975 Y8.885 E1950.42612 F3000
G1 X32.082 Y8.936 E1950.44586 F3000
G1 X32.147 Y8.992 E1950.46009 F3000
G1 X32.738 Y9.602 E1950.60136 F3000
G1 X32.753 Y9.626 E1950.60605 F3000
G1 X33.015 Y10.087 E1950.69420 F3000
G1 X33.155 Y10.328 E1950.74061 F3000
G1 X33.166 Y10.356 E1950.74559 F3000
G1 X33.422 Y11.116 E1950.87890 F3000
G1 X33.431 Y11.160 E1950.88638 F3000
G1 X33.561 Y11.882 E1951.00840 F3000
G1 X33.610 Y12.530 E1951.11642 F3000
G1 X33.616 Y12.601 E1951.12838 F3000
G1 X33.627 Y13.164 E1951.22206 F3000
G1 X33.629 Y13.237 E1951.23406 F3000
G1 X33.631 Y13.298 E1951.24430 F3000
G1 X33.640 Y13.752 E1951.31985 F3000
G1 X33.642 Y13.812 E1951.32975 F3000
G1 X33.649 Y14.209 E1951.39576 F3000
G1 X33.656 Y14.600 E1951.46089 F3000
G1 X33.658 Y14.666 E1951.47179 F3000
G1 X33.667 Y15.104 E1951.54475 F3000
G1 X33.669 Y15.183 E1951.55787 F3000
G1 X33.673 Y15.283 E1951.57443 F3000
G1 X33.683 Y15.821 E1951.66393 F3000
G1 X33.682 Y15.953 E1951.68583 F3000
G1 X33.671 Y16.588 E1951.79151 F3000
G1 X33.614 Y17.311 E1951.91216 F3000
G1 X33.601 Y17.493 E1951.94249 F3000
G1 X33.480 Y18.311 E1952.08006 F3000
G1 X33.444 Y18.545 E1952.11934 F3000
G1 X33.376 Y18.833 E1952.16856 F3000
G1 X33.170 Y19.751 E1952.32509 F3000
G1 X33.076 Y20.093 E1952.38396 F3000
G1 X32.836 Y21.037 E1952.54599 F3000
G1 X32.607 Y21.942 E1952.70120 F3000
G1 X32.500 Y22.327 E1952.76773 F3000
G1 X32.320 Y23.140 E1952.90617 F3000
G1 X32.221 Y23.549 E1952.97616 F3000
G1 X32.157 Y23.958 E1953.04495 F3000
G1 X32.057 Y24.631 E1953.15814 F3000
G1 X32.017 Y25.024 E1953.22389 F3000
G1 X31.963 Y25.554 E1953.31247 F3000
G1 X31.927 Y25.951 E1953.37876 F3000
G1 X31.895 Y26.300 E1953.43699 F3000
G1 X31.852 Y26.575 E1953.48335 F3000
G1 X31.809 Y26.848 E1953.52921 F3000
G1 X31.733 Y27.013 E1953.55938 F3000
G1 X31.659 Y27.176 E1953.58921 F3000
G1 X31.496 Y27.255 E1953.61939 F3000
G1 X31.324 Y27.339 E1953.65118 F3000
G1 X30.976 Y27.368 E1953.70918 F3000
G1 X30.683 Y27.393 E1953.75818 F3000
G1 X30.048 Y27.392 E1953.86378 F3000
G1 X29.614 Y27.391 E1953.93595 F3000
G1 X29.051 Y27.391 E1954.02950 F3000
G1 X27.995 Y27.390 E1954.20510 F3000
G1 X27.437 Y27.389 E1954.29795 F3000
G1 X26.045 Y27.388 E1954.52945 F3000
; LAYER:45
; Z:45.500
G0 Z45.500 F600
G0 X26.120 Y27.602 F9000
G1 X25.411 Y27.601 E1954.64737 F3000
G1 X24.056 Y27.600 E1954.87272 F3000
G1 X23.227 Y27.599 E1955.01060 F3000
G1 X22.095 Y27.598 E1955.19878 F3000
G1 X21.278 Y27.597 E1955.33460 F3000
G1 X20.456 Y27.597 E1955.47138 F3000
G1 X19.779 Y27.596 E1955.58386 F3000
G1 X18.960 Y27.595 E1955.72018 F3000
G1 X18.063 Y27.595 E1955.86928 F3000
G1 X17.429 Y27.594 E1955.97481 F3000
G1 X16.342 Y27.593 E1956.15550 F3000
G1 X15.684 Y27.593 E1956.26486 F3000
G1 X14.946 Y27.593 E1956.38771 F3000
G1 X13.549 Y27.592 E1956.61991 F3000
G1 X12.809 Y27.592 E1956.74305 F3000
G1 X11.202 Y27.592 E1957.01035 F3000
G1 X9.487 Y27.591 E1957.29543 F3000
G1 X8.819 Y27.591 E1957.40666 F3000
G1 X7.148 Y27.591 E1957.68450 F3000
G1 X6.577 Y27.591 E1957.77941 F3000
G1 X6.117 Y27.591 E1957.85601 F3000
G1 X4.654 Y27.591 E1958.09919 F3000
G1 X4.282 Y27.591 E1958.16115 F3000
G1 X2.970 Y27.590 E1958.37925 F3000
G1 X1.755 Y27.590 E1958.58127 F3000
G1 X1.445 Y27.590 E1958.63284 F3000
G1 X0.286 Y27.590 E1958.82564 F3000
G1 X0.000 Y27.590 E1958.87320 F3000
G1 X-0.286 Y27.590 E1958.92075 F3000
G1 X-1.445 Y27.590 E1959.11355 F3000
G1 X-1.755 Y27.590 E1959.16512 F3000
G1 X-2.970 Y27.590 E1959.36714 F3000
G1 X-4.282 Y27.591 E1959.58524 F3000
G1 X-4.654 Y27.591 E1959.64720 F3000
G1 X-6.117 Y27.591 E1959.89038 F3000
G1 X-6.577 Y27.591 E1959.96698 F3000
G1 X-7.148 Y27.591 E1960.06189 F3000
G1 X-8.819 Y27.591 E1960.33973 F3000
G1 X-9.487 Y27.591 E1960.45097 F3000
G1 X-11.202 Y27.592 E1960.73605 F3000
G1 X-12.809 Y27.592 E1961.00334 F3000
G1 X-13.549 Y27.592 E1961.12649 F3000
G1 X-14.946 Y27.593 E1961.35869 F3000
G1 X-15.684 Y27.593 E1961.48153 F3000
G1 X-16.342 Y27.593 E1961.59089 F3000
G1 X-17.429 Y27.594 E1961.77158 F3000
G1 X-18.063 Y27.595 E1961.87711 F3000
G1 X-18.960 Y27.595 E1962.02621 F3000
G1 X-19.779 Y27.596 E1962.16253 F3000
G1 X-20.456 Y27.597 E1962.27501 F3000
G1 X-21.278 Y27.597 E1962.41180 F3000
G1 X-22.095 Y27.598 E1962.54761 F3000
G1 X-23.227 Y27.599 E1962.73579 F3000
G1 X-24.056 Y27.600 E1962.87367 F3000
G1 X-25.411 Y27.601 E1963.09902 F3000
G1 X-26.120 Y27.602 E1963.21694 F3000
G1 X-26.717 Y27.602 E1963.31626 F3000
G1 X-28.070 Y27.603 E1963.54123 F3000
G1 X-28.442 Y27.604 E1963.60317 F3000
G1 X-29.688 Y27.605 E1963.81038 F3000
G1 X-30.650 Y27.607 E1963.97025 F3000
G1 X-30.758 Y27.607 E1963.98826 F3000
G1 X-31.370 Y27.556 E1964.09045 F3000
G1 X-31.400 Y27.553 E1964.09544 F3000
G1 X-31.415 Y27.546 E1964.09817 F3000
G1 X-31.736 Y27.390 E1964.15759 F3000
G1 X-31.738 Y27.385 E1964.15839 F3000
G1 X-31.887 Y27.061 E1964.21769 F3000
G1 X-31.972 Y26.526 E1964.30783 F3000
G1 X-31.974 Y26.513 E1964.30999 F3000
G1 X-32.038 Y25.815 E1964.42658 F3000
G1 X-32.042 Y25.770 E1964.43404 F3000
G1 X-32.048 Y25.711 E1964.44401 F3000
G1 X-32.136 Y24.857 E1964.58681 F3000
G1 X-32.155 Y24.731 E1964.60794 F3000
G1 X-32.301 Y23.794 E1964.76567 F3000
G1 X-32.526 Y22.855 E1964.92615 F3000
G1 X-32.582 Y22.603 E1964.96908 F3000
G1 X-32.839 Y21.672 E1965.12975 F3000
G1 X-32.920 Y21.350 E1965.18493 F3000
G1 X-33.006 Y21.015 E1965.24254 F3000
G1 X-33.256 Y20.102 E1965.39997 F3000
G1 X-33.337 Y19.740 E1965.46157 F3000
G1 X-33.531 Y18.927 E1965.60064 F3000
G1 X-33.632 Y18.267 E1965.71166 F3000
G1 X-33.686 Y17.896 E1965.77399 F3000
G1 X-33.727 Y17.348 E1965.86540 F3000
G1 X-33.754 Y17.004 E1965.92281 F3000
G1 X-33.759 Y16.701 E1965.97309 F3000
G1 X-33.763 Y16.243 E1966.04930 F3000
G1 X-33.758 Y15.977 E1966.09349 F3000
G1 X-33.746 Y15.607 E1966.15511 F3000
G1 X-33.737 Y15.314 E1966.20389 F3000
G1 X-33.732 Y15.088 E1966.24147 F3000
G1 X-33.724 Y14.832 E1966.28405 F3000
G1 X-33.720 Y14.628 E1966.31797 F3000
G1 X-33.717 Y14.421 E1966.35235 F3000
G1 X-33.709 Y14.170 E1966.39421 F3000
G1 X-33.704 Y13.931 E1966.43398 F3000
G1 X-33.696 Y13.655 E1966.47984 F3000
G1 X-33.686 Y13.332 E1966.53352 F3000
G1 X-33.680 Y13.026 E1966.58453 F3000
G1 X-33.650 Y12.673 E1966.64342 F3000
G1 X-33.622 Y12.311 E1966.70382 F3000
G1 X-33.549 Y11.907 E1966.77206 F3000
G1 X-33.481 Y11.541 E1966.83400 F3000
G1 X-33.333 Y11.102 E1966.91108 F3000
G1 X-33.219 Y10.749 E1966.97273 F3000
G1 X-33.055 Y10.429 E1967.03252 F3000
G1 X-32.793 Y9.974 E1967.11976 F3000
G1 X-32.578 Y9.714 E1967.17601 F3000
G1 X-32.135 Y9.264 E1967.28088 F3000
G1 X-31.410 Y8.829 E1967.42153 F3000
G1 X-31.175 Y8.660 E1967.46968 F3000
G1 X-30.075 Y8.292 E1967.66266 F3000
G1 X-29.841 Y8.197 E1967.70451 F3000
G1 X-29.579 Y8.146 E1967.74892 F3000
G1 X-28.065 Y7.901 E1968.00404 F3000
G1 X-27.877 Y7.883 E1968.03549 F3000
G1 X-26.038 Y7.728 E1968.34229 F3000
G1 X-23.958 Y7.640 E1968.68861 F3000
G1 X-23.888 Y7.639 E1968.70021 F3000
G1 X-22.009 Y7.600 E1969.01268 F3000
G1 X-20.516 Y7.576 E1969.26102 F3000
G1 X-20.395 Y7.574 E1969.28121 F3000
G1 X-19.059 Y7.559 E1969.50329 F3000
G1 X-18.942 Y7.558 E1969.52276 F3000
G1 X-18.841 Y7.558 E1969.53958 F3000
G1 X-17.477 Y7.550 E1969.76654 F3000
G1 X-17.416 Y7.550 E1969.77668 F3000
G1 X-15.766 Y7.546 E1970.05107 F3000
G1 X-13.747 Y7.545 E1970.38669 F3000
G1 X-13.581 Y7.545 E1970.41438 F3000
G1 X-11.522 Y7.545 E1970.75678 F3000
G1 X-11.173 Y7.545 E1970.81480 F3000
G1 X-10.782 Y7.545 E1970.87981 F3000
G1 X-8.778 Y7.545 E1971.21310 F3000
G1 X-8.339 Y7.545 E1971.28618 F3000
G1 X-6.548 Y7.545 E1971.58399 F3000
G1 X-5.066 Y7.546 E1971.83044 F3000
G1 X-4.634 Y7.546 E1971.90226 F3000
G1 X-3.356 Y7.546 E1972.11485 F3000
G1 X-2.958 Y7.546 E1972.18106 F3000
G1 X-2.593 Y7.546 E1972.24169 F3000
G1 X-1.439 Y7.546 E1972.43356 F3000
G1 X-1.084 Y7.546 E1972.49265 F3000
G1 X0.000 Y7.546 E1972.67290 F3000
G1 X1.084 Y7.546 E1972.85315 F3000
G1 X1.439 Y7.546 E1972.91224 F3000
G1 X2.593 Y7.546 E1973.10411 F3000
G1 X2.958 Y7.546 E1973.16474 F3000
G1 X3.356 Y7.546 E1973.23095 F3000
G1 X4.634 Y7.546 E1973.44354 F3000
G1 X5.066 Y7.546 E1973.51536 F3000
G1 X6.548 Y7.545 E1973.76180 F3000
G1 X8.339 Y7.545 E1974.05962 F3000
G1 X8.778 Y7.545 E1974.13270 F3000
G1 X10.782 Y7.545 E1974.46599 F3000
G1 X11.173 Y7.545 E1974.53100 F3000
G1 X11.522 Y7.545 E1974.58902 F3000
G1 X13.581 Y7.545 E1974.93142 F3000
G1 X13.747 Y7.545 E1974.95911 F3000
G1 X15.766 Y7.546 E1975.29473 F3000
G1 X17.416 Y7.550 E1975.56911 F3000
G1 X17.477 Y7.550 E1975.57926 F3000
G1 X18.841 Y7.558 E1975.80622 F3000
G1 X18.942 Y7.558 E1975.82304 F3000
G1 X19.059 Y7.559 E1975.84251 F3000
G1 X20.395 Y7.574 E1976.06459 F3000
G1 X20.516 Y7.576 E1976.08478 F3000
G1 X22.009 Y7.600 E1976.33312 F3000
G1 X23.888 Y7.639 E1976.64559 F3000
G1 X23.955 Y7.640 E1976.65670 F3000
G1 X23.958 Y7.640 E1976.65718 F3000
G1 X26.038 Y7.728 E1977.00351 F3000
G1 X27.877 Y7.883 E1977.31030 F3000
G1 X28.065 Y7.901 E1977.34176 F3000
G1 X29.579 Y8.146 E1977.59687 F3000
G1 X29.841 Y8.197 E1977.64128 F3000
G1 X30.075 Y8.292 E1977.68314 F3000
G1 X31.175 Y8.660 E1977.87611 F3000
G1 X31.410 Y8.829 E1977.92427 F3000
G1 X32.135 Y9.264 E1978.06491 F3000
G1 X32.578 Y9.714 E1978.16979 F3000
G1 X32.793 Y9.974 E1978.22604 F3000
G1 X33.055 Y10.429 E1978.31328 F3000
G1 X33.219 Y10.749 E1978.37307 F3000
G1 X33.333 Y11.102 E1978.43471 F3000
G1 X33.481 Y11.541 E1978.51179 F3000
G1 X33.549 Y11.907 E1978.57373 F3000
G1 X33.622 Y12.311 E1978.64197 F3000
G1 X33.650 Y12.673 E1978.70238 F3000
G1 X33.680 Y13.026 E1978.76127 F3000
G1 X33.686 Y13.332 E1978.81227 F3000
G1 X33.696 Y13.655 E1978.86596 F3000
G1 X33.704 Y13.931 E1978.91182 F3000
G1 X33.709 Y14.170 E1978.95159 F3000
G1 X33.717 Y14.421 E1978.99345 F3000
G1 X33.720 Y14.628 E1979.02783 F3000
G1 X33.724 Y14.832 E1979.06175 F3000
G1 X33.732 Y15.088 E1979.10433 F3000
G1 X33.737 Y15.314 E1979.14191 F3000
G1 X33.746 Y15.607 E1979.19069 F3000
G1 X33.758 Y15.977 E1979.25231 F3000
G1 X33.763 Y16.243 E1979.29649 F3000
G1 X33.759 Y16.701 E1979.37271 F3000
G1 X33.754 Y17.004 E1979.42299 F3000
G1 X33.727 Y17.348 E1979.48039 F3000
G1 X33.686 Y17.896 E1979.57181 F3000
G1 X33.632 Y18.267 E1979.63414 F3000
G1 X33.531 Y18.927 E1979.74516 F3000
G1 X33.337 Y19.740 E1979.88423 F3000
G1 X33.256 Y20.102 E1979.94583 F3000
G1 X33.006 Y21.015 E1980.10326 F3000
G1 X32.920 Y21.350 E1980.16087 F3000
G1 X32.839 Y21.672 E1980.21605 F3000
G1 X32.582 Y22.603 E1980.37672 F3000
G1 X32.526 Y22.855 E1980.41964 F3000
G1 X32.301 Y23.794 E1980.58013 F3000
G1 X32.155 Y24.731 E1980.73785 F3000
G1 X32.136 Y24.857 E1980.75898 F3000
G1 X32.048 Y25.711 E1980.90178 F3000
G1 X32.042 Y25.770 E1980.91176 F3000
G1 X32.038 Y25.815 E1980.91922 F3000
G1 X31.974 Y26.513 E1981.03581 F3000
G1 X31.972 Y26.526 E1981.03797 F3000
G1 X31.887 Y27.061 E1981.12810 F3000
G1 X31.738 Y27.385 E1981.18741 F3000
G1 X31.415 Y27.546 E1981.24745 F3000
G1 X31.370 Y27.556 E1981.25504 F3000
G1 X30.758 Y27.607 E1981.35723 F3000
G1 X30.650 Y27.607 E1981.37525 F3000
G1 X29.688 Y27.605 E1981.53511 F3000
G1 X28.442 Y27.604 E1981.74232 F3000
G1 X28.070 Y27.603 E1981.80426 F3000
G1 X26.717 Y27.602 E1982.02923 F3000
G1 X26.120 Y27.602 E1982.12855 F3000
; LAYER:46
; Z:46.500
G0 Z46.500 F600
G0 X22.170 Y27.812 F9000
G1 X23.736 Y27.813 E1982.38899 F3000
G1 X24.105 Y27.815 E1982.45038 F3000
G1 X24.132 Y27.815 E1982.45472 F3000
G1 X26.022 Y27.821 E1982.76909 F3000
G1 X26.199 Y27.822 E1982.79853 F3000
G1 X26.407 Y27.823 E1982.83313 F3000
G1 X28.153 Y27.829 E1983.12344 F3000
G1 X28.476 Y27.830 E1983.17725 F3000
G1 X29.776 Y27.836 E1983.39337 F3000
G1 X30.524 Y27.840 E1983.51784 F3000
G1 X30.852 Y27.842 E1983.57227 F3000
G1 X31.266 Y27.809 E1983.64136 F3000
G1 X31.501 Y27.792 E1983.68055 F3000
G1 X31.639 Y27.728 E1983.70589 F3000
G1 X31.843 Y27.630 E1983.74351 F3000
G1 X31.910 Y27.492 E1983.76896 F3000
G1 X31.998 Y27.302 E1983.80386 F3000
G1 X32.048 Y26.980 E1983.85807 F3000
G1 X32.086 Y26.752 E1983.89641 F3000
G1 X32.125 Y26.295 E1983.97268 F3000
G1 X32.151 Y26.010 E1984.02036 F3000
G1 X32.182 Y25.695 E1984.07304 F3000
G1 X32.241 Y25.102 E1984.17209 F3000
G1 X32.289 Y24.791 E1984.22439 F3000
G1 X32.402 Y24.054 E1984.34838 F3000
G1 X32.614 Y23.157 E1984.50167 F3000
G1 X32.679 Y22.891 E1984.54725 F3000
G1 X32.952 Y21.891 E1984.71956 F3000
G1 X33.015 Y21.671 E1984.75763 F3000
G1 X33.070 Y21.478 E1984.79102 F3000
G1 X33.349 Y20.456 E1984.96713 F3000
G1 X33.383 Y20.315 E1984.99129 F3000
G1 X33.621 Y19.311 E1985.16299 F3000
G1 X33.764 Y18.366 E1985.32188 F3000
G1 X33.774 Y18.300 E1985.33300 F3000
G1 X33.836 Y17.451 E1985.47459 F3000
G1 X33.838 Y17.420 E1985.47976 F3000
G1 X33.837 Y17.394 E1985.48396 F3000
G1 X33.843 Y16.665 E1985.60523 F3000
G1 X33.843 Y16.659 E1985.60620 F3000
G1 X33.833 Y16.364 E1985.65541 F3000
G1 X33.823 Y16.031 E1985.71077 F3000
G1 X33.806 Y15.523 E1985.79523 F3000
G1 X33.792 Y15.064 E1985.87168 F3000
G1 X33.778 Y14.587 E1985.95096 F3000
G1 X33.777 Y14.563 E1985.95495 F3000
G1 X33.763 Y14.074 E1986.03642 F3000
G1 X33.745 Y13.500 E1986.13180 F3000
G1 X33.744 Y13.450 E1986.14013 F3000
G1 X33.689 Y12.816 E1986.24595 F3000
G1 X33.683 Y12.740 E1986.25874 F3000
G1 X33.668 Y12.654 E1986.27320 F3000
G1 X33.540 Y11.966 E1986.38960 F3000
G1 X33.500 Y11.847 E1986.41045 F3000
G1 X33.276 Y11.157 E1986.53120 F3000
G1 X32.956 Y10.529 E1986.64832 F3000
G1 X32.850 Y10.345 E1986.68371 F3000
G1 X32.399 Y9.800 E1986.80121 F3000
G1 X32.191 Y9.589 E1986.85053 F3000
G1 X31.850 Y9.384 E1986.91667 F3000
G1 X31.231 Y8.940 E1987.04342 F3000
G1 X30.651 Y8.746 E1987.14509 F3000
G1 X29.898 Y8.441 E1987.28022 F3000
G1 X29.052 Y8.276 E1987.42359 F3000
G1 X28.123 Y8.125 E1987.58016 F3000
G1 X27.283 Y8.045 E1987.72043 F3000
G1 X26.097 Y7.946 E1987.91844 F3000
G1 X24.754 Y7.889 E1988.14197 F3000
G1 X24.012 Y7.857 E1988.26536 F3000
G1 X22.657 Y7.829 E1988.49079 F3000
G1 X22.063 Y7.818 E1988.58959 F3000
G1 X21.620 Y7.812 E1988.66322 F3000
G1 X20.442 Y7.791 E1988.85928 F3000
G1 X20.082 Y7.787 E1988.91903 F3000
G1 X18.977 Y7.775 E1989.10285 F3000
G1 X17.888 Y7.770 E1989.28400 F3000
G1 X17.497 Y7.767 E1989.34905 F3000
G1 X16.233 Y7.765 E1989.55914 F3000
G1 X15.779 Y7.763 E1989.63471 F3000
G1 X15.250 Y7.762 E1989.72268 F3000
G1 X13.606 Y7.758 E1989.99605 F3000
G1 X13.124 Y7.758 E1990.07616 F3000
G1 X11.203 Y7.754 E1990.39565 F3000
G1 X9.105 Y7.753 E1990.74455 F3000
G1 X8.804 Y7.752 E1990.79465 F3000
G1 X6.807 Y7.752 E1991.12677 F3000
G1 X6.567 Y7.752 E1991.16670 F3000
G1 X6.370 Y7.752 E1991.19934 F3000
G1 X4.647 Y7.751 E1991.48592 F3000
G1 X4.499 Y7.751 E1991.51054 F3000
G1 X2.966 Y7.751 E1991.76553 F3000
G1 X1.552 Y7.751 E1992.00067 F3000
G1 X1.443 Y7.751 E1992.01874 F3000
G1 X0.098 Y7.751 E1992.24239 F3000
G1 X0.000 Y7.751 E1992.25874 F3000
G1 X-0.098 Y7.751 E1992.27509 F3000
G1 X-1.443 Y7.751 E1992.49875 F3000
G1 X-1.552 Y7.751 E1992.51682 F3000
G1 X-2.966 Y7.751 E1992.75195 F3000
G1 X-4.499 Y7.751 E1993.00695 F3000
G1 X-4.647 Y7.751 E1993.03156 F3000
G1 X-6.370 Y7.752 E1993.31815 F3000
G1 X-6.567 Y7.752 E1993.35078 F3000
G1 X-6.807 Y7.752 E1993.39071 F3000
G1 X-8.804 Y7.752 E1993.72283 F3000
G1 X-9.105 Y7.753 E1993.77294 F3000
G1 X-11.203 Y7.754 E1994.12184 F3000
G1 X-13.124 Y7.758 E1994.44133 F3000
G1 X-13.606 Y7.758 E1994.52143 F3000
G1 X-15.250 Y7.762 E1994.79480 F3000
G1 X-15.779 Y7.763 E1994.88278 F3000
G1 X-16.233 Y7.765 E1994.95834 F3000
G1 X-17.497 Y7.767 E1995.16844 F3000
G1 X-17.888 Y7.770 E1995.23349 F3000
G1 X-18.977 Y7.775 E1995.41464 F3000
G1 X-20.082 Y7.787 E1995.59845 F3000
G1 X-20.442 Y7.791 E1995.65821 F3000
G1 X-21.620 Y7.812 E1995.85427 F3000
G1 X-22.063 Y7.818 E1995.92789 F3000
G1 X-22.657 Y7.829 E1996.02669 F3000
G1 X-24.012 Y7.857 E1996.25213 F3000
G1 X-24.754 Y7.889 E1996.37552 F3000
G1 X-26.097 Y7.946 E1996.59905 F3000
G1 X-27.283 Y8.045 E1996.79706 F3000
G1 X-28.123 Y8.125 E1996.93733 F3000
G1 X-29.052 Y8.276 E1997.09390 F3000
G1 X-29.898 Y8.441 E1997.23726 F3000
G1 X-30.651 Y8.746 E1997.37239 F3000
G1 X-31.231 Y8.940 E1997.47406 F3000
G1 X-31.850 Y9.384 E1997.60082 F3000
G1 X-32.191 Y9.589 E1997.66696 F3000
G1 X-32.399 Y9.800 E1997.71628 F3000
G1 X-32.850 Y10.345 E1997.83378 F3000
G1 X-32.956 Y10.529 E1997.86916 F3000
G1 X-33.276 Y11.157 E1997.98628 F3000
G1 X-33.500 Y11.847 E1998.10704 F3000
G1 X-33.540 Y11.966 E1998.12789 F3000
G1 X-33.668 Y12.654 E1998.24429 F3000
G1 X-33.683 Y12.740 E1998.25874 F3000
G1 X-33.689 Y12.816 E1998.27154 F3000
G1 X-33.744 Y13.450 E1998.37735 F3000
G1 X-33.745 Y13.500 E1998.38568 F3000
G1 X-33.763 Y14.074 E1998.48106 F3000
G1 X-33.777 Y14.563 E1998.56254 F3000
G1 X-33.778 Y14.587 E1998.56652 F3000
G1 X-33.792 Y15.031 E1998.64035 F3000
G1 X-33.806 Y15.510 E1998.72007 F3000
G1 X-33.823 Y16.031 E1998.80672 F3000
G1 X-33.833 Y16.364 E1998.86207 F3000
G1 X-33.843 Y16.659 E1998.91129 F3000
G1 X-33.837 Y17.394 E1999.03353 F3000
G1 X-33.836 Y17.451 E1999.04289 F3000
G1 X-33.774 Y18.300 E1999.18448 F3000
G1 X-33.764 Y18.366 E1999.19560 F3000
G1 X-33.621 Y19.311 E1999.35449 F3000
G1 X-33.383 Y20.315 E1999.52619 F3000
G1 X-33.349 Y20.456 E1999.55035 F3000
G1 X-33.070 Y21.478 E1999.72646 F3000
G1 X-33.015 Y21.671 E1999.75985 F3000
G1 X-32.952 Y21.891 E1999.79792 F3000
G1 X-32.679 Y22.891 E1999.97023 F3000
G1 X-32.614 Y23.157 E2000.01581 F3000
G1 X-32.402 Y24.054 E2000.16910 F3000
G1 X-32.289 Y24.791 E2000.29309 F3000
G1 X-32.241 Y25.102 E2000.34539 F3000
G1 X-32.182 Y25.695 E2000.44444 F3000
G1 X-32.151 Y26.010 E2000.49711 F3000
G1 X-32.125 Y26.295 E2000.54480 F3000
G1 X-32.086 Y26.752 E2000.62107 F3000
G1 X-32.048 Y26.980 E2000.65941 F3000
G1 X-31.998 Y27.302 E2000.71362 F3000
G1 X-31.910 Y27.492 E2000.74852 F3000
G1 X-31.843 Y27.630 E2000.77397 F3000
G1 X-31.639 Y27.728 E2000.81159 F3000
G1 X-31.501 Y27.792 E2000.83693 F3000
G1 X-31.266 Y27.809 E2000.87612 F3000
G1 X-30.852 Y27.842 E2000.94521 F3000
G1 X-30.524 Y27.840 E2000.99964 F3000
G1 X-29.776 Y27.836 E2001.12411 F3000
G1 X-28.476 Y27.830 E2001.34023 F3000
G1 X-28.153 Y27.829 E2001.39404 F3000
G1 X-26.407 Y27.823 E2001.68435 F3000
G1 X-26.199 Y27.822 E2001.71895 F3000
G1 X-26.022 Y27.821 E2001.74839 F3000
G1 X-24.132 Y27.815 E2002.06276 F3000
G1 X-24.105 Y27.815 E2002.06710 F3000
G1 X-23.736 Y27.813 E2002.12849 F3000
G1 X-22.170 Y27.812 E2002.38893 F3000
G1 X-20.731 Y27.811 E2002.62834 F3000
G1 X-20.530 Y27.810 E2002.66163 F3000
G1 X-19.292 Y27.809 E2002.86751 F3000
G1 X-19.032 Y27.809 E2002.91073 F3000
G1 X-18.748 Y27.809 E2002.95802 F3000
G1 X-17.498 Y27.808 E2003.16594 F3000
G1 X-17.094 Y27.807 E2003.23306 F3000
G1 X-15.748 Y27.807 E2003.45692 F3000
G1 X-14.236 Y27.806 E2003.70839 F3000
G1 X-13.605 Y27.806 E2003.81333 F3000
G1 X-12.025 Y27.805 E2004.07615 F3000
G1 X-11.248 Y27.805 E2004.20538 F3000
G1 X-10.419 Y27.805 E2004.34320 F3000
G1 X-8.854 Y27.805 E2004.60336 F3000
G1 X-8.003 Y27.805 E2004.74498 F3000
G1 X-6.604 Y27.804 E2004.97768 F3000
G1 X-5.474 Y27.804 E2005.16548 F3000
G1 X-4.673 Y27.804 E2005.29877 F3000
G1 X-3.717 Y27.804 E2005.45770 F3000
G1 X-2.982 Y27.804 E2005.57996 F3000
G1 X-2.301 Y27.804 E2005.69321 F3000
G1 X-1.451 Y27.804 E2005.83456 F3000
G1 X-0.792 Y27.804 E2005.94413 F3000
G1 X0.000 Y27.803 E2006.07585 F3000
G1 X0.792 Y27.804 E2006.20758 F3000
G1 X1.451 Y27.804 E2006.31715 F3000
G1 X2.301 Y27.804 E2006.45850 F3000
G1 X2.982 Y27.804 E2006.57174 F3000
G1 X3.717 Y27.804 E2006.69401 F3000
G1 X4.673 Y27.804 E2006.85293 F3000
G1 X5.474 Y27.804 E2006.98623 F3000
G1 X6.604 Y27.804 E2007.17403 F3000
G1 X8.003 Y27.805 E2007.40673 F3000
G1 X8.854 Y27.805 E2007.54834 F3000
G1 X10.419 Y27.805 E2007.80851 F3000
G1 X11.248 Y27.805 E2007.94633 F3000
G1 X12.025 Y27.805 E2008.07555 F3000
G1 X13.605 Y27.806 E2008.33837 F3000
G1 X14.236 Y27.806 E2008.44332 F3000
G1 X15.748 Y27.807 E2008.69478 F3000
G1 X17.094 Y27.807 E2008.91865 F3000
G1 X17.498 Y27.808 E2008.98577 F3000
G1 X18.748 Y27.809 E2009.19369 F3000
G1 X19.032 Y27.809 E2009.24097 F3000
G1 X19.292 Y27.809 E2009.28420 F3000
G1 X20.530 Y27.810 E2009.49007 F3000
G1 X20.731 Y27.811 E2009.52337 F3000
G1 X22.170 Y27.812 E2009.76278 F3000
; LAYER:47
; Z:47.500
G0 Z47.500 F600
G0 X24.223 Y28.052 F9000
G1 X25.401 Y28.056 E2009.95878 F3000
G1 X26.291 Y28.060 E2010.10668 F3000
G1 X27.336 Y28.065 E2010.28045 F3000
G1 X28.245 Y28.068 E2010.43175 F3000
G1 X29.280 Y28.073 E2010.60381 F3000
G1 X29.870 Y28.076 E2010.70202 F3000
G1 X30.211 Y28.077 E2010.75857 F3000
G1 X30.950 Y28.082 E2010.88154 F3000
G1 X31.109 Y28.070 E2010.90814 F3000
G1 X31.604 Y28.032 E2010.99058 F3000
G1 X31.895 Y27.898 E2011.04390 F3000
G1 X31.951 Y27.871 E2011.05424 F3000
G1 X32.087 Y27.592 E2011.10586 F3000
G1 X32.110 Y27.543 E2011.11487 F3000
G1 X32.123 Y27.460 E2011.12887 F3000
G1 X32.199 Y26.993 E2011.20754 F3000
G1 X32.210 Y26.865 E2011.22879 F3000
G1 X32.265 Y26.253 E2011.33109 F3000
G1 X32.331 Y25.576 E2011.44408 F3000
G1 X32.354 Y25.353 E2011.48141 F3000
G1 X32.464 Y24.639 E2011.60157 F3000
G1 X32.513 Y24.322 E2011.65484 F3000
G1 X32.604 Y23.937 E2011.72070 F3000
G1 X32.788 Y23.188 E2011.84906 F3000
G1 X32.918 Y22.712 E2011.93098 F3000
G1 X33.122 Y22.001 E2012.05398 F3000
G1 X33.300 Y21.378 E2012.16184 F3000
G1 X33.453 Y20.819 E2012.25809 F3000
G1 X33.586 Y20.277 E2012.35105 F3000
G1 X33.722 Y19.702 E2012.44934 F3000
G1 X33.804 Y19.161 E2012.54030 F3000
G1 X33.871 Y18.709 E2012.61629 F3000
G1 X33.908 Y18.205 E2012.70021 F3000
G1 X33.931 Y17.839 E2012.76128 F3000
G1 X33.929 Y17.541 E2012.81087 F3000
G1 X33.933 Y17.089 E2012.88604 F3000
G1 X33.921 Y16.848 E2012.92603 F3000
G1 X33.908 Y16.454 E2012.99170 F3000
G1 X33.898 Y16.119 E2013.04739 F3000
G1 X33.889 Y15.929 E2013.07901 F3000
G1 X33.880 Y15.627 E2013.12934 F3000
G1 X33.873 Y15.461 E2013.15684 F3000
G1 X33.867 Y15.301 E2013.18350 F3000
G1 X33.857 Y14.997 E2013.23408 F3000
G1 X33.851 Y14.828 E2013.26230 F3000
G1 X33.840 Y14.483 E2013.31966 F3000
G1 X33.827 Y14.052 E2013.39136 F3000
G1 X33.819 Y13.865 E2013.42254 F3000
G1 X33.774 Y13.354 E2013.50775 F3000
G1 X33.756 Y13.159 E2013.54044 F3000
G1 X33.718 Y12.958 E2013.57444 F3000
G1 X33.610 Y12.383 E2013.67174 F3000
G1 X33.552 Y12.198 E2013.70389 F3000
G1 X33.341 Y11.559 E2013.81589 F3000
G1 X32.963 Y10.825 E2013.95315 F3000
G1 X32.911 Y10.713 E2013.97363 F3000
G1 X32.277 Y9.951 E2014.13843 F3000
G1 X32.249 Y9.913 E2014.14629 F3000
G1 X32.216 Y9.885 E2014.15352 F3000
G1 X31.770 Y9.566 E2014.24471 F3000
G1 X31.287 Y9.219 E2014.34356 F3000
G1 X31.228 Y9.200 E2014.35393 F3000
G1 X29.955 Y8.684 E2014.58233 F3000
G1 X28.525 Y8.406 E2014.82465 F3000
G1 X28.181 Y8.350 E2014.88267 F3000
G1 X26.689 Y8.208 E2015.13176 F3000
G1 X26.155 Y8.163 E2015.22099 F3000
G1 X25.550 Y8.137 E2015.32172 F3000
G1 X24.070 Y8.074 E2015.56802 F3000
G1 X23.380 Y8.059 E2015.68276 F3000
G1 X22.118 Y8.037 E2015.89263 F3000
G1 X21.178 Y8.023 E2016.04902 F3000
G1 X20.492 Y8.012 E2016.16306 F3000
G1 X19.685 Y8.003 E2016.29737 F3000
G1 X19.019 Y7.995 E2016.40809 F3000
G1 X18.363 Y7.992 E2016.51721 F3000
G1 X17.524 Y7.986 E2016.65672 F3000
G1 X16.747 Y7.985 E2016.78596 F3000
G1 X15.797 Y7.982 E2016.94390 F3000
G1 X14.691 Y7.979 E2017.12778 F3000
G1 X13.630 Y7.977 E2017.30436 F3000
G1 X12.509 Y7.975 E2017.49070 F3000
G1 X11.234 Y7.973 E2017.70269 F3000
G1 X9.842 Y7.972 E2017.93420 F3000
G1 X8.832 Y7.971 E2018.10216 F3000
G1 X7.482 Y7.971 E2018.32673 F3000
G1 X6.588 Y7.971 E2018.47544 F3000
G1 X5.857 Y7.970 E2018.59699 F3000
G1 X4.662 Y7.970 E2018.79571 F3000
G1 X4.047 Y7.970 E2018.89793 F3000
G1 X2.975 Y7.969 E2019.07621 F3000
G1 X1.987 Y7.969 E2019.24061 F3000
G1 X1.448 Y7.969 E2019.33022 F3000
G1 X0.503 Y7.969 E2019.48741 F3000
G1 X0.000 Y7.969 E2019.57098 F3000
G1 X-0.503 Y7.969 E2019.65454 F3000
G1 X-1.448 Y7.969 E2019.81173 F3000
G1 X-1.987 Y7.969 E2019.90134 F3000
G1 X-2.975 Y7.969 E2020.06574 F3000
G1 X-4.047 Y7.970 E2020.24402 F3000
G1 X-4.662 Y7.970 E2020.34625 F3000
G1 X-5.857 Y7.970 E2020.54496 F3000
G1 X-6.588 Y7.971 E2020.66651 F3000
G1 X-7.482 Y7.971 E2020.81522 F3000
G1 X-8.832 Y7.971 E2021.03979 F3000
G1 X-9.842 Y7.972 E2021.20775 F3000
G1 X-11.234 Y7.973 E2021.43926 F3000
G1 X-12.509 Y7.975 E2021.65126 F3000
G1 X-13.630 Y7.977 E2021.83759 F3000
G1 X-14.691 Y7.979 E2022.01418 F3000
G1 X-15.797 Y7.982 E2022.19805 F3000
G1 X-16.747 Y7.985 E2022.35599 F3000
G1 X-17.524 Y7.986 E2022.48523 F3000
G1 X-18.363 Y7.992 E2022.62474 F3000
G1 X-19.019 Y7.995 E2022.73386 F3000
G1 X-19.685 Y8.003 E2022.84458 F3000
G1 X-20.492 Y8.012 E2022.97889 F3000
G1 X-21.178 Y8.023 E2023.09294 F3000
G1 X-22.118 Y8.037 E2023.24932 F3000
G1 X-23.380 Y8.059 E2023.45919 F3000
G1 X-24.070 Y8.074 E2023.57393 F3000
G1 X-25.550 Y8.137 E2023.82023 F3000
G1 X-26.155 Y8.163 E2023.92096 F3000
G1 X-26.689 Y8.208 E2024.01020 F3000
G1 X-28.181 Y8.350 E2024.25928 F3000
G1 X-28.525 Y8.406 E2024.31731 F3000
G1 X-29.955 Y8.684 E2024.55962 F3000
G1 X-31.228 Y9.200 E2024.78802 F3000
G1 X-31.287 Y9.219 E2024.79839 F3000
G1 X-31.770 Y9.566 E2024.89724 F3000
G1 X-32.216 Y9.885 E2024.98844 F3000
G1 X-32.249 Y9.913 E2024.99567 F3000
G1 X-32.277 Y9.951 E2025.00352 F3000
G1 X-32.911 Y10.713 E2025.16832 F3000
G1 X-32.963 Y10.825 E2025.18880 F3000
G1 X-33.341 Y11.559 E2025.32606 F3000
G1 X-33.552 Y12.198 E2025.43806 F3000
G1 X-33.610 Y12.383 E2025.47021 F3000
G1 X-33.718 Y12.958 E2025.56751 F3000
G1 X-33.756 Y13.159 E2025.60152 F3000
G1 X-33.774 Y13.354 E2025.63421 F3000
G1 X-33.819 Y13.865 E2025.71941 F3000
G1 X-33.827 Y14.052 E2025.75060 F3000
G1 X-33.840 Y14.483 E2025.82229 F3000
G1 X-33.851 Y14.828 E2025.87965 F3000
G1 X-33.857 Y14.997 E2025.90787 F3000
G1 X-33.867 Y15.301 E2025.95845 F3000
G1 X-33.873 Y15.461 E2025.98512 F3000
G1 X-33.880 Y15.627 E2026.01261 F3000
G1 X-33.889 Y15.929 E2026.06295 F3000
G1 X-33.898 Y16.119 E2026.09456 F3000
G1 X-33.908 Y16.454 E2026.15026 F3000
G1 X-33.921 Y16.848 E2026.21592 F3000
G1 X-33.933 Y17.089 E2026.25592 F3000
G1 X-33.929 Y17.541 E2026.33108 F3000
G1 X-33.931 Y17.839 E2026.38068 F3000
G1 X-33.908 Y18.205 E2026.44175 F3000
G1 X-33.871 Y18.709 E2026.52567 F3000
G1 X-33.804 Y19.161 E2026.60165 F3000
G1 X-33.722 Y19.702 E2026.69261 F3000
G1 X-33.586 Y20.277 E2026.79090 F3000
G1 X-33.453 Y20.819 E2026.88387 F3000
G1 X-33.300 Y21.378 E2026.98011 F3000
G1 X-33.122 Y22.001 E2027.08797 F3000
G1 X-32.918 Y22.712 E2027.21097 F3000
G1 X-32.788 Y23.188 E2027.29290 F3000
G1 X-32.604 Y23.937 E2027.42125 F3000
G1 X-32.513 Y24.322 E2027.48711 F3000
G1 X-32.464 Y24.639 E2027.54038 F3000
G1 X-32.354 Y25.353 E2027.66054 F3000
G1 X-32.331 Y25.576 E2027.69787 F3000
G1 X-32.265 Y26.253 E2027.81087 F3000
G1 X-32.210 Y26.865 E2027.91317 F3000
G1 X-32.199 Y26.993 E2027.93442 F3000
G1 X-32.123 Y27.460 E2028.01309 F3000
G1 X-32.110 Y27.543 E2028.02708 F3000
G1 X-32.087 Y27.592 E2028.03609 F3000
G1 X-31.951 Y27.871 E2028.08772 F3000
G1 X-31.895 Y27.898 E2028.09805 F3000
G1 X-31.604 Y28.032 E2028.15137 F3000
G1 X-31.109 Y28.070 E2028.23381 F3000
G1 X-30.950 Y28.082 E2028.26041 F3000
G1 X-30.211 Y28.077 E2028.38338 F3000
G1 X-29.870 Y28.076 E2028.43994 F3000
G1 X-29.280 Y28.073 E2028.53814 F3000
G1 X-28.245 Y28.068 E2028.71020 F3000
G1 X-27.336 Y28.065 E2028.86150 F3000
G1 X-26.291 Y28.060 E2029.03527 F3000
G1 X-25.401 Y28.056 E2029.18317 F3000
G1 X-24.223 Y28.052 E2029.37917 F3000
G1 X-23.533 Y28.049 E2029.49387 F3000
G1 X-22.258 Y28.045 E2029.70584 F3000
G1 X-21.044 Y28.041 E2029.90777 F3000
G1 X-20.615 Y28.039 E2029.97914 F3000
G1 X-19.414 Y28.036 E2030.17892 F3000
G1 X-19.113 Y28.035 E2030.22895 F3000
G1 X-18.841 Y28.034 E2030.27424 F3000
G1 X-17.573 Y28.030 E2030.48509 F3000
G1 X-17.337 Y28.030 E2030.52422 F3000
G1 X-15.815 Y28.027 E2030.77732 F3000
G1 X-13.796 Y28.023 E2031.11310 F3000
G1 X-13.662 Y28.023 E2031.13537 F3000
G1 X-11.347 Y28.020 E2031.52041 F3000
G1 X-11.294 Y28.020 E2031.52924 F3000
G1 X-11.245 Y28.020 E2031.53737 F3000
G1 X-9.808 Y28.018 E2031.77633 F3000
G1 X-8.890 Y28.018 E2031.92898 F3000
G1 X-8.858 Y28.018 E2031.93438 F3000
G1 X-6.630 Y28.018 E2032.30486 F3000
G1 X-4.832 Y28.017 E2032.60387 F3000
G1 X-4.691 Y28.017 E2032.62727 F3000
G1 X-3.152 Y28.017 E2032.88317 F3000
G1 X-2.994 Y28.017 E2032.90959 F3000
G1 X-2.846 Y28.017 E2032.93406 F3000
G1 X-1.457 Y28.017 E2033.16519 F3000
G1 X-1.298 Y28.017 E2033.19154 F3000
G1 X0.000 Y28.017 E2033.40743 F3000
G1 X1.298 Y28.017 E2033.62332 F3000
G1 X1.457 Y28.017 E2033.64967 F3000
G1 X2.846 Y28.017 E2033.88079 F3000
G1 X2.994 Y28.017 E2033.90527 F3000
G1 X3.152 Y28.017 E2033.93168 F3000
G1 X4.691 Y28.017 E2034.18758 F3000
G1 X4.832 Y28.017 E2034.21099 F3000
G1 X6.630 Y28.018 E2034.50999 F3000
G1 X8.858 Y28.018 E2034.88048 F3000
G1 X8.890 Y28.018 E2034.88587 F3000
G1 X9.808 Y28.018 E2035.03852 F3000
G1 X11.245 Y28.020 E2035.27748 F3000
G1 X11.294 Y28.020 E2035.28562 F3000
G1 X11.347 Y28.020 E2035.29444 F3000
G1 X13.662 Y28.023 E2035.67948 F3000
G1 X13.796 Y28.023 E2035.70176 F3000
G1 X15.815 Y28.027 E2036.03754 F3000
G1 X17.337 Y28.030 E2036.29063 F3000
G1 X17.573 Y28.030 E2036.32977 F3000
G1 X18.841 Y28.034 E2036.54062 F3000
G1 X19.113 Y28.035 E2036.58590 F3000
G1 X19.414 Y28.036 E2036.63593 F3000
G1 X20.615 Y28.039 E2036.83571 F3000
G1 X21.044 Y28.041 E2036.90708 F3000
G1 X22.258 Y28.045 E2037.10902 F3000
G1 X23.533 Y28.049 E2037.32099 F3000
G1 X24.223 Y28.052 E2037.43568 F3000
; LAYER:48
; Z:48.500
G0 Z48.500 F600
G0 X24.314 Y28.290 F9000
G1 X24.781 Y28.291 E2037.51331 F3000
G1 X26.382 Y28.298 E2037.77967 F3000
G1 X28.264 Y28.307 E2038.09261 F3000
G1 X28.338 Y28.307 E2038.10490 F3000
G1 X28.901 Y28.310 E2038.19849 F3000
G1 X29.969 Y28.320 E2038.37618 F3000
G1 X30.916 Y28.331 E2038.53369 F3000
G1 X31.059 Y28.333 E2038.55740 F3000
G1 X31.595 Y28.297 E2038.64679 F3000
G1 X31.724 Y28.289 E2038.66826 F3000
G1 X31.803 Y28.255 E2038.68256 F3000
G1 X32.081 Y28.130 E2038.73330 F3000
G1 X32.126 Y28.051 E2038.74845 F3000
G1 X32.248 Y27.803 E2038.79434 F3000
G1 X32.315 Y27.385 E2038.86477 F3000
G1 X32.338 Y27.252 E2038.88730 F3000
G1 X32.387 Y26.666 E2038.98503 F3000
G1 X32.401 Y26.511 E2039.01087 F3000
G1 X32.416 Y26.343 E2039.03886 F3000
G1 X32.483 Y25.616 E2039.16038 F3000
G1 X32.502 Y25.477 E2039.18368 F3000
G1 X32.633 Y24.598 E2039.33156 F3000
G1 X32.891 Y23.526 E2039.51486 F3000
G1 X32.901 Y23.487 E2039.52158 F3000
G1 X33.100 Y22.779 E2039.64384 F3000
G1 X33.228 Y22.331 E2039.72128 F3000
G1 X33.531 Y21.278 E2039.90360 F3000
G1 X33.557 Y21.183 E2039.91999 F3000
G1 X33.789 Y20.238 E2040.08175 F3000
G1 X33.823 Y20.092 E2040.10664 F3000
G1 X33.844 Y19.955 E2040.12967 F3000
G1 X33.968 Y19.118 E2040.27051 F3000
G1 X33.980 Y18.960 E2040.29676 F3000
G1 X34.024 Y18.258 E2040.41374 F3000
G1 X34.021 Y17.687 E2040.50873 F3000
G1 X34.022 Y17.512 E2040.53779 F3000
G1 X34.000 Y17.038 E2040.61681 F3000
G1 X33.995 Y16.877 E2040.64357 F3000
G1 X33.990 Y16.740 E2040.66626 F3000
G1 X33.973 Y16.348 E2040.73157 F3000
G1 X33.969 Y16.221 E2040.75271 F3000
G1 X33.955 Y15.875 E2040.81031 F3000
G1 X33.942 Y15.539 E2040.86617 F3000
G1 X33.938 Y15.406 E2040.88830 F3000
G1 X33.924 Y15.046 E2040.94827 F3000
G1 X33.920 Y14.891 E2040.97409 F3000
G1 X33.913 Y14.697 E2041.00636 F3000
G1 X33.898 Y14.277 E2041.07629 F3000
G1 X33.876 Y14.037 E2041.11626 F3000
G1 X33.833 Y13.574 E2041.19365 F3000
G1 X33.742 Y13.098 E2041.27417 F3000
G1 X33.685 Y12.795 E2041.32555 F3000
G1 X33.534 Y12.317 E2041.40881 F3000
G1 X33.415 Y11.955 E2041.47225 F3000
G1 X33.201 Y11.539 E2041.55000 F3000
G1 X32.984 Y11.077 E2041.63496 F3000
G1 X32.599 Y10.613 E2041.73516 F3000
G1 X32.321 Y10.237 E2041.81297 F3000
G1 X31.993 Y9.958 E2041.88461 F3000
G1 X31.357 Y9.503 E2042.01460 F3000
G1 X31.006 Y9.333 E2042.07948 F3000
G1 X30.022 Y8.934 E2042.25612 F3000
G1 X28.496 Y8.636 E2042.51457 F3000
G1 X28.244 Y8.580 E2042.55755 F3000
G1 X26.337 Y8.396 E2042.87613 F3000
G1 X26.216 Y8.383 E2042.89649 F3000
G1 X26.112 Y8.378 E2042.91380 F3000
G1 X24.481 Y8.306 E2043.18529 F3000
G1 X24.128 Y8.291 E2043.24406 F3000
G1 X24.103 Y8.290 E2043.24812 F3000
G1 X22.174 Y8.257 E2043.56905 F3000
G1 X20.736 Y8.235 E2043.80820 F3000
G1 X20.543 Y8.232 E2043.84022 F3000
G1 X19.287 Y8.218 E2044.04909 F3000
G1 X19.061 Y8.215 E2044.08673 F3000
G1 X18.838 Y8.214 E2044.12381 F3000
G1 X17.551 Y8.206 E2044.33779 F3000
G1 X17.260 Y8.205 E2044.38616 F3000
G1 X15.815 Y8.200 E2044.62648 F3000
G1 X14.133 Y8.196 E2044.90625 F3000
G1 X13.653 Y8.195 E2044.98605 F3000
G1 X11.894 Y8.193 E2045.27862 F3000
G1 X11.266 Y8.192 E2045.38312 F3000
G1 X10.579 Y8.191 E2045.49724 F3000
G1 X8.861 Y8.190 E2045.78305 F3000
G1 X8.157 Y8.190 E2045.90007 F3000
G1 X6.609 Y8.189 E2046.15757 F3000
G1 X5.343 Y8.189 E2046.36803 F3000
G1 X4.677 Y8.189 E2046.47887 F3000
G1 X3.595 Y8.188 E2046.65871 F3000
G1 X2.984 Y8.188 E2046.76028 F3000
G1 X2.421 Y8.188 E2046.85393 F3000
G1 X1.452 Y8.188 E2047.01508 F3000
G1 X0.907 Y8.188 E2047.10581 F3000
G1 X0.000 Y8.188 E2047.25659 F3000
G1 X-0.907 Y8.188 E2047.40738 F3000
G1 X-1.452 Y8.188 E2047.49810 F3000
G1 X-2.421 Y8.188 E2047.65925 F3000
G1 X-2.984 Y8.188 E2047.75291 F3000
G1 X-3.595 Y8.188 E2047.85448 F3000
G1 X-4.677 Y8.189 E2048.03431 F3000
G1 X-5.343 Y8.189 E2048.14515 F3000
G1 X-6.609 Y8.189 E2048.35562 F3000
G1 X-8.157 Y8.190 E2048.61312 F3000
G1 X-8.861 Y8.190 E2048.73013 F3000
G1 X-10.579 Y8.191 E2049.01595 F3000
G1 X-11.266 Y8.192 E2049.13007 F3000
G1 X-11.894 Y8.193 E2049.23457 F3000
G1 X-13.653 Y8.195 E2049.52713 F3000
G1 X-14.133 Y8.196 E2049.60693 F3000
G1 X-15.815 Y8.200 E2049.88670 F3000
G1 X-17.260 Y8.205 E2050.12703 F3000
G1 X-17.551 Y8.206 E2050.17540 F3000
G1 X-18.838 Y8.214 E2050.38937 F3000
G1 X-19.061 Y8.215 E2050.42646 F3000
G1 X-19.287 Y8.218 E2050.46409 F3000
G1 X-20.543 Y8.232 E2050.67297 F3000
G1 X-20.736 Y8.235 E2050.70499 F3000
G1 X-22.174 Y8.257 E2050.94414 F3000
G1 X-24.103 Y8.290 E2051.26507 F3000
G1 X-24.128 Y8.291 E2051.26913 F3000
G1 X-24.481 Y8.306 E2051.32790 F3000
G1 X-26.112 Y8.378 E2051.59939 F3000
G1 X-26.216 Y8.383 E2051.61670 F3000
G1 X-26.337 Y8.396 E2051.63705 F3000
G1 X-28.244 Y8.580 E2051.95564 F3000
G1 X-28.496 Y8.636 E2051.99862 F3000
G1 X-30.022 Y8.934 E2052.25706 F3000
G1 X-31.006 Y9.333 E2052.43371 F3000
G1 X-31.357 Y9.503 E2052.49859 F3000
G1 X-31.993 Y9.958 E2052.62858 F3000
G1 X-32.321 Y10.237 E2052.70022 F3000
G1 X-32.599 Y10.613 E2052.77803 F3000
G1 X-32.984 Y11.077 E2052.87823 F3000
G1 X-33.201 Y11.539 E2052.96319 F3000
G1 X-33.415 Y11.955 E2053.04094 F3000
G1 X-33.534 Y12.317 E2053.10438 F3000
G1 X-33.685 Y12.795 E2053.18764 F3000
G1 X-33.742 Y13.098 E2053.23902 F3000
G1 X-33.833 Y13.574 E2053.31954 F3000
G1 X-33.876 Y14.037 E2053.39693 F3000
G1 X-33.898 Y14.277 E2053.43690 F3000
G1 X-33.913 Y14.697 E2053.50683 F3000
G1 X-33.920 Y14.891 E2053.53910 F3000
G1 X-33.924 Y15.046 E2053.56492 F3000
G1 X-33.938 Y15.406 E2053.62489 F3000
G1 X-33.942 Y15.539 E2053.64702 F3000
G1 X-33.955 Y15.875 E2053.70288 F3000
G1 X-33.969 Y16.221 E2053.76047 F3000
G1 X-33.973 Y16.348 E2053.78161 F3000
G1 X-33.990 Y16.740 E2053.84692 F3000
G1 X-33.995 Y16.877 E2053.86962 F3000
G1 X-34.000 Y17.038 E2053.89638 F3000
G1 X-34.022 Y17.512 E2053.97540 F3000
G1 X-34.021 Y17.687 E2054.00446 F3000
G1 X-34.024 Y18.258 E2054.09945 F3000
G1 X-33.980 Y18.960 E2054.21642 F3000
G1 X-33.968 Y19.118 E2054.24267 F3000
G1 X-33.844 Y19.955 E2054.38351 F3000
G1 X-33.823 Y20.092 E2054.40654 F3000
G1 X-33.789 Y20.238 E2054.43143 F3000
G1 X-33.557 Y21.183 E2054.59320 F3000
G1 X-33.531 Y21.278 E2054.60958 F3000
G1 X-33.228 Y22.331 E2054.79191 F3000
G1 X-33.100 Y22.779 E2054.86935 F3000
G1 X-32.901 Y23.487 E2054.99161 F3000
G1 X-32.891 Y23.526 E2054.99833 F3000
G1 X-32.633 Y24.598 E2055.18163 F3000
G1 X-32.502 Y25.477 E2055.32951 F3000
G1 X-32.483 Y25.616 E2055.35280 F3000
G1 X-32.416 Y26.343 E2055.47432 F3000
G1 X-32.401 Y26.511 E2055.50232 F3000
G1 X-32.387 Y26.666 E2055.52815 F3000
G1 X-32.338 Y27.252 E2055.62588 F3000
G1 X-32.315 Y27.385 E2055.64842 F3000
G1 X-32.248 Y27.803 E2055.71884 F3000
G1 X-32.126 Y28.051 E2055.76474 F3000
G1 X-32.081 Y28.130 E2055.77989 F3000
G1 X-31.803 Y28.255 E2055.83063 F3000
G1 X-31.724 Y28.289 E2055.84493 F3000
G1 X-31.595 Y28.297 E2055.86639 F3000
G1 X-31.059 Y28.333 E2055.95578 F3000
G1 X-30.916 Y28.331 E2055.97950 F3000
G1 X-29.969 Y28.320 E2056.13701 F3000
G1 X-28.901 Y28.310 E2056.31470 F3000
G1 X-28.338 Y28.307 E2056.40828 F3000
G1 X-28.264 Y28.307 E2056.42057 F3000
G1 X-26.382 Y28.298 E2056.73352 F3000
G1 X-24.781 Y28.291 E2056.99987 F3000
G1 X-24.314 Y28.290 E2057.07751 F3000
G1 X-22.961 Y28.284 E2057.30255 F3000
G1 X-22.349 Y28.282 E2057.40427 F3000
G1 X-21.766 Y28.280 E2057.50118 F3000
G1 X-20.704 Y28.276 E2057.67778 F3000
G1 X-20.062 Y28.274 E2057.78457 F3000
G1 X-19.200 Y28.270 E2057.92800 F3000
G1 X-18.419 Y28.268 E2058.05782 F3000
G1 X-17.655 Y28.266 E2058.18485 F3000
G1 X-16.844 Y28.264 E2058.31968 F3000
G1 X-15.891 Y28.262 E2058.47822 F3000
G1 X-14.626 Y28.260 E2058.68855 F3000
G1 X-13.728 Y28.258 E2058.83790 F3000
G1 X-12.229 Y28.256 E2059.08716 F3000
G1 X-11.348 Y28.255 E2059.23366 F3000
G1 X-10.536 Y28.253 E2059.36880 F3000
G1 X-8.933 Y28.252 E2059.63543 F3000
G1 X-8.248 Y28.251 E2059.74929 F3000
G1 X-6.661 Y28.249 E2060.01324 F3000
G1 X-5.221 Y28.247 E2060.25268 F3000
G1 X-4.713 Y28.247 E2060.33723 F3000
G1 X-3.410 Y28.245 E2060.55378 F3000
G1 X-3.007 Y28.245 E2060.62086 F3000
G1 X-2.658 Y28.245 E2060.67893 F3000
G1 X-1.463 Y28.244 E2060.87761 F3000
G1 X-1.149 Y28.244 E2060.92985 F3000
G1 X0.000 Y28.243 E2061.12092 F3000
G1 X1.149 Y28.244 E2061.31198 F3000
G1 X1.463 Y28.244 E2061.36422 F3000
G1 X2.658 Y28.245 E2061.56291 F3000
G1 X3.007 Y28.245 E2061.62097 F3000
G1 X3.410 Y28.245 E2061.68806 F3000
G1 X4.713 Y28.247 E2061.90461 F3000
G1 X5.221 Y28.247 E2061.98915 F3000
G1 X6.661 Y28.249 E2062.22859 F3000
G1 X8.248 Y28.251 E2062.49254 F3000
G1 X8.933 Y28.252 E2062.60640 F3000
G1 X10.536 Y28.253 E2062.87303 F3000
G1 X11.348 Y28.255 E2063.00817 F3000
G1 X12.229 Y28.256 E2063.15467 F3000
G1 X13.728 Y28.258 E2063.40394 F3000
G1 X14.626 Y28.260 E2063.55329 F3000
G1 X15.891 Y28.262 E2063.76362 F3000
G1 X16.844 Y28.264 E2063.92216 F3000
G1 X17.655 Y28.266 E2064.05698 F3000
G1 X18.419 Y28.268 E2064.18401 F3000
G1 X19.200 Y28.270 E2064.31384 F3000
G1 X20.062 Y28.274 E2064.45727 F3000
G1 X20.704 Y28.276 E2064.56406 F3000
G1 X21.766 Y28.280 E2064.74065 F3000
G1 X22.349 Y28.282 E2064.83756 F3000
G1 X22.961 Y28.284 E2064.93929 F3000
G1 X24.314 Y28.290 E2065.16433 F3000
; LAYER:49
; Z:49.500
G0 Z49.500 F600
G0 X24.412 Y28.536 F9000
G1 X26.075 Y28.550 E2065.44091 F3000
G1 X26.486 Y28.554 E2065.50941 F3000
G1 X26.986 Y28.559 E2065.59256 F3000
G1 X28.450 Y28.572 E2065.83598 F3000
G1 X29.063 Y28.579 E2065.93791 F3000
G1 X30.088 Y28.589 E2066.10833 F3000
G1 X30.661 Y28.595 E2066.20370 F3000
G1 X31.185 Y28.603 E2066.29082 F3000
G1 X31.486 Y28.582 E2066.34100 F3000
G1 X31.859 Y28.559 E2066.40320 F3000
G1 X32.089 Y28.463 E2066.44463 F3000
G1 X32.226 Y28.401 E2066.46962 F3000
G1 X32.341 Y28.193 E2066.50916 F3000
G1 X32.400 Y28.074 E2066.53123 F3000
G1 X32.432 Y27.873 E2066.56510 F3000
G1 X32.495 Y27.522 E2066.62435 F3000
G1 X32.519 Y27.235 E2066.67231 F3000
G1 X32.558 Y26.784 E2066.74756 F3000
G1 X32.601 Y26.295 E2066.82908 F3000
G1 X32.638 Y25.896 E2066.89580 F3000
G1 X32.707 Y25.407 E2066.97801 F3000
G1 X32.783 Y24.893 E2067.06431 F3000
G1 X32.934 Y24.268 E2067.17128 F3000
G1 X33.043 Y23.808 E2067.24990 F3000
G1 X33.248 Y23.080 E2067.37562 F3000
G1 X33.360 Y22.681 E2067.44456 F3000
G1 X33.456 Y22.341 E2067.50338 F3000
G1 X33.677 Y21.559 E2067.63847 F3000
G1 X33.741 Y21.286 E2067.68509 F3000
G1 X33.934 Y20.491 E2067.82111 F3000
G1 X34.047 Y19.718 E2067.95110 F3000
G1 X34.072 Y19.531 E2067.98245 F3000
G1 X34.116 Y18.816 E2068.10159 F3000
G1 X34.122 Y18.679 E2068.12432 F3000
G1 X34.120 Y18.565 E2068.14338 F3000
G1 X34.116 Y17.936 E2068.24796 F3000
G1 X34.111 Y17.852 E2068.26187 F3000
G1 X34.084 Y17.299 E2068.35403 F3000
G1 X34.063 Y16.820 E2068.43370 F3000
G1 X34.060 Y16.766 E2068.44282 F3000
G1 X34.042 Y16.332 E2068.51503 F3000
G1 X34.040 Y16.287 E2068.52250 F3000
G1 X34.039 Y16.243 E2068.52974 F3000
G1 X34.022 Y15.814 E2068.60125 F3000
G1 X34.020 Y15.772 E2068.60812 F3000
G1 X34.002 Y15.297 E2068.68724 F3000
G1 X33.979 Y14.713 E2068.78439 F3000
G1 X33.910 Y13.994 E2068.90458 F3000
G1 X33.909 Y13.984 E2068.90626 F3000
G1 X33.889 Y13.881 E2068.92373 F3000
G1 X33.766 Y13.239 E2069.03241 F3000
G1 X33.760 Y13.206 E2069.03788 F3000
G1 X33.517 Y12.436 E2069.17225 F3000
G1 X33.489 Y12.351 E2069.18713 F3000
G1 X33.439 Y12.253 E2069.20536 F3000
G1 X33.057 Y11.440 E2069.35480 F3000
G1 X32.920 Y11.275 E2069.39040 F3000
G1 X32.394 Y10.560 E2069.53817 F3000
G1 X31.770 Y10.031 E2069.67422 F3000
G1 X31.429 Y9.787 E2069.74387 F3000
G1 X30.681 Y9.426 E2069.88195 F3000
G1 X30.093 Y9.188 E2069.98749 F3000
G1 X29.182 Y9.009 E2070.14190 F3000
G1 X28.316 Y8.818 E2070.28941 F3000
G1 X27.087 Y8.699 E2070.49477 F3000
G1 X26.288 Y8.615 E2070.62841 F3000
G1 X25.605 Y8.585 E2070.74204 F3000
G1 X24.199 Y8.523 E2070.97609 F3000
G1 X23.683 Y8.515 E2071.06189 F3000
G1 X22.241 Y8.488 E2071.30174 F3000
G1 X20.908 Y8.466 E2071.52351 F3000
G1 X20.605 Y8.462 E2071.57382 F3000
G1 X19.328 Y8.446 E2071.78622 F3000
G1 X19.114 Y8.444 E2071.82180 F3000
G1 X18.915 Y8.442 E2071.85487 F3000
G1 X17.591 Y8.432 E2072.07512 F3000
G1 X17.406 Y8.431 E2072.10584 F3000
G1 X15.844 Y8.424 E2072.36567 F3000
G1 X13.786 Y8.418 E2072.70785 F3000
G1 X13.681 Y8.417 E2072.72536 F3000
G1 X11.315 Y8.411 E2073.11873 F3000
G1 X11.280 Y8.411 E2073.12466 F3000
G1 X10.718 Y8.410 E2073.21817 F3000
G1 X8.889 Y8.409 E2073.52224 F3000
G1 X8.832 Y8.409 E2073.53170 F3000
G1 X6.630 Y8.408 E2073.89799 F3000
G1 X4.829 Y8.407 E2074.19737 F3000
G1 X4.691 Y8.407 E2074.22033 F3000
G1 X3.143 Y8.407 E2074.47778 F3000
G1 X2.994 Y8.407 E2074.50263 F3000
G1 X2.856 Y8.407 E2074.52555 F3000
G1 X1.457 Y8.406 E2074.75824 F3000
G1 X1.311 Y8.406 E2074.78250 F3000
G1 X0.000 Y8.406 E2075.00050 F3000
G1 X-1.311 Y8.406 E2075.21851 F3000
G1 X-1.457 Y8.406 E2075.24276 F3000
G1 X-2.856 Y8.407 E2075.47545 F3000
G1 X-2.994 Y8.407 E2075.49837 F3000
G1 X-3.143 Y8.407 E2075.52323 F3000
G1 X-4.691 Y8.407 E2075.78067 F3000
G1 X-4.829 Y8.407 E2075.80364 F3000
G1 X-6.630 Y8.408 E2076.10301 F3000
G1 X-8.832 Y8.409 E2076.46931 F3000
G1 X-8.889 Y8.409 E2076.47877 F3000
G1 X-10.718 Y8.410 E2076.78284 F3000
G1 X-11.280 Y8.411 E2076.87635 F3000
G1 X-11.315 Y8.411 E2076.88228 F3000
G1 X-13.681 Y8.417 E2077.27564 F3000
G1 X-13.786 Y8.418 E2077.29315 F3000
G1 X-15.844 Y8.424 E2077.63534 F3000
G1 X-17.406 Y8.431 E2077.89516 F3000
G1 X-17.591 Y8.432 E2077.92588 F3000
G1 X-18.915 Y8.442 E2078.14613 F3000
G1 X-19.114 Y8.444 E2078.17920 F3000
G1 X-19.328 Y8.446 E2078.21479 F3000
G1 X-20.605 Y8.462 E2078.42718 F3000
G1 X-20.908 Y8.466 E2078.47750 F3000
G1 X-22.241 Y8.488 E2078.69926 F3000
G1 X-23.683 Y8.515 E2078.93911 F3000
G1 X-24.199 Y8.523 E2079.02491 F3000
G1 X-25.605 Y8.585 E2079.25896 F3000
G1 X-26.288 Y8.615 E2079.37260 F3000
G1 X-27.087 Y8.699 E2079.50624 F3000
G1 X-28.316 Y8.818 E2079.71160 F3000
G1 X-29.182 Y9.009 E2079.85911 F3000
G1 X-30.093 Y9.188 E2080.01352 F3000
G1 X-30.681 Y9.426 E2080.11906 F3000
G1 X-31.429 Y9.787 E2080.25713 F3000
G1 X-31.770 Y10.031 E2080.32679 F3000
G1 X-32.394 Y10.560 E2080.46284 F3000
G1 X-32.920 Y11.275 E2080.61060 F3000
G1 X-33.057 Y11.440 E2080.64620 F3000
G1 X-33.439 Y12.253 E2080.79564 F3000
G1 X-33.489 Y12.351 E2080.81388 F3000
G1 X-33.517 Y12.436 E2080.82876 F3000
G1 X-33.760 Y13.206 E2080.96312 F3000
G1 X-33.766 Y13.239 E2080.96859 F3000
G1 X-33.889 Y13.881 E2081.07727 F3000
G1 X-33.909 Y13.984 E2081.09474 F3000
G1 X-33.910 Y13.994 E2081.09642 F3000
G1 X-33.978 Y14.687 E2081.21231 F3000
G1 X-33.979 Y14.713 E2081.21662 F3000
G1 X-34.002 Y15.297 E2081.31377 F3000
G1 X-34.020 Y15.772 E2081.39289 F3000
G1 X-34.022 Y15.814 E2081.39976 F3000
G1 X-34.039 Y16.243 E2081.47127 F3000
G1 X-34.040 Y16.287 E2081.47851 F3000
G1 X-34.042 Y16.332 E2081.48598 F3000
G1 X-34.060 Y16.766 E2081.55820 F3000
G1 X-34.063 Y16.820 E2081.56732 F3000
G1 X-34.084 Y17.299 E2081.64699 F3000
G1 X-34.111 Y17.852 E2081.73914 F3000
G1 X-34.116 Y17.936 E2081.75305 F3000
G1 X-34.120 Y18.565 E2081.85764 F3000
G1 X-34.122 Y18.679 E2081.87669 F3000
G1 X-34.116 Y18.816 E2081.89943 F3000
G1 X-34.072 Y19.531 E2082.01856 F3000
G1 X-34.047 Y19.718 E2082.04991 F3000
G1 X-33.934 Y20.491 E2082.17990 F3000
G1 X-33.741 Y21.286 E2082.31593 F3000
G1 X-33.677 Y21.559 E2082.36254 F3000
G1 X-33.456 Y22.341 E2082.49764 F3000
G1 X-33.360 Y22.681 E2082.55645 F3000
G1 X-33.248 Y23.080 E2082.62539 F3000
G1 X-33.043 Y23.808 E2082.75111 F3000
G1 X-32.934 Y24.268 E2082.82973 F3000
G1 X-32.783 Y24.893 E2082.93670 F3000
G1 X-32.707 Y25.407 E2083.02301 F3000
G1 X-32.638 Y25.896 E2083.10522 F3000
G1 X-32.601 Y26.295 E2083.17193 F3000
G1 X-32.558 Y26.784 E2083.25345 F3000
G1 X-32.519 Y27.235 E2083.32870 F3000
G1 X-32.495 Y27.522 E2083.37666 F3000
G1 X-32.432 Y27.873 E2083.43592 F3000
G1 X-32.400 Y28.074 E2083.46979 F3000
G1 X-32.341 Y28.193 E2083.49186 F3000
G1 X-32.226 Y28.401 E2083.53140 F3000
G1 X-32.089 Y28.463 E2083.55639 F3000
G1 X-31.859 Y28.559 E2083.59781 F3000
G1 X-31.486 Y28.582 E2083.66001 F3000
G1 X-31.185 Y28.603 E2083.71019 F3000
G1 X-30.661 Y28.595 E2083.79732 F3000
G1 X-30.088 Y28.589 E2083.89268 F3000
G1 X-29.063 Y28.579 E2084.06311 F3000
G1 X-28.450 Y28.572 E2084.16504 F3000
G1 X-26.986 Y28.559 E2084.40845 F3000
G1 X-26.486 Y28.554 E2084.49161 F3000
G1 X-26.075 Y28.550 E2084.56010 F3000
G1 X-24.412 Y28.536 E2084.83668 F3000
G1 X-24.201 Y28.534 E2084.87176 F3000
G1 X-22.441 Y28.521 E2085.16441 F3000
G1 X-21.876 Y28.516 E2085.25839 F3000
G1 X-20.794 Y28.512 E2085.43836 F3000
G1 X-20.711 Y28.512 E2085.45216 F3000
G1 X-19.286 Y28.506 E2085.68899 F3000
G1 X-17.997 Y28.502 E2085.90336 F3000
G1 X-17.738 Y28.501 E2085.94657 F3000
G1 X-16.352 Y28.498 E2086.17708 F3000
G1 X-15.967 Y28.497 E2086.24106 F3000
G1 X-15.456 Y28.496 E2086.32594 F3000
G1 X-13.794 Y28.493 E2086.60237 F3000
G1 X-13.112 Y28.492 E2086.71586 F3000
G1 X-11.403 Y28.489 E2087.00004 F3000
G1 X-9.827 Y28.487 E2087.26218 F3000
G1 X-8.975 Y28.486 E2087.40378 F3000
G1 X-7.578 Y28.484 E2087.63621 F3000
G1 X-6.692 Y28.483 E2087.78345 F3000
G1 X-5.889 Y28.482 E2087.91703 F3000
G1 X-4.735 Y28.480 E2088.10900 F3000
G1 X-3.981 Y28.480 E2088.23428 F3000
G1 X-3.021 Y28.478 E2088.39398 F3000
G1 X-2.190 Y28.478 E2088.53221 F3000
G1 X-1.470 Y28.477 E2088.65193 F3000
G1 X-0.696 Y28.477 E2088.78060 F3000
G1 X0.000 Y28.477 E2088.89635 F3000
G1 X0.696 Y28.477 E2089.01211 F3000
G1 X1.470 Y28.477 E2089.14078 F3000
G1 X2.190 Y28.478 E2089.26050 F3000
G1 X3.021 Y28.478 E2089.39873 F3000
G1 X3.981 Y28.480 E2089.55843 F3000
G1 X4.735 Y28.480 E2089.68371 F3000
G1 X5.889 Y28.482 E2089.87568 F3000
G1 X6.692 Y28.483 E2090.00925 F3000
G1 X7.578 Y28.484 E2090.15650 F3000
G1 X8.975 Y28.486 E2090.38892 F3000
G1 X9.827 Y28.487 E2090.53053 F3000
G1 X11.403 Y28.489 E2090.79267 F3000
G1 X13.112 Y28.492 E2091.07685 F3000
G1 X13.794 Y28.493 E2091.19034 F3000
G1 X15.456 Y28.496 E2091.46677 F3000
G1 X15.967 Y28.497 E2091.55165 F3000
G1 X16.352 Y28.498 E2091.61563 F3000
G1 X17.738 Y28.501 E2091.84614 F3000
G1 X17.997 Y28.502 E2091.88935 F3000
G1 X19.286 Y28.506 E2092.10372 F3000
G1 X20.711 Y28.512 E2092.34055 F3000
G1 X20.794 Y28.512 E2092.35435 F3000
G1 X21.876 Y28.516 E2092.53432 F3000
G1 X22.441 Y28.521 E2092.62829 F3000
G1 X24.201 Y28.534 E2092.92095 F3000
G1 X24.412 Y28.536 E2092.95603 F3000
; LAYER:50
; Z:50.500
G0 Z50.500 F600
G0 X24.522 Y28.801 F9000
G1 X25.532 Y28.809 E2093.12407 F3000
G1 X26.598 Y28.820 E2093.30133 F3000
G1 X27.892 Y28.833 E2093.51652 F3000
G1 X28.564 Y28.839 E2093.62832 F3000
G1 X29.849 Y28.854 E2093.84206 F3000
G1 X30.206 Y28.857 E2093.90143 F3000
G1 X30.406 Y28.859 E2093.93465 F3000
G1 X31.311 Y28.872 E2094.08519 F3000
G1 X31.377 Y28.868 E2094.09615 F3000
G1 X31.995 Y28.829 E2094.19909 F3000
G1 X32.277 Y28.711 E2094.25001 F3000
G1 X32.368 Y28.674 E2094.26626 F3000
G1 X32.550 Y28.356 E2094.32730 F3000
G1 X32.653 Y27.794 E2094.42229 F3000
G1 X32.674 Y27.531 E2094.46605 F3000
G1 X32.715 Y27.056 E2094.54532 F3000
G1 X32.786 Y26.247 E2094.68037 F3000
G1 X32.793 Y26.176 E2094.69228 F3000
G1 X32.911 Y25.336 E2094.83341 F3000
G1 X32.933 Y25.189 E2094.85813 F3000
G1 X32.976 Y25.010 E2094.88878 F3000
G1 X33.185 Y24.129 E2095.03929 F3000
G1 X33.262 Y23.855 E2095.08659 F3000
G1 X33.494 Y23.032 E2095.22878 F3000
G1 X33.691 Y22.330 E2095.35011 F3000
G1 X33.802 Y21.939 E2095.41766 F3000
G1 X33.947 Y21.323 E2095.52293 F3000
G1 X34.051 Y20.895 E2095.59619 F3000
G1 X34.112 Y20.478 E2095.66621 F3000
G1 X34.182 Y19.948 E2095.75509 F3000
G1 X34.207 Y19.545 E2095.82231 F3000
G1 X34.227 Y19.103 E2095.89585 F3000
G1 X34.219 Y18.733 E2095.95749 F3000
G1 X34.216 Y18.360 E2096.01940 F3000
G1 X34.198 Y18.051 E2096.07093 F3000
G1 X34.182 Y17.720 E2096.12609 F3000
G1 X34.169 Y17.433 E2096.17377 F3000
G1 X34.156 Y17.180 E2096.21592 F3000
G1 X34.146 Y16.919 E2096.25940 F3000
G1 X34.136 Y16.694 E2096.29676 F3000
G1 X34.127 Y16.477 E2096.33296 F3000
G1 X34.117 Y16.216 E2096.37645 F3000
G1 X34.109 Y15.989 E2096.41422 F3000
G1 X34.098 Y15.697 E2096.46281 F3000
G1 X34.083 Y15.338 E2096.52248 F3000
G1 X34.074 Y15.090 E2096.56376 F3000
G1 X34.032 Y14.657 E2096.63612 F3000
G1 X34.007 Y14.395 E2096.67997 F3000
G1 X33.955 Y14.124 E2096.72585 F3000
G1 X33.855 Y13.611 E2096.81275 F3000
G1 X33.776 Y13.353 E2096.85751 F3000
G1 X33.580 Y12.743 E2096.96414 F3000
G1 X33.216 Y11.974 E2097.10570 F3000
G1 X33.141 Y11.803 E2097.13665 F3000
G1 X32.510 Y10.945 E2097.31380 F3000
G1 X32.470 Y10.884 E2097.32596 F3000
G1 X32.424 Y10.841 E2097.33636 F3000
G1 X31.972 Y10.465 E2097.43413 F3000
G1 X31.546 Y10.103 E2097.52702 F3000
G1 X31.501 Y10.071 E2097.53634 F3000
G1 X30.357 Y9.519 E2097.74760 F3000
G1 X30.165 Y9.441 E2097.78204 F3000
G1 X29.867 Y9.383 E2097.83242 F3000
G1 X28.388 Y9.055 E2098.08446 F3000
G1 X27.836 Y9.002 E2098.17659 F3000
G1 X26.360 Y8.847 E2098.42351 F3000
G1 X25.098 Y8.792 E2098.63347 F3000
G1 X24.271 Y8.755 E2098.77122 F3000
G1 X23.219 Y8.740 E2098.94609 F3000
G1 X22.312 Y8.723 E2099.09702 F3000
G1 X21.473 Y8.709 E2099.23656 F3000
G1 X20.674 Y8.699 E2099.36942 F3000
G1 X19.834 Y8.688 E2099.50915 F3000
G1 X19.179 Y8.681 E2099.61809 F3000
G1 X18.570 Y8.677 E2099.71931 F3000
G1 X17.648 Y8.670 E2099.87262 F3000
G1 X17.004 Y8.666 E2099.97980 F3000
G1 X15.894 Y8.662 E2100.16434 F3000
G1 X14.433 Y8.657 E2100.40737 F3000
G1 X13.728 Y8.654 E2100.52467 F3000
G1 X12.017 Y8.650 E2100.80909 F3000
G1 X11.340 Y8.648 E2100.92180 F3000
G1 X10.702 Y8.647 E2101.02777 F3000
G1 X8.923 Y8.644 E2101.32366 F3000
G1 X8.393 Y8.644 E2101.41186 F3000
G1 X6.654 Y8.641 E2101.70095 F3000
G1 X5.094 Y8.640 E2101.96049 F3000
G1 X4.708 Y8.639 E2102.02456 F3000
G1 X3.309 Y8.638 E2102.25721 F3000
G1 X3.004 Y8.637 E2102.30792 F3000
G1 X2.738 Y8.637 E2102.35219 F3000
G1 X1.462 Y8.636 E2102.56445 F3000
G1 X1.224 Y8.636 E2102.60406 F3000
G1 X0.000 Y8.636 E2102.80757 F3000
G1 X-1.224 Y8.636 E2103.01108 F3000
G1 X-1.462 Y8.636 E2103.05069 F3000
G1 X-2.738 Y8.637 E2103.26296 F3000
G1 X-3.004 Y8.637 E2103.30722 F3000
G1 X-3.309 Y8.638 E2103.35793 F3000
G1 X-4.708 Y8.639 E2103.59058 F3000
G1 X-5.094 Y8.640 E2103.65465 F3000
G1 X-6.654 Y8.641 E2103.91419 F3000
G1 X-8.393 Y8.644 E2104.20328 F3000
G1 X-8.923 Y8.644 E2104.29148 F3000
G1 X-10.702 Y8.647 E2104.58738 F3000
G1 X-11.340 Y8.648 E2104.69335 F3000
G1 X-12.017 Y8.650 E2104.80605 F3000
G1 X-13.728 Y8.654 E2105.09047 F3000
G1 X-14.433 Y8.657 E2105.20777 F3000
G1 X-15.894 Y8.662 E2105.45080 F3000
G1 X-17.004 Y8.666 E2105.63534 F3000
G1 X-17.648 Y8.670 E2105.74252 F3000
G1 X-18.570 Y8.677 E2105.89583 F3000
G1 X-19.179 Y8.681 E2105.99706 F3000
G1 X-19.834 Y8.688 E2106.10599 F3000
G1 X-20.674 Y8.699 E2106.24572 F3000
G1 X-21.473 Y8.709 E2106.37858 F3000
G1 X-22.312 Y8.723 E2106.51813 F3000
G1 X-23.219 Y8.740 E2106.66905 F3000
G1 X-24.271 Y8.755 E2106.84392 F3000
G1 X-25.098 Y8.792 E2106.98167 F3000
G1 X-26.360 Y8.847 E2107.19163 F3000
G1 X-27.836 Y9.002 E2107.43855 F3000
G1 X-28.388 Y9.055 E2107.53069 F3000
G1 X-29.867 Y9.383 E2107.78272 F3000
G1 X-30.165 Y9.441 E2107.83310 F3000
G1 X-30.357 Y9.519 E2107.86754 F3000
G1 X-31.501 Y10.071 E2108.07881 F3000
G1 X-31.546 Y10.103 E2108.08812 F3000
G1 X-31.972 Y10.465 E2108.18101 F3000
G1 X-32.424 Y10.841 E2108.27878 F3000
G1 X-32.470 Y10.884 E2108.28918 F3000
G1 X-32.510 Y10.945 E2108.30135 F3000
G1 X-33.141 Y11.803 E2108.47849 F3000
G1 X-33.216 Y11.974 E2108.50945 F3000
G1 X-33.580 Y12.743 E2108.65100 F3000
G1 X-33.776 Y13.353 E2108.75764 F3000
G1 X-33.855 Y13.611 E2108.80239 F3000
G1 X-33.955 Y14.124 E2108.88929 F3000
G1 X-34.007 Y14.395 E2108.93517 F3000
G1 X-34.032 Y14.657 E2108.97902 F3000
G1 X-34.074 Y15.090 E2109.05138 F3000
G1 X-34.083 Y15.338 E2109.09266 F3000
G1 X-34.098 Y15.697 E2109.15233 F3000
G1 X-34.109 Y15.989 E2109.20093 F3000
G1 X-34.117 Y16.216 E2109.23869 F3000
G1 X-34.127 Y16.477 E2109.28218 F3000
G1 X-34.136 Y16.694 E2109.31838 F3000
G1 X-34.146 Y16.919 E2109.35574 F3000
G1 X-34.156 Y17.180 E2109.39922 F3000
G1 X-34.169 Y17.433 E2109.44137 F3000
G1 X-34.182 Y17.720 E2109.48906 F3000
G1 X-34.198 Y18.051 E2109.54422 F3000
G1 X-34.216 Y18.360 E2109.59575 F3000
G1 X-34.219 Y18.733 E2109.65765 F3000
G1 X-34.227 Y19.103 E2109.71929 F3000
G1 X-34.207 Y19.545 E2109.79284 F3000
G1 X-34.182 Y19.948 E2109.86005 F3000
G1 X-34.112 Y20.478 E2109.94893 F3000
G1 X-34.051 Y20.895 E2110.01895 F3000
G1 X-33.947 Y21.323 E2110.09221 F3000
G1 X-33.802 Y21.939 E2110.19748 F3000
G1 X-33.691 Y22.330 E2110.26503 F3000
G1 X-33.494 Y23.032 E2110.38636 F3000
G1 X-33.262 Y23.855 E2110.52856 F3000
G1 X-33.185 Y24.129 E2110.57585 F3000
G1 X-32.976 Y25.010 E2110.72637 F3000
G1 X-32.933 Y25.189 E2110.75701 F3000
G1 X-32.911 Y25.336 E2110.78174 F3000
G1 X-32.793 Y26.176 E2110.92287 F3000
G1 X-32.786 Y26.247 E2110.93477 F3000
G1 X-32.715 Y27.056 E2111.06982 F3000
G1 X-32.674 Y27.531 E2111.14909 F3000
G1 X-32.654 Y27.784 E2111.19131 F3000
G1 X-32.559 Y28.333 E2111.28383 F3000
G1 X-32.372 Y28.673 E2111.34833 F3000
G1 X-32.277 Y28.711 E2111.36534 F3000
G1 X-31.995 Y28.829 E2111.41626 F3000
G1 X-31.377 Y28.868 E2111.51919 F3000
G1 X-31.311 Y28.872 E2111.53016 F3000
G1 X-30.406 Y28.859 E2111.68070 F3000
G1 X-30.206 Y28.857 E2111.71392 F3000
G1 X-29.849 Y28.854 E2111.77329 F3000
G1 X-28.564 Y28.839 E2111.98703 F3000
G1 X-27.892 Y28.833 E2112.09883 F3000
G1 X-26.598 Y28.820 E2112.31401 F3000
G1 X-25.532 Y28.809 E2112.49128 F3000
G1 X-24.522 Y28.801 E2112.65932 F3000
G1 X-23.698 Y28.793 E2112.79631 F3000
G1 X-22.550 Y28.785 E2112.98725 F3000
G1 X-21.415 Y28.776 E2113.17604 F3000
G1 X-20.898 Y28.771 E2113.26195 F3000
G1 X-19.740 Y28.763 E2113.45456 F3000
G1 X-19.385 Y28.759 E2113.51365 F3000
G1 X-19.069 Y28.757 E2113.56621 F3000
G1 X-17.828 Y28.750 E2113.77253 F3000
G1 X-17.563 Y28.748 E2113.81666 F3000
G1 X-16.047 Y28.740 E2114.06866 F3000
G1 X-13.985 Y28.732 E2114.41168 F3000
G1 X-13.862 Y28.732 E2114.43204 F3000
G1 X-11.466 Y28.724 E2114.83050 F3000
G1 X-11.450 Y28.724 E2114.83326 F3000
G1 X-11.275 Y28.723 E2114.86229 F3000
G1 X-9.117 Y28.720 E2115.22111 F3000
G1 X-9.018 Y28.720 E2115.23769 F3000
G1 X-6.907 Y28.717 E2115.58867 F3000
G1 X-6.724 Y28.717 E2115.61922 F3000
G1 X-6.557 Y28.716 E2115.64693 F3000
G1 X-4.757 Y28.714 E2115.94633 F3000
G1 X-4.552 Y28.714 E2115.98034 F3000
G1 X-3.035 Y28.712 E2116.23265 F3000
G1 X-1.722 Y28.711 E2116.45104 F3000
G1 X-1.477 Y28.710 E2116.49179 F3000
G1 X-0.243 Y28.710 E2116.69691 F3000
G1 X0.000 Y28.710 E2116.73734 F3000
G1 X0.243 Y28.710 E2116.77778 F3000
G1 X1.477 Y28.710 E2116.98290 F3000
G1 X1.722 Y28.711 E2117.02365 F3000
G1 X3.035 Y28.712 E2117.24204 F3000
G1 X4.552 Y28.714 E2117.49435 F3000
G1 X4.757 Y28.714 E2117.52836 F3000
G1 X6.557 Y28.716 E2117.82776 F3000
G1 X6.724 Y28.717 E2117.85547 F3000
G1 X6.907 Y28.717 E2117.88602 F3000
G1 X9.018 Y28.720 E2118.23700 F3000
G1 X9.117 Y28.720 E2118.25358 F3000
G1 X11.275 Y28.723 E2118.61240 F3000
G1 X11.450 Y28.724 E2118.64143 F3000
G1 X11.466 Y28.724 E2118.64418 F3000
G1 X13.862 Y28.732 E2119.04265 F3000
G1 X13.985 Y28.732 E2119.06301 F3000
G1 X16.047 Y28.740 E2119.40603 F3000
G1 X17.563 Y28.748 E2119.65803 F3000
G1 X17.828 Y28.750 E2119.70216 F3000
G1 X19.069 Y28.757 E2119.90848 F3000
G1 X19.385 Y28.759 E2119.96104 F3000
G1 X19.740 Y28.763 E2120.02013 F3000
G1 X20.898 Y28.771 E2120.21274 F3000
G1 X21.415 Y28.776 E2120.29865 F3000
G1 X22.550 Y28.785 E2120.48744 F3000
G1 X23.698 Y28.793 E2120.67838 F3000
G1 X24.522 Y28.801 E2120.81537 F3000
; LAYER:51
; Z:51.500
G0 Z51.500 F600
G0 X24.632 Y29.066 F9000
G1 X24.990 Y29.069 E2120.87487 F3000
G1 X26.710 Y29.086 E2121.16091 F3000
G1 X27.824 Y29.097 E2121.34622 F3000
G1 X28.591 Y29.110 E2121.47382 F3000
G1 X28.682 Y29.111 E2121.48896 F3000
G1 X30.096 Y29.136 E2121.72407 F3000
G1 X30.338 Y29.141 E2121.76443 F3000
G1 X30.546 Y29.146 E2121.79901 F3000
G1 X31.461 Y29.166 E2121.95124 F3000
G1 X31.663 Y29.156 E2121.98486 F3000
G1 X32.165 Y29.130 E2122.06847 F3000
G1 X32.412 Y29.030 E2122.11262 F3000
G1 X32.561 Y28.977 E2122.13898 F3000
G1 X32.674 Y28.775 E2122.17747 F3000
G1 X32.756 Y28.651 E2122.20215 F3000
G1 X32.801 Y28.440 E2122.23816 F3000
G1 X32.861 Y28.098 E2122.29583 F3000
G1 X32.884 Y27.834 E2122.33991 F3000
G1 X32.921 Y27.361 E2122.41885 F3000
G1 X32.970 Y26.741 E2122.52229 F3000
G1 X32.987 Y26.482 E2122.56534 F3000
G1 X33.087 Y25.721 E2122.69295 F3000
G1 X33.111 Y25.503 E2122.72943 F3000
G1 X33.149 Y25.312 E2122.76192 F3000
G1 X33.343 Y24.462 E2122.90691 F3000
G1 X33.374 Y24.335 E2122.92868 F3000
G1 X33.633 Y23.388 E2123.09187 F3000
G1 X33.926 Y22.320 E2123.27602 F3000
G1 X33.926 Y22.319 E2123.27622 F3000
G1 X34.152 Y21.360 E2123.44015 F3000
G1 X34.167 Y21.298 E2123.45066 F3000
G1 X34.176 Y21.238 E2123.46070 F3000
G1 X34.292 Y20.366 E2123.60711 F3000
G1 X34.298 Y20.274 E2123.62241 F3000
G1 X34.332 Y19.527 E2123.74676 F3000
G1 X34.318 Y18.900 E2123.85098 F3000
G1 X34.317 Y18.785 E2123.87021 F3000
G1 X34.285 Y18.250 E2123.95937 F3000
G1 X34.280 Y18.140 E2123.97753 F3000
G1 X34.276 Y18.046 E2123.99323 F3000
G1 X34.252 Y17.595 E2124.06841 F3000
G1 X34.249 Y17.506 E2124.08316 F3000
G1 X34.231 Y17.102 E2124.15041 F3000
G1 X34.216 Y16.711 E2124.21557 F3000
G1 X34.212 Y16.618 E2124.23102 F3000
G1 X34.198 Y16.205 E2124.29969 F3000
G1 X34.193 Y16.096 E2124.31776 F3000
G1 X34.188 Y15.963 E2124.33994 F3000
G1 X34.171 Y15.493 E2124.41820 F3000
G1 X34.154 Y15.320 E2124.44703 F3000
G1 X34.104 Y14.800 E2124.53391 F3000
G1 X34.002 Y14.263 E2124.62482 F3000
G1 X33.953 Y14.014 E2124.66707 F3000
G1 X33.784 Y13.465 E2124.76264 F3000
G1 X33.677 Y13.134 E2124.82050 F3000
G1 X33.480 Y12.716 E2124.89730 F3000
G1 X33.237 Y12.167 E2124.99720 F3000
G1 X32.858 Y11.650 E2125.10372 F3000
G1 X32.565 Y11.214 E2125.19120 F3000
G1 X32.237 Y10.905 E2125.26601 F3000
G1 X31.591 Y10.366 E2125.40596 F3000
G1 X31.273 Y10.194 E2125.46611 F3000
G1 X30.247 Y9.704 E2125.65518 F3000
G1 X28.577 Y9.325 E2125.93997 F3000
G1 X28.463 Y9.297 E2125.95946 F3000
G1 X27.274 Y9.167 E2126.15832 F3000
G1 X26.432 Y9.079 E2126.29925 F3000
G1 X24.592 Y8.998 E2126.60554 F3000
G1 X24.343 Y8.987 E2126.64699 F3000
G1 X22.756 Y8.965 E2126.91092 F3000
G1 X22.383 Y8.958 E2126.97293 F3000
G1 X22.038 Y8.952 E2127.03026 F3000
G1 X20.743 Y8.935 E2127.24565 F3000
G1 X20.340 Y8.930 E2127.31272 F3000
G1 X19.244 Y8.919 E2127.49501 F3000
G1 X18.225 Y8.911 E2127.66440 F3000
G1 X17.706 Y8.907 E2127.75076 F3000
G1 X16.602 Y8.901 E2127.93440 F3000
G1 X15.945 Y8.899 E2128.04365 F3000
G1 X15.080 Y8.896 E2128.18754 F3000
G1 X13.774 Y8.891 E2128.40462 F3000
G1 X12.719 Y8.889 E2128.58009 F3000
G1 X11.382 Y8.886 E2128.80245 F3000
G1 X10.125 Y8.883 E2129.01151 F3000
G1 X8.958 Y8.881 E2129.20563 F3000
G1 X7.846 Y8.880 E2129.39054 F3000
G1 X6.680 Y8.878 E2129.58442 F3000
G1 X5.633 Y8.877 E2129.75848 F3000
G1 X4.726 Y8.876 E2129.90929 F3000
G1 X3.772 Y8.875 E2130.06802 F3000
G1 X3.016 Y8.874 E2130.19374 F3000
G1 X2.356 Y8.873 E2130.30348 F3000
G1 X1.467 Y8.872 E2130.45124 F3000
G1 X0.854 Y8.872 E2130.55322 F3000
G1 X0.000 Y8.872 E2130.69528 F3000
G1 X-0.854 Y8.872 E2130.83733 F3000
G1 X-1.467 Y8.872 E2130.93931 F3000
G1 X-2.356 Y8.873 E2131.08707 F3000
G1 X-3.016 Y8.874 E2131.19682 F3000
G1 X-3.772 Y8.875 E2131.32254 F3000
G1 X-4.726 Y8.876 E2131.48126 F3000
G1 X-5.633 Y8.877 E2131.63207 F3000
G1 X-6.680 Y8.878 E2131.80613 F3000
G1 X-7.846 Y8.880 E2132.00002 F3000
G1 X-8.958 Y8.881 E2132.18493 F3000
G1 X-10.125 Y8.883 E2132.37904 F3000
G1 X-11.382 Y8.886 E2132.58811 F3000
G1 X-12.719 Y8.889 E2132.81047 F3000
G1 X-13.774 Y8.891 E2132.98594 F3000
G1 X-15.080 Y8.896 E2133.20302 F3000
G1 X-15.945 Y8.899 E2133.34691 F3000
G1 X-16.602 Y8.901 E2133.45616 F3000
G1 X-17.706 Y8.907 E2133.63979 F3000
G1 X-18.225 Y8.911 E2133.72616 F3000
G1 X-19.244 Y8.919 E2133.89555 F3000
G1 X-20.340 Y8.930 E2134.07784 F3000
G1 X-20.743 Y8.935 E2134.14490 F3000
G1 X-22.038 Y8.952 E2134.36030 F3000
G1 X-22.383 Y8.958 E2134.41763 F3000
G1 X-22.756 Y8.965 E2134.47963 F3000
G1 X-24.343 Y8.987 E2134.74356 F3000
G1 X-24.592 Y8.998 E2134.78501 F3000
G1 X-26.432 Y9.079 E2135.09130 F3000
G1 X-27.274 Y9.167 E2135.23223 F3000
G1 X-28.463 Y9.297 E2135.43110 F3000
G1 X-28.577 Y9.325 E2135.45058 F3000
G1 X-30.247 Y9.704 E2135.73538 F3000
G1 X-31.273 Y10.194 E2135.92445 F3000
G1 X-31.591 Y10.366 E2135.98459 F3000
G1 X-32.237 Y10.905 E2136.12455 F3000
G1 X-32.565 Y11.214 E2136.19936 F3000
G1 X-32.858 Y11.650 E2136.28683 F3000
G1 X-33.237 Y12.167 E2136.39336 F3000
G1 X-33.480 Y12.716 E2136.49326 F3000
G1 X-33.677 Y13.134 E2136.57006 F3000
G1 X-33.784 Y13.465 E2136.62792 F3000
G1 X-33.953 Y14.014 E2136.72349 F3000
G1 X-34.002 Y14.263 E2136.76574 F3000
G1 X-34.104 Y14.800 E2136.85665 F3000
G1 X-34.154 Y15.320 E2136.94352 F3000
G1 X-34.171 Y15.493 E2136.97235 F3000
G1 X-34.188 Y15.963 E2137.05061 F3000
G1 X-34.193 Y16.096 E2137.07279 F3000
G1 X-34.198 Y16.205 E2137.09086 F3000
G1 X-34.212 Y16.618 E2137.15953 F3000
G1 X-34.216 Y16.711 E2137.17499 F3000
G1 X-34.231 Y17.102 E2137.24015 F3000
G1 X-34.249 Y17.506 E2137.30740 F3000
G1 X-34.252 Y17.595 E2137.32214 F3000
G1 X-34.276 Y18.046 E2137.39733 F3000
G1 X-34.280 Y18.140 E2137.41303 F3000
G1 X-34.285 Y18.250 E2137.43119 F3000
G1 X-34.317 Y18.785 E2137.52034 F3000
G1 X-34.318 Y18.900 E2137.53958 F3000
G1 X-34.332 Y19.527 E2137.64379 F3000
G1 X-34.298 Y20.274 E2137.76815 F3000
G1 X-34.292 Y20.366 E2137.78344 F3000
G1 X-34.176 Y21.238 E2137.92986 F3000
G1 X-34.167 Y21.298 E2137.93990 F3000
G1 X-34.152 Y21.360 E2137.95041 F3000
G1 X-33.926 Y22.319 E2138.11432 F3000
G1 X-33.633 Y23.388 E2138.29869 F3000
G1 X-33.374 Y24.335 E2138.46188 F3000
G1 X-33.343 Y24.462 E2138.48364 F3000
G1 X-33.149 Y25.312 E2138.62863 F3000
G1 X-33.111 Y25.503 E2138.66113 F3000
G1 X-33.087 Y25.721 E2138.69760 F3000
G1 X-32.987 Y26.482 E2138.82522 F3000
G1 X-32.970 Y26.741 E2138.86827 F3000
G1 X-32.921 Y27.361 E2138.97170 F3000
G1 X-32.884 Y27.834 E2139.05065 F3000
G1 X-32.861 Y28.098 E2139.09473 F3000
G1 X-32.801 Y28.440 E2139.15240 F3000
G1 X-32.756 Y28.651 E2139.18841 F3000
G1 X-32.674 Y28.775 E2139.21309 F3000
G1 X-32.561 Y28.977 E2139.25158 F3000
G1 X-32.412 Y29.030 E2139.27794 F3000
G1 X-32.165 Y29.130 E2139.32209 F3000
G1 X-31.663 Y29.156 E2139.40570 F3000
G1 X-31.461 Y29.166 E2139.43931 F3000
G1 X-30.546 Y29.146 E2139.59154 F3000
G1 X-30.338 Y29.141 E2139.62613 F3000
G1 X-30.096 Y29.136 E2139.66649 F3000
G1 X-28.682 Y29.111 E2139.90159 F3000
G1 X-28.591 Y29.110 E2139.91674 F3000
G1 X-27.824 Y29.097 E2140.04434 F3000
G1 X-26.710 Y29.086 E2140.22965 F3000
G1 X-24.990 Y29.069 E2140.51568 F3000
G1 X-24.632 Y29.066 E2140.57519 F3000
G1 X-23.195 Y29.052 E2140.81410 F3000
G1 X-22.659 Y29.048 E2140.90331 F3000
G1 X-22.128 Y29.044 E2140.99153 F3000
G1 X-21.005 Y29.034 E2141.17831 F3000
G1 X-20.385 Y29.029 E2141.28156 F3000
G1 X-19.489 Y29.022 E2141.43055 F3000
G1 X-18.692 Y29.016 E2141.56308 F3000
G1 X-17.927 Y29.011 E2141.69031 F3000
G1 X-17.114 Y29.006 E2141.82553 F3000
G1 X-16.138 Y29.001 E2141.98780 F3000
G1 X-14.810 Y28.996 E2142.20869 F3000
G1 X-13.941 Y28.992 E2142.35312 F3000
G1 X-12.342 Y28.987 E2142.61902 F3000
G1 X-11.523 Y28.983 E2142.75529 F3000
G1 X-10.780 Y28.981 E2142.87889 F3000
G1 X-9.068 Y28.976 E2143.16358 F3000
G1 X-8.470 Y28.974 E2143.26290 F3000
G1 X-6.760 Y28.969 E2143.54742 F3000
G1 X-5.180 Y28.964 E2143.81017 F3000
G1 X-4.781 Y28.963 E2143.87640 F3000
G1 X-3.346 Y28.959 E2144.11509 F3000
G1 X-3.050 Y28.959 E2144.16428 F3000
G1 X-2.797 Y28.958 E2144.20648 F3000
G1 X-1.484 Y28.956 E2144.42476 F3000
G1 X-1.267 Y28.955 E2144.46088 F3000
G1 X0.000 Y28.955 E2144.67155 F3000
G1 X1.267 Y28.955 E2144.88222 F3000
G1 X1.484 Y28.956 E2144.91834 F3000
G1 X2.797 Y28.958 E2145.13662 F3000
G1 X3.050 Y28.959 E2145.17882 F3000
G1 X3.346 Y28.959 E2145.22801 F3000
G1 X4.781 Y28.963 E2145.46670 F3000
G1 X5.180 Y28.964 E2145.53293 F3000
G1 X6.760 Y28.969 E2145.79568 F3000
G1 X8.470 Y28.974 E2146.08020 F3000
G1 X9.068 Y28.976 E2146.17952 F3000
G1 X10.780 Y28.981 E2146.46421 F3000
G1 X11.523 Y28.983 E2146.58781 F3000
G1 X12.342 Y28.987 E2146.72408 F3000
G1 X13.941 Y28.992 E2146.98998 F3000
G1 X14.810 Y28.996 E2147.13441 F3000
G1 X16.138 Y29.001 E2147.35530 F3000
G1 X17.114 Y29.006 E2147.51757 F3000
G1 X17.927 Y29.011 E2147.65279 F3000
G1 X18.692 Y29.016 E2147.78002 F3000
G1 X19.489 Y29.022 E2147.91255 F3000
G1 X20.385 Y29.029 E2148.06154 F3000
G1 X21.005 Y29.034 E2148.16479 F3000
G1 X22.128 Y29.044 E2148.35157 F3000
G1 X22.659 Y29.048 E2148.43979 F3000
G1 X23.195 Y29.052 E2148.52900 F3000
G1 X24.632 Y29.066 E2148.76791 F3000
; LAYER:52
; Z:52.500
G0 Z52.500 F600
G0 X18.025 Y29.272 F9000
G1 X18.315 Y29.274 E2148.81607 F3000
G1 X19.593 Y29.284 E2149.02857 F3000
G1 X21.029 Y29.296 E2149.26745 F3000
G1 X21.113 Y29.297 E2149.28134 F3000
G1 X22.037 Y29.305 E2149.43506 F3000
G1 X22.709 Y29.315 E2149.54692 F3000
G1 X22.771 Y29.316 E2149.55712 F3000
G1 X22.863 Y29.318 E2149.57238 F3000
G1 X24.753 Y29.346 E2149.88676 F3000
G1 X25.117 Y29.352 E2149.94741 F3000
G1 X26.841 Y29.378 E2150.23404 F3000
G1 X28.126 Y29.399 E2150.44787 F3000
G1 X28.822 Y29.412 E2150.56357 F3000
G1 X29.722 Y29.428 E2150.71318 F3000
G1 X30.486 Y29.443 E2150.84027 F3000
G1 X31.140 Y29.458 E2150.94916 F3000
G1 X31.621 Y29.468 E2151.02910 F3000
G1 X32.103 Y29.446 E2151.10938 F3000
G1 X32.339 Y29.433 E2151.14874 F3000
G1 X32.455 Y29.386 E2151.16953 F3000
G1 X32.749 Y29.281 E2151.22150 F3000
G1 X32.798 Y29.194 E2151.23801 F3000
G1 X32.957 Y28.956 E2151.28568 F3000
G1 X33.043 Y28.546 E2151.35523 F3000
G1 X33.068 Y28.402 E2151.37959 F3000
G1 X33.113 Y27.883 E2151.46622 F3000
G1 X33.130 Y27.667 E2151.50229 F3000
G1 X33.153 Y27.384 E2151.54955 F3000
G1 X33.193 Y26.796 E2151.64759 F3000
G1 X33.243 Y26.413 E2151.71177 F3000
G1 X33.307 Y25.830 E2151.80920 F3000
G1 X33.409 Y25.319 E2151.89598 F3000
G1 X33.525 Y24.812 E2151.98244 F3000
G1 X33.634 Y24.365 E2152.05902 F3000
G1 X33.799 Y23.765 E2152.16244 F3000
G1 X33.984 Y23.087 E2152.27931 F3000
G1 X34.075 Y22.720 E2152.34214 F3000
G1 X34.240 Y22.004 E2152.46443 F3000
G1 X34.299 Y21.715 E2152.51335 F3000
G1 X34.323 Y21.472 E2152.55411 F3000
G1 X34.412 Y20.791 E2152.66826 F3000
G1 X34.416 Y20.596 E2152.70072 F3000
G1 X34.445 Y19.954 E2152.80752 F3000
G1 X34.431 Y19.354 E2152.90728 F3000
G1 X34.425 Y19.209 E2152.93141 F3000
G1 X34.393 Y18.680 E2153.01970 F3000
G1 X34.385 Y18.560 E2153.03970 F3000
G1 X34.380 Y18.456 E2153.05698 F3000
G1 X34.356 Y18.007 E2153.13180 F3000
G1 X34.353 Y17.916 E2153.14692 F3000
G1 X34.334 Y17.507 E2153.21500 F3000
G1 X34.319 Y17.099 E2153.28282 F3000
G1 X34.316 Y17.017 E2153.29654 F3000
G1 X34.300 Y16.573 E2153.37032 F3000
G1 X34.298 Y16.493 E2153.38361 F3000
G1 X34.296 Y16.407 E2153.39807 F3000
G1 X34.276 Y15.893 E2153.48350 F3000
G1 X34.269 Y15.812 E2153.49703 F3000
G1 X34.208 Y15.204 E2153.59860 F3000
G1 X34.056 Y14.434 E2153.72928 F3000
G1 X34.053 Y14.417 E2153.73208 F3000
G1 X33.989 Y14.217 E2153.76693 F3000
G1 X33.792 Y13.576 E2153.87850 F3000
G1 X33.775 Y13.524 E2153.88758 F3000
G1 X33.744 Y13.459 E2153.89963 F3000
G1 X33.334 Y12.530 E2154.06847 F3000
G1 X33.206 Y12.356 E2154.10438 F3000
G1 X32.660 Y11.544 E2154.26717 F3000
G1 X32.051 Y10.969 E2154.40638 F3000
G1 X31.684 Y10.664 E2154.48570 F3000
G1 X30.991 Y10.287 E2154.61696 F3000
G1 X30.339 Y9.976 E2154.73700 F3000
G1 X29.279 Y9.736 E2154.91780 F3000
G1 X28.555 Y9.556 E2155.04187 F3000
G1 X27.104 Y9.398 E2155.28462 F3000
G1 X26.521 Y9.330 E2155.38228 F3000
G1 X26.041 Y9.308 E2155.46204 F3000
G1 X24.425 Y9.232 E2155.73107 F3000
G1 X24.133 Y9.228 E2155.77978 F3000
G1 X22.460 Y9.200 E2156.05801 F3000
G1 X20.852 Y9.174 E2156.32545 F3000
G1 X20.814 Y9.174 E2156.33179 F3000
G1 X20.216 Y9.166 E2156.43119 F3000
G1 X19.309 Y9.156 E2156.58210 F3000
G1 X17.880 Y9.145 E2156.81965 F3000
G1 X17.763 Y9.144 E2156.83907 F3000
G1 X16.200 Y9.136 E2157.09916 F3000
G1 X15.995 Y9.136 E2157.13313 F3000
G1 X15.726 Y9.135 E2157.17786 F3000
G1 X13.821 Y9.129 E2157.49474 F3000
G1 X13.421 Y9.128 E2157.56125 F3000
G1 X11.424 Y9.123 E2157.89326 F3000
G1 X9.547 Y9.119 E2158.20543 F3000
G1 X8.992 Y9.118 E2158.29776 F3000
G1 X7.299 Y9.116 E2158.57938 F3000
G1 X6.705 Y9.115 E2158.67805 F3000
G1 X6.173 Y9.114 E2158.76664 F3000
G1 X4.744 Y9.112 E2159.00419 F3000
G1 X4.234 Y9.112 E2159.08899 F3000
G1 X3.027 Y9.110 E2159.28972 F3000
G1 X1.974 Y9.109 E2159.46495 F3000
G1 X1.473 Y9.109 E2159.54820 F3000
G1 X0.485 Y9.108 E2159.71255 F3000
G1 X0.000 Y9.108 E2159.79315 F3000
G1 X-0.485 Y9.108 E2159.87375 F3000
G1 X-1.473 Y9.109 E2160.03810 F3000
G1 X-1.974 Y9.109 E2160.12135 F3000
G1 X-3.027 Y9.110 E2160.29658 F3000
G1 X-4.234 Y9.112 E2160.49731 F3000
G1 X-4.744 Y9.112 E2160.58211 F3000
G1 X-6.173 Y9.114 E2160.81966 F3000
G1 X-6.705 Y9.115 E2160.90825 F3000
G1 X-7.299 Y9.116 E2161.00692 F3000
G1 X-8.992 Y9.118 E2161.28854 F3000
G1 X-9.547 Y9.119 E2161.38087 F3000
G1 X-11.424 Y9.123 E2161.69304 F3000
G1 X-13.421 Y9.128 E2162.02505 F3000
G1 X-13.821 Y9.129 E2162.09157 F3000
G1 X-15.726 Y9.135 E2162.40844 F3000
G1 X-15.995 Y9.136 E2162.45317 F3000
G1 X-16.200 Y9.136 E2162.48714 F3000
G1 X-17.763 Y9.144 E2162.74723 F3000
G1 X-17.880 Y9.145 E2162.76665 F3000
G1 X-19.309 Y9.156 E2163.00420 F3000
G1 X-20.216 Y9.166 E2163.15511 F3000
G1 X-20.814 Y9.174 E2163.25451 F3000
G1 X-20.852 Y9.174 E2163.26085 F3000
G1 X-22.460 Y9.200 E2163.52829 F3000
G1 X-24.133 Y9.228 E2163.80652 F3000
G1 X-24.425 Y9.232 E2163.85523 F3000
G1 X-26.041 Y9.308 E2164.12427 F3000
G1 X-26.521 Y9.330 E2164.20402 F3000
G1 X-27.104 Y9.398 E2164.30169 F3000
G1 X-28.555 Y9.556 E2164.54443 F3000
G1 X-29.279 Y9.736 E2164.66850 F3000
G1 X-30.339 Y9.976 E2164.84930 F3000
G1 X-30.991 Y10.287 E2164.96934 F3000
G1 X-31.684 Y10.664 E2165.10060 F3000
G1 X-32.051 Y10.969 E2165.17992 F3000
G1 X-32.660 Y11.544 E2165.31913 F3000
G1 X-33.206 Y12.356 E2165.48192 F3000
G1 X-33.334 Y12.530 E2165.51783 F3000
G1 X-33.744 Y13.459 E2165.68667 F3000
G1 X-33.775 Y13.524 E2165.69872 F3000
G1 X-33.792 Y13.576 E2165.70781 F3000
G1 X-33.989 Y14.217 E2165.81937 F3000
G1 X-34.053 Y14.417 E2165.85422 F3000
G1 X-34.056 Y14.434 E2165.85702 F3000
G1 X-34.208 Y15.204 E2165.98770 F3000
G1 X-34.269 Y15.812 E2166.08927 F3000
G1 X-34.276 Y15.893 E2166.10280 F3000
G1 X-34.296 Y16.407 E2166.18824 F3000
G1 X-34.298 Y16.493 E2166.20269 F3000
G1 X-34.300 Y16.573 E2166.21598 F3000
G1 X-34.316 Y17.017 E2166.28976 F3000
G1 X-34.319 Y17.099 E2166.30348 F3000
G1 X-34.334 Y17.507 E2166.37130 F3000
G1 X-34.353 Y17.916 E2166.43938 F3000
G1 X-34.356 Y18.007 E2166.45450 F3000
G1 X-34.380 Y18.456 E2166.52932 F3000
G1 X-34.385 Y18.560 E2166.54660 F3000
G1 X-34.393 Y18.680 E2166.56660 F3000
G1 X-34.425 Y19.209 E2166.65489 F3000
G1 X-34.431 Y19.354 E2166.67902 F3000
G1 X-34.445 Y19.954 E2166.77878 F3000
G1 X-34.416 Y20.596 E2166.88558 F3000
G1 X-34.412 Y20.791 E2166.91805 F3000
G1 X-34.323 Y21.472 E2167.03220 F3000
G1 X-34.299 Y21.715 E2167.07295 F3000
G1 X-34.240 Y22.004 E2167.12187 F3000
G1 X-34.075 Y22.720 E2167.24416 F3000
G1 X-33.984 Y23.087 E2167.30700 F3000
G1 X-33.799 Y23.765 E2167.42386 F3000
G1 X-33.634 Y24.365 E2167.52728 F3000
G1 X-33.525 Y24.812 E2167.60386 F3000
G1 X-33.409 Y25.319 E2167.69032 F3000
G1 X-33.307 Y25.830 E2167.77710 F3000
G1 X-33.243 Y26.413 E2167.87453 F3000
G1 X-33.193 Y26.796 E2167.93871 F3000
G1 X-33.153 Y27.384 E2168.03675 F3000
G1 X-33.130 Y27.667 E2168.08401 F3000
G1 X-33.113 Y27.883 E2168.12008 F3000
G1 X-33.068 Y28.402 E2168.20671 F3000
G1 X-33.043 Y28.546 E2168.23107 F3000
G1 X-32.957 Y28.956 E2168.30062 F3000
G1 X-32.798 Y29.194 E2168.34829 F3000
G1 X-32.749 Y29.281 E2168.36480 F3000
G1 X-32.455 Y29.386 E2168.41677 F3000
G1 X-32.339 Y29.433 E2168.43756 F3000
G1 X-32.103 Y29.446 E2168.47692 F3000
G1 X-31.621 Y29.468 E2168.55720 F3000
G1 X-31.140 Y29.458 E2168.63715 F3000
G1 X-30.486 Y29.443 E2168.74603 F3000
G1 X-29.722 Y29.427 E2168.87312 F3000
G1 X-28.822 Y29.412 E2169.02273 F3000
G1 X-28.126 Y29.399 E2169.13843 F3000
G1 X-26.841 Y29.378 E2169.35226 F3000
G1 X-25.117 Y29.352 E2169.63889 F3000
G1 X-24.753 Y29.346 E2169.69954 F3000
G1 X-22.863 Y29.318 E2170.01392 F3000
G1 X-22.771 Y29.316 E2170.02918 F3000
G1 X-22.709 Y29.315 E2170.03938 F3000
G1 X-22.037 Y29.305 E2170.15124 F3000
G1 X-21.113 Y29.297 E2170.30496 F3000
G1 X-21.029 Y29.296 E2170.31885 F3000
G1 X-19.593 Y29.284 E2170.55774 F3000
G1 X-18.315 Y29.274 E2170.77023 F3000
G1 X-18.025 Y29.272 E2170.81839 F3000
G1 X-16.665 Y29.264 E2171.04469 F3000
G1 X-16.228 Y29.262 E2171.11724 F3000
G1 X-15.635 Y29.260 E2171.21598 F3000
G1 X-14.020 Y29.252 E2171.48449 F3000
G1 X-13.218 Y29.250 E2171.61782 F3000
G1 X-11.588 Y29.243 E2171.88893 F3000
G1 X-10.109 Y29.238 E2172.13482 F3000
G1 X-9.119 Y29.235 E2172.29957 F3000
G1 X-7.833 Y29.230 E2172.51340 F3000
G1 X-6.797 Y29.227 E2172.68562 F3000
G1 X-5.841 Y29.225 E2172.84467 F3000
G1 X-4.808 Y29.221 E2173.01648 F3000
G1 X-3.910 Y29.219 E2173.16582 F3000
G1 X-3.067 Y29.216 E2173.30597 F3000
G1 X-2.344 Y29.215 E2173.42623 F3000
G1 X-1.492 Y29.213 E2173.56790 F3000
G1 X-0.826 Y29.213 E2173.67865 F3000
G1 X0.000 Y29.212 E2173.81604 F3000
G1 X0.826 Y29.213 E2173.95343 F3000
G1 X1.492 Y29.213 E2174.06418 F3000
G1 X2.344 Y29.215 E2174.20585 F3000
G1 X3.067 Y29.216 E2174.32611 F3000
G1 X3.910 Y29.219 E2174.46626 F3000
G1 X4.808 Y29.221 E2174.61560 F3000
G1 X5.841 Y29.225 E2174.78740 F3000
G1 X6.797 Y29.227 E2174.94645 F3000
G1 X7.833 Y29.230 E2175.11868 F3000
G1 X9.119 Y29.235 E2175.33251 F3000
G1 X10.109 Y29.238 E2175.49726 F3000
G1 X11.588 Y29.243 E2175.74315 F3000
G1 X13.218 Y29.250 E2176.01425 F3000
G1 X14.020 Y29.252 E2176.14759 F3000
G1 X15.635 Y29.260 E2176.41610 F3000
G1 X16.228 Y29.262 E2176.51484 F3000
G1 X16.665 Y29.264 E2176.58738 F3000
G1 X18.025 Y29.272 E2176.81369 F3000
; LAYER:53
; Z:53.500
G0 Z53.500 F600
G0 X28.647 Y9.815 F9000
G1 X27.868 Y9.730 E2176.94399 F3000
G1 X26.612 Y9.584 E2177.15424 F3000
G1 X25.581 Y9.537 E2177.32593 F3000
G1 X24.517 Y9.487 E2177.50308 F3000
G1 X23.709 Y9.476 E2177.63732 F3000
G1 X22.550 Y9.456 E2177.83012 F3000
G1 X21.436 Y9.439 E2178.01544 F3000
G1 X20.903 Y9.432 E2178.10410 F3000
G1 X19.784 Y9.417 E2178.29012 F3000
G1 X19.393 Y9.412 E2178.35525 F3000
G1 X19.036 Y9.409 E2178.41466 F3000
G1 X17.839 Y9.397 E2178.61371 F3000
G1 X17.511 Y9.395 E2178.66824 F3000
G1 X16.060 Y9.385 E2178.90958 F3000
G1 X14.116 Y9.375 E2179.23277 F3000
G1 X13.875 Y9.374 E2179.27288 F3000
G1 X11.629 Y9.366 E2179.64640 F3000
G1 X11.470 Y9.365 E2179.67289 F3000
G1 X11.323 Y9.365 E2179.69736 F3000
G1 X9.027 Y9.357 E2180.07907 F3000
G1 X8.973 Y9.357 E2180.08808 F3000
G1 X7.377 Y9.353 E2180.35348 F3000
G1 X6.752 Y9.352 E2180.45752 F3000
G1 X6.712 Y9.352 E2180.46410 F3000
G1 X4.762 Y9.349 E2180.78838 F3000
G1 X4.697 Y9.349 E2180.79927 F3000
G1 X3.039 Y9.346 E2181.07501 F3000
G1 X1.591 Y9.345 E2181.31571 F3000
G1 X1.478 Y9.345 E2181.33446 F3000
G1 X0.115 Y9.344 E2181.56118 F3000
G1 X0.000 Y9.344 E2181.58033 F3000
G1 X-0.115 Y9.344 E2181.59947 F3000
G1 X-1.478 Y9.345 E2181.82619 F3000
G1 X-1.591 Y9.345 E2181.84494 F3000
G1 X-3.039 Y9.346 E2182.08564 F3000
G1 X-4.697 Y9.349 E2182.36138 F3000
G1 X-4.762 Y9.349 E2182.37227 F3000
G1 X-6.712 Y9.352 E2182.69655 F3000
G1 X-6.731 Y9.352 E2182.69966 F3000
G1 X-6.752 Y9.352 E2182.70313 F3000
G1 X-7.377 Y9.353 E2182.80717 F3000
G1 X-8.973 Y9.357 E2183.07257 F3000
G1 X-9.027 Y9.357 E2183.08158 F3000
G1 X-11.323 Y9.365 E2183.46329 F3000
G1 X-11.470 Y9.365 E2183.48776 F3000
G1 X-11.629 Y9.366 E2183.51425 F3000
G1 X-13.875 Y9.374 E2183.88777 F3000
G1 X-14.116 Y9.375 E2183.92788 F3000
G1 X-16.060 Y9.385 E2184.25107 F3000
G1 X-17.511 Y9.395 E2184.49241 F3000
G1 X-17.839 Y9.397 E2184.54694 F3000
G1 X-19.036 Y9.409 E2184.74599 F3000
G1 X-19.393 Y9.412 E2184.80540 F3000
G1 X-19.784 Y9.417 E2184.87053 F3000
G1 X-20.903 Y9.432 E2185.05655 F3000
G1 X-21.436 Y9.439 E2185.14521 F3000
G1 X-22.550 Y9.456 E2185.33053 F3000
G1 X-23.709 Y9.476 E2185.52333 F3000
G1 X-24.517 Y9.487 E2185.65757 F3000
G1 X-25.581 Y9.537 E2185.83472 F3000
G1 X-26.612 Y9.584 E2186.00642 F3000
G1 X-27.868 Y9.730 E2186.21666 F3000
G1 X-28.647 Y9.815 E2186.34696 F3000
G1 X-29.981 Y10.146 E2186.57562 F3000
G1 X-30.432 Y10.248 E2186.65243 F3000
G1 X-30.708 Y10.380 E2186.70342 F3000
G1 X-31.778 Y10.961 E2186.90581 F3000
G1 X-31.864 Y11.033 E2186.92449 F3000
G1 X-32.498 Y11.631 E2187.06938 F3000
G1 X-32.758 Y11.875 E2187.12873 F3000
G1 X-33.345 Y12.736 E2187.30196 F3000
G1 X-33.447 Y12.896 E2187.33358 F3000
G1 X-33.784 Y13.642 E2187.46968 F3000
G1 X-33.900 Y13.914 E2187.51877 F3000
G1 X-33.990 Y14.211 E2187.57046 F3000
G1 X-34.182 Y14.815 E2187.67580 F3000
G1 X-34.243 Y15.140 E2187.73086 F3000
G1 X-34.334 Y15.603 E2187.80929 F3000
G1 X-34.371 Y15.968 E2187.87025 F3000
G1 X-34.398 Y16.289 E2187.92383 F3000
G1 X-34.410 Y16.587 E2187.97344 F3000
G1 X-34.416 Y16.887 E2188.02330 F3000
G1 X-34.422 Y17.162 E2188.06914 F3000
G1 X-34.431 Y17.412 E2188.11075 F3000
G1 X-34.438 Y17.678 E2188.15504 F3000
G1 X-34.447 Y17.908 E2188.19324 F3000
G1 X-34.457 Y18.138 E2188.23158 F3000
G1 X-34.468 Y18.416 E2188.27773 F3000
G1 X-34.481 Y18.669 E2188.32002 F3000
G1 X-34.498 Y18.977 E2188.37123 F3000
G1 X-34.521 Y19.333 E2188.43052 F3000
G1 X-34.539 Y19.635 E2188.48082 F3000
G1 X-34.555 Y20.044 E2188.54888 F3000
G1 X-34.563 Y20.384 E2188.60547 F3000
G1 X-34.547 Y20.748 E2188.66606 F3000
G1 X-34.537 Y21.220 E2188.74455 F3000
G1 X-34.488 Y21.599 E2188.80814 F3000
G1 X-34.434 Y22.136 E2188.89785 F3000
G1 X-34.305 Y22.770 E2189.00552 F3000
G1 X-34.224 Y23.122 E2189.06551 F3000
G1 X-34.042 Y23.855 E2189.19120 F3000
G1 X-33.964 Y24.141 E2189.24054 F3000
G1 X-33.895 Y24.395 E2189.28420 F3000
G1 X-33.707 Y25.162 E2189.41559 F3000
G1 X-33.670 Y25.326 E2189.44352 F3000
G1 X-33.503 Y26.158 E2189.58458 F3000
G1 X-33.399 Y27.104 E2189.74296 F3000
G1 X-33.394 Y27.169 E2189.75376 F3000
G1 X-33.345 Y27.977 E2189.88835 F3000
G1 X-33.291 Y28.644 E2189.99970 F3000
G1 X-33.285 Y28.712 E2190.01108 F3000
G1 X-33.182 Y29.207 E2190.09503 F3000
G1 X-33.167 Y29.267 E2190.10534 F3000
G1 X-33.139 Y29.301 E2190.11273 F3000
G1 X-32.945 Y29.590 E2190.17064 F3000
G1 X-32.904 Y29.603 E2190.17770 F3000
G1 X-32.516 Y29.739 E2190.24613 F3000
G1 X-32.139 Y29.754 E2190.30896 F3000
G1 X-31.780 Y29.771 E2190.36863 F3000
G1 X-31.734 Y29.770 E2190.37629 F3000
G1 X-30.633 Y29.744 E2190.55949 F3000
G1 X-29.347 Y29.719 E2190.77330 F3000
G1 X-28.962 Y29.712 E2190.83741 F3000
G1 X-27.662 Y29.688 E2191.05367 F3000
G1 X-26.977 Y29.678 E2191.16762 F3000
G1 X-26.058 Y29.663 E2191.32035 F3000
G1 X-24.887 Y29.644 E2191.51525 F3000
G1 X-23.741 Y29.626 E2191.70571 F3000
G1 X-22.903 Y29.613 E2191.84516 F3000
G1 X-22.343 Y29.603 E2191.93833 F3000
G1 X-21.239 Y29.587 E2192.12192 F3000
G1 X-20.850 Y29.581 E2192.18665 F3000
G1 X-19.710 Y29.565 E2192.37622 F3000
G1 X-18.348 Y29.549 E2192.60272 F3000
G1 X-18.132 Y29.546 E2192.63863 F3000
G1 X-16.443 Y29.530 E2192.91962 F3000
G1 X-16.323 Y29.529 E2192.93958 F3000
G1 X-16.194 Y29.528 E2192.96096 F3000
G1 X-14.164 Y29.513 E2193.29852 F3000
G1 X-14.099 Y29.513 E2193.30939 F3000
G1 X-14.094 Y29.513 E2193.31016 F3000
G1 X-11.653 Y29.503 E2193.71609 F3000
G1 X-9.439 Y29.495 E2194.08428 F3000
G1 X-9.170 Y29.494 E2194.12909 F3000
G1 X-7.196 Y29.487 E2194.45743 F3000
G1 X-6.835 Y29.486 E2194.51736 F3000
G1 X-6.502 Y29.485 E2194.57271 F3000
G1 X-4.834 Y29.479 E2194.85009 F3000
G1 X-4.474 Y29.479 E2194.91007 F3000
G1 X-3.084 Y29.474 E2195.14119 F3000
G1 X-1.891 Y29.472 E2195.33951 F3000
G1 X-1.500 Y29.471 E2195.40456 F3000
G1 X-0.386 Y29.470 E2195.58995 F3000
G1 X0.000 Y29.470 E2195.65406 F3000
G1 X0.386 Y29.470 E2195.71817 F3000
G1 X1.500 Y29.471 E2195.90356 F3000
G1 X1.891 Y29.472 E2195.96861 F3000
G1 X3.084 Y29.474 E2196.16693 F3000
G1 X4.474 Y29.479 E2196.39805 F3000
G1 X4.834 Y29.479 E2196.45803 F3000
G1 X6.502 Y29.485 E2196.73540 F3000
G1 X6.835 Y29.486 E2196.79076 F3000
G1 X7.196 Y29.487 E2196.85069 F3000
G1 X9.170 Y29.494 E2197.17903 F3000
G1 X9.439 Y29.495 E2197.22384 F3000
G1 X11.653 Y29.503 E2197.59203 F3000
G1 X14.094 Y29.513 E2197.99796 F3000
G1 X14.164 Y29.513 E2198.00960 F3000
G1 X16.194 Y29.528 E2198.34716 F3000
G1 X16.323 Y29.529 E2198.36854 F3000
G1 X16.443 Y29.530 E2198.38850 F3000
G1 X18.132 Y29.546 E2198.66949 F3000
G1 X18.348 Y29.549 E2198.70540 F3000
G1 X19.710 Y29.565 E2198.93189 F3000
G1 X20.850 Y29.581 E2199.12147 F3000
G1 X21.239 Y29.587 E2199.18620 F3000
G1 X22.343 Y29.603 E2199.36979 F3000
G1 X22.903 Y29.613 E2199.46296 F3000
G1 X23.741 Y29.626 E2199.60241 F3000
G1 X24.887 Y29.644 E2199.79287 F3000
G1 X26.058 Y29.663 E2199.98776 F3000
G1 X26.977 Y29.678 E2200.14050 F3000
G1 X27.662 Y29.688 E2200.25445 F3000
G1 X28.962 Y29.712 E2200.47071 F3000
G1 X29.347 Y29.719 E2200.53482 F3000
G1 X30.633 Y29.744 E2200.74863 F3000
G1 X31.734 Y29.770 E2200.93183 F3000
G1 X31.780 Y29.771 E2200.93949 F3000
G1 X32.139 Y29.754 E2200.99916 F3000
G1 X32.516 Y29.739 E2201.06198 F3000
G1 X32.904 Y29.603 E2201.13042 F3000
G1 X32.945 Y29.590 E2201.13748 F3000
G1 X33.139 Y29.301 E2201.19538 F3000
G1 X33.167 Y29.267 E2201.20278 F3000
G1 X33.182 Y29.207 E2201.21309 F3000
G1 X33.285 Y28.712 E2201.29704 F3000
G1 X33.291 Y28.644 E2201.30842 F3000
G1 X33.345 Y27.977 E2201.41976 F3000
G1 X33.394 Y27.169 E2201.55436 F3000
G1 X33.398 Y27.109 E2201.56441 F3000
G1 X33.503 Y26.158 E2201.72354 F3000
G1 X33.670 Y25.326 E2201.86460 F3000
G1 X33.707 Y25.162 E2201.89253 F3000
G1 X33.895 Y24.395 E2202.02392 F3000
G1 X33.964 Y24.141 E2202.06758 F3000
G1 X34.042 Y23.855 E2202.11692 F3000
G1 X34.224 Y23.122 E2202.24261 F3000
G1 X34.305 Y22.770 E2202.30260 F3000
G1 X34.434 Y22.136 E2202.41027 F3000
G1 X34.488 Y21.599 E2202.49998 F3000
G1 X34.537 Y21.220 E2202.56357 F3000
G1 X34.547 Y20.748 E2202.64206 F3000
G1 X34.563 Y20.384 E2202.70265 F3000
G1 X34.555 Y20.044 E2202.75924 F3000
G1 X34.539 Y19.635 E2202.82730 F3000
G1 X34.521 Y19.333 E2202.87760 F3000
G1 X34.498 Y18.977 E2202.93689 F3000
G1 X34.481 Y18.669 E2202.98810 F3000
G1 X34.468 Y18.416 E2203.03039 F3000
G1 X34.457 Y18.138 E2203.07654 F3000
G1 X34.447 Y17.908 E2203.11488 F3000
G1 X34.438 Y17.678 E2203.15308 F3000
G1 X34.431 Y17.412 E2203.19737 F3000
G1 X34.422 Y17.162 E2203.23898 F3000
G1 X34.416 Y16.887 E2203.28482 F3000
G1 X34.410 Y16.587 E2203.33468 F3000
G1 X34.398 Y16.289 E2203.38429 F3000
G1 X34.371 Y15.968 E2203.43787 F3000
G1 X34.334 Y15.603 E2203.49883 F3000
G1 X34.243 Y15.140 E2203.57726 F3000
G1 X34.182 Y14.815 E2203.63232 F3000
G1 X33.990 Y14.211 E2203.73766 F3000
G1 X33.900 Y13.914 E2203.78935 F3000
G1 X33.784 Y13.642 E2203.83844 F3000
G1 X33.447 Y12.896 E2203.97454 F3000
G1 X33.345 Y12.736 E2204.00616 F3000
G1 X32.758 Y11.875 E2204.17939 F3000
G1 X32.498 Y11.631 E2204.23874 F3000
G1 X31.864 Y11.033 E2204.38364 F3000
G1 X31.778 Y10.961 E2204.40231 F3000
G1 X30.708 Y10.380 E2204.60470 F3000
G1 X30.432 Y10.248 E2204.65569 F3000
G1 X29.981 Y10.146 E2204.73251 F3000
G1 X28.647 Y9.815 E2204.96116 F3000
; LAYER:54
; Z:54.500
G0 Z54.500 F600
G0 X28.738 Y10.074 F9000
G1 X28.632 Y10.062 E2204.97902 F3000
G1 X26.703 Y9.839 E2205.30184 F3000
G1 X25.120 Y9.765 E2205.56547 F3000
G1 X24.608 Y9.741 E2205.65073 F3000
G1 X23.286 Y9.724 E2205.87051 F3000
G1 X22.641 Y9.713 E2205.97787 F3000
G1 X22.020 Y9.703 E2206.08108 F3000
G1 X20.992 Y9.690 E2206.25206 F3000
G1 X20.315 Y9.681 E2206.36470 F3000
G1 X19.480 Y9.671 E2206.50361 F3000
G1 X18.718 Y9.664 E2206.63034 F3000
G1 X17.921 Y9.656 E2206.76279 F3000
G1 X17.132 Y9.651 E2206.89412 F3000
G1 X16.136 Y9.644 E2207.05977 F3000
G1 X14.802 Y9.638 E2207.28159 F3000
G1 X13.941 Y9.633 E2207.42467 F3000
G1 X12.359 Y9.627 E2207.68786 F3000
G1 X11.525 Y9.624 E2207.82656 F3000
G1 X10.754 Y9.621 E2207.95470 F3000
G1 X9.070 Y9.616 E2208.23471 F3000
G1 X8.432 Y9.614 E2208.34088 F3000
G1 X6.762 Y9.609 E2208.61853 F3000
G1 X5.238 Y9.605 E2208.87203 F3000
G1 X4.784 Y9.603 E2208.94757 F3000
G1 X3.405 Y9.600 E2209.17693 F3000
G1 X3.052 Y9.599 E2209.23556 F3000
G1 X2.747 Y9.598 E2209.28629 F3000
G1 X1.485 Y9.596 E2209.49619 F3000
G1 X1.215 Y9.596 E2209.54105 F3000
G1 X0.000 Y9.595 E2209.74313 F3000
G1 X-1.215 Y9.596 E2209.94522 F3000
G1 X-1.485 Y9.596 E2209.99008 F3000
G1 X-2.747 Y9.598 E2210.19997 F3000
G1 X-3.052 Y9.599 E2210.25070 F3000
G1 X-3.405 Y9.600 E2210.30933 F3000
G1 X-4.784 Y9.603 E2210.53869 F3000
G1 X-5.238 Y9.605 E2210.61423 F3000
G1 X-6.762 Y9.609 E2210.86773 F3000
G1 X-8.432 Y9.614 E2211.14538 F3000
G1 X-9.070 Y9.616 E2211.25155 F3000
G1 X-10.754 Y9.621 E2211.53156 F3000
G1 X-11.525 Y9.624 E2211.65970 F3000
G1 X-12.359 Y9.627 E2211.79841 F3000
G1 X-13.941 Y9.633 E2212.06160 F3000
G1 X-14.802 Y9.638 E2212.20467 F3000
G1 X-16.136 Y9.644 E2212.42649 F3000
G1 X-17.132 Y9.651 E2212.59214 F3000
G1 X-17.921 Y9.656 E2212.72348 F3000
G1 X-18.718 Y9.664 E2212.85593 F3000
G1 X-19.480 Y9.671 E2212.98265 F3000
G1 X-20.315 Y9.681 E2213.12156 F3000
G1 X-20.992 Y9.690 E2213.23420 F3000
G1 X-22.020 Y9.703 E2213.40518 F3000
G1 X-22.641 Y9.713 E2213.50839 F3000
G1 X-23.286 Y9.724 E2213.61575 F3000
G1 X-24.608 Y9.741 E2213.83553 F3000
G1 X-25.120 Y9.765 E2213.92079 F3000
G1 X-26.703 Y9.839 E2214.18442 F3000
G1 X-28.632 Y10.062 E2214.50724 F3000
G1 X-28.738 Y10.074 E2214.52510 F3000
G1 X-29.413 Y10.241 E2214.64073 F3000
G1 X-30.403 Y10.493 E2214.81057 F3000
G1 X-30.532 Y10.529 E2214.83278 F3000
G1 X-30.668 Y10.607 E2214.85885 F3000
G1 X-31.893 Y11.275 E2215.09101 F3000
G1 X-32.165 Y11.544 E2215.15457 F3000
G1 X-32.886 Y12.221 E2215.31901 F3000
G1 X-33.267 Y12.780 E2215.43151 F3000
G1 X-33.577 Y13.266 E2215.52745 F3000
G1 X-33.772 Y13.698 E2215.60626 F3000
G1 X-34.031 Y14.303 E2215.71568 F3000
G1 X-34.233 Y14.966 E2215.83088 F3000
G1 X-34.311 Y15.212 E2215.87396 F3000
G1 X-34.430 Y15.847 E2215.98127 F3000
G1 X-34.460 Y16.001 E2216.00746 F3000
G1 X-34.472 Y16.123 E2216.02781 F3000
G1 X-34.520 Y16.684 E2216.12144 F3000
G1 X-34.523 Y16.767 E2216.13522 F3000
G1 X-34.534 Y17.280 E2216.22049 F3000
G1 X-34.543 Y17.751 E2216.29888 F3000
G1 X-34.546 Y17.808 E2216.30832 F3000
G1 X-34.558 Y18.258 E2216.38318 F3000
G1 X-34.560 Y18.309 E2216.39176 F3000
G1 X-34.562 Y18.361 E2216.40037 F3000
G1 X-34.580 Y18.825 E2216.47754 F3000
G1 X-34.583 Y18.883 E2216.48729 F3000
G1 X-34.610 Y19.394 E2216.57245 F3000
G1 X-34.649 Y19.986 E2216.67102 F3000
G1 X-34.654 Y20.060 E2216.68333 F3000
G1 X-34.679 Y20.733 E2216.79533 F3000
G1 X-34.681 Y20.813 E2216.80875 F3000
G1 X-34.677 Y20.900 E2216.82311 F3000
G1 X-34.662 Y21.648 E2216.94763 F3000
G1 X-34.652 Y21.726 E2216.96066 F3000
G1 X-34.568 Y22.556 E2217.09933 F3000
G1 X-34.411 Y23.330 E2217.23064 F3000
G1 X-34.373 Y23.523 E2217.26349 F3000
G1 X-34.371 Y23.536 E2217.26570 F3000
G1 X-34.134 Y24.522 E2217.43419 F3000
G1 X-33.931 Y25.366 E2217.57856 F3000
G1 X-33.902 Y25.521 E2217.60489 F3000
G1 X-33.756 Y26.269 E2217.73152 F3000
G1 X-33.723 Y26.500 E2217.77043 F3000
G1 X-33.703 Y26.777 E2217.81660 F3000
G1 X-33.636 Y27.443 E2217.92794 F3000
G1 X-33.620 Y27.768 E2217.98196 F3000
G1 X-33.588 Y28.305 E2218.07156 F3000
G1 X-33.554 Y28.717 E2218.14020 F3000
G1 X-33.525 Y29.039 E2218.19398 F3000
G1 X-33.464 Y29.335 E2218.24426 F3000
G1 X-33.399 Y29.593 E2218.28857 F3000
G1 X-33.279 Y29.742 E2218.32033 F3000
G1 X-33.162 Y29.917 E2218.35530 F3000
G1 X-32.958 Y29.979 E2218.39073 F3000
G1 X-32.715 Y30.065 E2218.43360 F3000
G1 X-32.232 Y30.084 E2218.51394 F3000
G1 X-31.959 Y30.094 E2218.55942 F3000
G1 X-31.079 Y30.068 E2218.70578 F3000
G1 X-30.791 Y30.059 E2218.75363 F3000
G1 X-30.469 Y30.051 E2218.80726 F3000
G1 X-29.106 Y30.018 E2219.03397 F3000
G1 X-28.952 Y30.014 E2219.05955 F3000
G1 X-27.828 Y29.989 E2219.24653 F3000
G1 X-27.197 Y29.978 E2219.35152 F3000
G1 X-27.113 Y29.977 E2219.36558 F3000
G1 X-26.999 Y29.975 E2219.38443 F3000
G1 X-25.020 Y29.941 E2219.71357 F3000
G1 X-24.620 Y29.935 E2219.78012 F3000
G1 X-23.035 Y29.909 E2220.04375 F3000
G1 X-21.976 Y29.892 E2220.21990 F3000
G1 X-21.369 Y29.883 E2220.32090 F3000
G1 X-20.519 Y29.869 E2220.46227 F3000
G1 X-19.836 Y29.860 E2220.57587 F3000
G1 X-19.020 Y29.850 E2220.71159 F3000
G1 X-18.252 Y29.840 E2220.83935 F3000
G1 X-17.179 Y29.830 E2221.01771 F3000
G1 X-16.432 Y29.822 E2221.14193 F3000
G1 X-15.633 Y29.816 E2221.27491 F3000
G1 X-14.195 Y29.805 E2221.51407 F3000
G1 X-13.462 Y29.800 E2221.63591 F3000
G1 X-11.730 Y29.788 E2221.92394 F3000
G1 X-9.754 Y29.777 E2222.25258 F3000
G1 X-9.228 Y29.773 E2222.34001 F3000
G1 X-7.240 Y29.762 E2222.67059 F3000
G1 X-6.877 Y29.760 E2222.73102 F3000
G1 X-6.596 Y29.758 E2222.77778 F3000
G1 X-4.863 Y29.748 E2223.06595 F3000
G1 X-4.689 Y29.747 E2223.09494 F3000
G1 X-3.102 Y29.739 E2223.35886 F3000
G1 X-1.585 Y29.734 E2223.61107 F3000
G1 X-1.509 Y29.734 E2223.62377 F3000
G1 X-0.059 Y29.732 E2223.86486 F3000
G1 X0.000 Y29.731 E2223.87467 F3000
G1 X0.059 Y29.732 E2223.88448 F3000
G1 X1.509 Y29.734 E2224.12557 F3000
G1 X1.585 Y29.734 E2224.13827 F3000
G1 X3.102 Y29.739 E2224.39048 F3000
G1 X4.689 Y29.747 E2224.65439 F3000
G1 X4.863 Y29.748 E2224.68338 F3000
G1 X6.596 Y29.758 E2224.97155 F3000
G1 X6.877 Y29.760 E2225.01831 F3000
G1 X7.240 Y29.762 E2225.07875 F3000
G1 X9.228 Y29.773 E2225.40933 F3000
G1 X9.754 Y29.777 E2225.49676 F3000
G1 X11.730 Y29.788 E2225.82540 F3000
G1 X13.462 Y29.800 E2226.11342 F3000
G1 X14.195 Y29.805 E2226.23527 F3000
G1 X15.633 Y29.816 E2226.47442 F3000
G1 X16.432 Y29.822 E2226.60741 F3000
G1 X17.179 Y29.830 E2226.73163 F3000
G1 X18.252 Y29.840 E2226.90999 F3000
G1 X19.020 Y29.850 E2227.03775 F3000
G1 X19.836 Y29.860 E2227.17347 F3000
G1 X20.519 Y29.869 E2227.28707 F3000
G1 X21.369 Y29.883 E2227.42843 F3000
G1 X21.976 Y29.892 E2227.52943 F3000
G1 X23.035 Y29.909 E2227.70559 F3000
G1 X24.620 Y29.935 E2227.96922 F3000
G1 X25.020 Y29.941 E2228.03576 F3000
G1 X26.999 Y29.975 E2228.36490 F3000
G1 X27.113 Y29.977 E2228.38375 F3000
G1 X27.197 Y29.978 E2228.39781 F3000
G1 X27.828 Y29.989 E2228.50280 F3000
G1 X28.952 Y30.014 E2228.68978 F3000
G1 X29.106 Y30.018 E2228.71536 F3000
G1 X30.469 Y30.051 E2228.94207 F3000
G1 X30.791 Y30.059 E2228.99571 F3000
G1 X31.079 Y30.068 E2229.04356 F3000
G1 X31.959 Y30.094 E2229.18991 F3000
G1 X32.232 Y30.084 E2229.23540 F3000
G1 X32.715 Y30.065 E2229.31574 F3000
G1 X32.958 Y29.979 E2229.35861 F3000
G1 X33.162 Y29.917 E2229.39404 F3000
G1 X33.279 Y29.742 E2229.42901 F3000
G1 X33.399 Y29.593 E2229.46077 F3000
G1 X33.464 Y29.335 E2229.50508 F3000
G1 X33.525 Y29.039 E2229.55535 F3000
G1 X33.554 Y28.717 E2229.60913 F3000
G1 X33.588 Y28.305 E2229.67778 F3000
G1 X33.620 Y27.768 E2229.76737 F3000
G1 X33.636 Y27.443 E2229.82140 F3000
G1 X33.703 Y26.777 E2229.93273 F3000
G1 X33.723 Y26.500 E2229.97891 F3000
G1 X33.756 Y26.269 E2230.01781 F3000
G1 X33.902 Y25.521 E2230.14444 F3000
G1 X33.931 Y25.366 E2230.17077 F3000
G1 X34.134 Y24.522 E2230.31515 F3000
G1 X34.371 Y23.536 E2230.48363 F3000
G1 X34.373 Y23.523 E2230.48585 F3000
G1 X34.411 Y23.330 E2230.51869 F3000
G1 X34.568 Y22.556 E2230.65001 F3000
G1 X34.652 Y21.726 E2230.78868 F3000
G1 X34.662 Y21.648 E2230.80171 F3000
G1 X34.677 Y20.900 E2230.92622 F3000
G1 X34.681 Y20.813 E2230.94059 F3000
G1 X34.679 Y20.733 E2230.95401 F3000
G1 X34.654 Y20.060 E2231.06601 F3000
G1 X34.649 Y19.986 E2231.07832 F3000
G1 X34.610 Y19.394 E2231.17688 F3000
G1 X34.583 Y18.883 E2231.26204 F3000
G1 X34.580 Y18.825 E2231.27180 F3000
G1 X34.562 Y18.361 E2231.34897 F3000
G1 X34.560 Y18.309 E2231.35758 F3000
G1 X34.558 Y18.258 E2231.36616 F3000
G1 X34.546 Y17.808 E2231.44101 F3000
G1 X34.544 Y17.751 E2231.45046 F3000
G1 X34.534 Y17.280 E2231.52884 F3000
G1 X34.523 Y16.767 E2231.61411 F3000
G1 X34.520 Y16.684 E2231.62789 F3000
G1 X34.472 Y16.123 E2231.72152 F3000
G1 X34.460 Y16.001 E2231.74188 F3000
G1 X34.430 Y15.847 E2231.76806 F3000
G1 X34.311 Y15.212 E2231.87538 F3000
G1 X34.233 Y14.966 E2231.91845 F3000
G1 X34.031 Y14.303 E2232.03366 F3000
G1 X33.772 Y13.698 E2232.14308 F3000
G1 X33.577 Y13.266 E2232.22189 F3000
G1 X33.267 Y12.780 E2232.31782 F3000
G1 X32.886 Y12.221 E2232.43033 F3000
G1 X32.165 Y11.544 E2232.59477 F3000
G1 X31.893 Y11.275 E2232.65832 F3000
G1 X30.668 Y10.607 E2232.89048 F3000
G1 X30.532 Y10.529 E2232.91656 F3000
G1 X30.403 Y10.493 E2232.93877 F3000
G1 X29.413 Y10.241 E2233.10860 F3000
G1 X28.738 Y10.074 E2233.22423 F3000
; LAYER:55
; Z:55.500
G0 Z55.500 F600
G0 X24.268 Y9.990 F9000
G1 X22.863 Y9.972 E2233.45784 F3000
G1 X22.731 Y9.969 E2233.47978 F3000
G1 X22.604 Y9.967 E2233.50087 F3000
G1 X21.081 Y9.948 E2233.75417 F3000
G1 X20.845 Y9.945 E2233.79344 F3000
G1 X19.566 Y9.930 E2234.00613 F3000
G1 X18.400 Y9.919 E2234.20016 F3000
G1 X18.004 Y9.915 E2234.26601 F3000
G1 X16.752 Y9.907 E2234.47416 F3000
G1 X16.211 Y9.903 E2234.56410 F3000
G1 X15.487 Y9.900 E2234.68455 F3000
G1 X14.008 Y9.892 E2234.93060 F3000
G1 X13.088 Y9.889 E2235.08347 F3000
G1 X11.580 Y9.883 E2235.33438 F3000
G1 X10.186 Y9.877 E2235.56619 F3000
G1 X9.114 Y9.874 E2235.74450 F3000
G1 X7.891 Y9.870 E2235.94783 F3000
G1 X6.794 Y9.867 E2236.13018 F3000
G1 X5.793 Y9.864 E2236.29667 F3000
G1 X4.806 Y9.861 E2236.46080 F3000
G1 X3.879 Y9.859 E2236.61498 F3000
G1 X3.066 Y9.856 E2236.75015 F3000
G1 X2.363 Y9.855 E2236.86710 F3000
G1 X1.492 Y9.853 E2237.01199 F3000
G1 X0.842 Y9.853 E2237.12009 F3000
G1 X0.000 Y9.852 E2237.26008 F3000
G1 X-0.842 Y9.853 E2237.40008 F3000
G1 X-1.492 Y9.853 E2237.50818 F3000
G1 X-2.363 Y9.855 E2237.65306 F3000
G1 X-3.066 Y9.856 E2237.77002 F3000
G1 X-3.879 Y9.859 E2237.90519 F3000
G1 X-4.806 Y9.861 E2238.05937 F3000
G1 X-5.793 Y9.864 E2238.22350 F3000
G1 X-6.794 Y9.867 E2238.38999 F3000
G1 X-7.891 Y9.870 E2238.57234 F3000
G1 X-9.114 Y9.874 E2238.77567 F3000
G1 X-10.186 Y9.877 E2238.95398 F3000
G1 X-11.580 Y9.883 E2239.18579 F3000
G1 X-13.088 Y9.889 E2239.43670 F3000
G1 X-14.008 Y9.892 E2239.58956 F3000
G1 X-15.487 Y9.900 E2239.83562 F3000
G1 X-16.211 Y9.903 E2239.95606 F3000
G1 X-16.752 Y9.907 E2240.04601 F3000
G1 X-18.004 Y9.915 E2240.25416 F3000
G1 X-18.400 Y9.919 E2240.32001 F3000
G1 X-19.566 Y9.930 E2240.51404 F3000
G1 X-20.845 Y9.945 E2240.72673 F3000
G1 X-21.081 Y9.948 E2240.76600 F3000
G1 X-22.604 Y9.967 E2241.01930 F3000
G1 X-22.731 Y9.969 E2241.04039 F3000
G1 X-22.863 Y9.972 E2241.06232 F3000
G1 X-24.268 Y9.990 E2241.29594 F3000
G1 X-24.701 Y9.998 E2241.36797 F3000
G1 X-24.753 Y10.001 E2241.37660 F3000
G1 X-26.808 Y10.108 E2241.71879 F3000
G1 X-28.389 Y10.301 E2241.98373 F3000
G1 X-28.855 Y10.361 E2242.06187 F3000
G1 X-30.033 Y10.661 E2242.26399 F3000
G1 X-30.655 Y10.831 E2242.37119 F3000
G1 X-31.309 Y11.210 E2242.49700 F3000
G1 X-32.018 Y11.597 E2242.63131 F3000
G1 X-32.682 Y12.255 E2242.78670 F3000
G1 X-33.014 Y12.566 E2242.86239 F3000
G1 X-33.189 Y12.823 E2242.91417 F3000
G1 X-33.707 Y13.636 E2243.07443 F3000
G1 X-33.761 Y13.754 E2243.09595 F3000
G1 X-34.135 Y14.630 E2243.25448 F3000
G1 X-34.159 Y14.684 E2243.26422 F3000
G1 X-34.448 Y15.609 E2243.42532 F3000
G1 X-34.466 Y15.710 E2243.44251 F3000
G1 X-34.597 Y16.396 E2243.55855 F3000
G1 X-34.644 Y16.920 E2243.64607 F3000
G1 X-34.654 Y17.074 E2243.67171 F3000
G1 X-34.664 Y17.515 E2243.74510 F3000
G1 X-34.663 Y17.666 E2243.77020 F3000
G1 X-34.663 Y17.806 E2243.79346 F3000
G1 X-34.672 Y18.196 E2243.85834 F3000
G1 X-34.673 Y18.335 E2243.88145 F3000
G1 X-34.683 Y18.703 E2243.94274 F3000
G1 X-34.697 Y19.083 E2244.00600 F3000
G1 X-34.701 Y19.227 E2244.02993 F3000
G1 X-34.724 Y19.652 E2244.10074 F3000
G1 X-34.731 Y19.807 E2244.12645 F3000
G1 X-34.742 Y19.977 E2244.15487 F3000
G1 X-34.775 Y20.482 E2244.23892 F3000
G1 X-34.784 Y20.666 E2244.26965 F3000
G1 X-34.806 Y21.242 E2244.36545 F3000
G1 X-34.793 Y21.864 E2244.46887 F3000
G1 X-34.794 Y22.078 E2244.50457 F3000
G1 X-34.728 Y22.729 E2244.61336 F3000
G1 X-34.712 Y22.980 E2244.65523 F3000
G1 X-34.668 Y23.267 E2244.70345 F3000
G1 X-34.536 Y23.934 E2244.81653 F3000
G1 X-34.465 Y24.300 E2244.87858 F3000
G1 X-34.319 Y24.912 E2244.98309 F3000
G1 X-34.193 Y25.435 E2245.07264 F3000
G1 X-34.109 Y25.888 E2245.14932 F3000
G1 X-34.025 Y26.315 E2245.22167 F3000
G1 X-33.948 Y26.847 E2245.31100 F3000
G1 X-33.903 Y27.483 E2245.41704 F3000
G1 X-33.874 Y27.778 E2245.46631 F3000
G1 X-33.843 Y28.431 E2245.57500 F3000
G1 X-33.830 Y28.634 E2245.60887 F3000
G1 X-33.818 Y28.789 E2245.63481 F3000
G1 X-33.766 Y29.365 E2245.73099 F3000
G1 X-33.745 Y29.463 E2245.74759 F3000
G1 X-33.630 Y29.920 E2245.82590 F3000
G1 X-33.419 Y30.183 E2245.88203 F3000
G1 X-33.378 Y30.243 E2245.89406 F3000
G1 X-33.012 Y30.356 E2245.95786 F3000
G1 X-32.914 Y30.390 E2245.97516 F3000
G1 X-32.719 Y30.398 E2246.00759 F3000
G1 X-32.140 Y30.419 E2246.10396 F3000
G1 X-31.720 Y30.406 E2246.17374 F3000
G1 X-30.957 Y30.383 E2246.30063 F3000
G1 X-30.103 Y30.361 E2246.44286 F3000
G1 X-29.263 Y30.341 E2246.58247 F3000
G1 X-28.495 Y30.323 E2246.71028 F3000
G1 X-27.263 Y30.295 E2246.91528 F3000
G1 X-25.554 Y30.259 E2247.19947 F3000
G1 X-25.162 Y30.250 E2247.26475 F3000
G1 X-23.241 Y30.210 E2247.58415 F3000
G1 X-23.169 Y30.208 E2247.59620 F3000
G1 X-23.122 Y30.207 E2247.60407 F3000
G1 X-22.680 Y30.198 E2247.67758 F3000
G1 X-21.609 Y30.180 E2247.85559 F3000
G1 X-21.499 Y30.178 E2247.87400 F3000
G1 X-20.188 Y30.158 E2248.09200 F3000
G1 X-19.962 Y30.155 E2248.12962 F3000
G1 X-19.692 Y30.152 E2248.17457 F3000
G1 X-18.371 Y30.134 E2248.39418 F3000
G1 X-17.916 Y30.130 E2248.46992 F3000
G1 X-16.542 Y30.116 E2248.69839 F3000
G1 X-15.071 Y30.103 E2248.94298 F3000
G1 X-14.290 Y30.097 E2249.07285 F3000
G1 X-12.821 Y30.087 E2249.31725 F3000
G1 X-11.809 Y30.080 E2249.48543 F3000
G1 X-10.656 Y30.073 E2249.67733 F3000
G1 X-9.291 Y30.064 E2249.90434 F3000
G1 X-8.066 Y30.058 E2250.10797 F3000
G1 X-6.923 Y30.050 E2250.29804 F3000
G1 X-6.039 Y30.045 E2250.44508 F3000
G1 X-4.895 Y30.039 E2250.63524 F3000
G1 X-4.191 Y30.035 E2250.75241 F3000
G1 X-3.122 Y30.029 E2250.93012 F3000
G1 X-2.101 Y30.026 E2251.09995 F3000
G1 X-1.519 Y30.023 E2251.19680 F3000
G1 X-0.531 Y30.022 E2251.36114 F3000
G1 X0.000 Y30.021 E2251.44937 F3000
G1 X0.531 Y30.022 E2251.53761 F3000
G1 X1.519 Y30.023 E2251.70195 F3000
G1 X2.101 Y30.026 E2251.79879 F3000
G1 X3.122 Y30.029 E2251.96862 F3000
G1 X4.191 Y30.035 E2252.14634 F3000
G1 X4.895 Y30.039 E2252.26350 F3000
G1 X6.039 Y30.045 E2252.45366 F3000
G1 X6.923 Y30.050 E2252.60071 F3000
G1 X8.066 Y30.058 E2252.79078 F3000
G1 X9.291 Y30.064 E2252.99441 F3000
G1 X10.656 Y30.073 E2253.22142 F3000
G1 X11.809 Y30.080 E2253.41332 F3000
G1 X12.821 Y30.087 E2253.58150 F3000
G1 X14.290 Y30.097 E2253.82590 F3000
G1 X15.071 Y30.103 E2253.95576 F3000
G1 X16.542 Y30.116 E2254.20035 F3000
G1 X17.916 Y30.130 E2254.42883 F3000
G1 X18.371 Y30.134 E2254.50457 F3000
G1 X19.692 Y30.152 E2254.72417 F3000
G1 X19.962 Y30.155 E2254.76912 F3000
G1 X20.188 Y30.158 E2254.80675 F3000
G1 X21.499 Y30.178 E2255.02475 F3000
G1 X21.609 Y30.180 E2255.04316 F3000
G1 X22.680 Y30.198 E2255.22116 F3000
G1 X23.122 Y30.207 E2255.29468 F3000
G1 X23.169 Y30.208 E2255.30254 F3000
G1 X23.241 Y30.210 E2255.31459 F3000
G1 X25.162 Y30.250 E2255.63400 F3000
G1 X25.554 Y30.259 E2255.69928 F3000
G1 X27.263 Y30.295 E2255.98347 F3000
G1 X28.495 Y30.323 E2256.18846 F3000
G1 X29.263 Y30.341 E2256.31628 F3000
G1 X30.103 Y30.361 E2256.45589 F3000
G1 X30.957 Y30.383 E2256.59811 F3000
G1 X31.720 Y30.406 E2256.72501 F3000
G1 X32.140 Y30.419 E2256.79479 F3000
G1 X32.719 Y30.398 E2256.89116 F3000
G1 X32.914 Y30.390 E2256.92358 F3000
G1 X33.012 Y30.356 E2256.94089 F3000
G1 X33.378 Y30.243 E2257.00469 F3000
G1 X33.419 Y30.183 E2257.01672 F3000
G1 X33.630 Y29.920 E2257.07285 F3000
G1 X33.745 Y29.463 E2257.15116 F3000
G1 X33.766 Y29.365 E2257.16775 F3000
G1 X33.818 Y28.789 E2257.26394 F3000
G1 X33.830 Y28.634 E2257.28988 F3000
G1 X33.843 Y28.431 E2257.32375 F3000
G1 X33.874 Y27.778 E2257.43244 F3000
G1 X33.903 Y27.483 E2257.48171 F3000
G1 X33.948 Y26.847 E2257.58774 F3000
G1 X34.025 Y26.315 E2257.67708 F3000
G1 X34.109 Y25.888 E2257.74943 F3000
G1 X34.193 Y25.435 E2257.82611 F3000
G1 X34.319 Y24.912 E2257.91566 F3000
G1 X34.465 Y24.300 E2258.02017 F3000
G1 X34.536 Y23.934 E2258.08222 F3000
G1 X34.668 Y23.267 E2258.19530 F3000
G1 X34.712 Y22.980 E2258.24352 F3000
G1 X34.728 Y22.729 E2258.28539 F3000
G1 X34.794 Y22.078 E2258.39418 F3000
G1 X34.793 Y21.864 E2258.42988 F3000
G1 X34.806 Y21.242 E2258.53330 F3000
G1 X34.784 Y20.666 E2258.62910 F3000
G1 X34.775 Y20.482 E2258.65983 F3000
G1 X34.742 Y19.977 E2258.74387 F3000
G1 X34.731 Y19.807 E2258.77230 F3000
G1 X34.724 Y19.652 E2258.79800 F3000
G1 X34.701 Y19.227 E2258.86882 F3000
G1 X34.697 Y19.083 E2258.89275 F3000
G1 X34.683 Y18.703 E2258.95601 F3000
G1 X34.673 Y18.335 E2259.01730 F3000
G1 X34.672 Y18.196 E2259.04041 F3000
G1 X34.663 Y17.806 E2259.10528 F3000
G1 X34.663 Y17.666 E2259.12855 F3000
G1 X34.664 Y17.515 E2259.15364 F3000
G1 X34.654 Y17.074 E2259.22704 F3000
G1 X34.644 Y16.920 E2259.25268 F3000
G1 X34.597 Y16.396 E2259.34020 F3000
G1 X34.466 Y15.710 E2259.45624 F3000
G1 X34.448 Y15.609 E2259.47343 F3000
G1 X34.165 Y14.702 E2259.63140 F3000
G1 X34.135 Y14.630 E2259.64427 F3000
G1 X33.761 Y13.754 E2259.80280 F3000
G1 X33.707 Y13.636 E2259.82432 F3000
G1 X33.189 Y12.823 E2259.98457 F3000
G1 X33.014 Y12.566 E2260.03636 F3000
G1 X32.682 Y12.255 E2260.11204 F3000
G1 X32.018 Y11.597 E2260.26743 F3000
G1 X31.309 Y11.210 E2260.40174 F3000
G1 X30.655 Y10.831 E2260.52756 F3000
G1 X30.033 Y10.661 E2260.63476 F3000
G1 X28.855 Y10.361 E2260.83688 F3000
G1 X28.389 Y10.301 E2260.91502 F3000
G1 X26.808 Y10.108 E2261.17995 F3000
G1 X24.753 Y10.001 E2261.52214 F3000
G1 X24.701 Y9.998 E2261.53077 F3000
G1 X24.268 Y9.990 E2261.60281 F3000
; LAYER:56
; Z:56.500
G0 Z56.500 F600
G0 X17.985 Y10.174 F9000
G1 X16.373 Y10.163 E2261.87089 F3000
G1 X16.287 Y10.162 E2261.88514 F3000
G1 X16.173 Y10.162 E2261.90422 F3000
G1 X14.074 Y10.151 E2262.25324 F3000
G1 X13.818 Y10.150 E2262.29578 F3000
G1 X11.635 Y10.141 E2262.65891 F3000
G1 X9.617 Y10.134 E2262.99438 F3000
G1 X9.157 Y10.132 E2263.07099 F3000
G1 X7.350 Y10.126 E2263.37148 F3000
G1 X6.826 Y10.125 E2263.45853 F3000
G1 X6.348 Y10.124 E2263.53802 F3000
G1 X4.829 Y10.118 E2263.79073 F3000
G1 X4.354 Y10.117 E2263.86973 F3000
G1 X3.081 Y10.113 E2264.08144 F3000
G1 X1.979 Y10.111 E2264.26462 F3000
G1 X1.499 Y10.110 E2264.34450 F3000
G1 X0.468 Y10.109 E2264.51584 F3000
G1 X0.000 Y10.109 E2264.59374 F3000
G1 X-0.468 Y10.109 E2264.67164 F3000
G1 X-1.499 Y10.110 E2264.84298 F3000
G1 X-1.979 Y10.111 E2264.92286 F3000
G1 X-3.081 Y10.113 E2265.10604 F3000
G1 X-4.354 Y10.117 E2265.31775 F3000
G1 X-4.829 Y10.118 E2265.39675 F3000
G1 X-6.348 Y10.124 E2265.64946 F3000
G1 X-6.826 Y10.125 E2265.72895 F3000
G1 X-7.350 Y10.126 E2265.81600 F3000
G1 X-9.157 Y10.132 E2266.11649 F3000
G1 X-9.617 Y10.134 E2266.19310 F3000
G1 X-11.635 Y10.141 E2266.52857 F3000
G1 X-13.818 Y10.150 E2266.89170 F3000
G1 X-14.074 Y10.151 E2266.93424 F3000
G1 X-16.173 Y10.162 E2267.28326 F3000
G1 X-16.287 Y10.162 E2267.30234 F3000
G1 X-16.373 Y10.163 E2267.31659 F3000
G1 X-17.985 Y10.174 E2267.58467 F3000
G1 X-18.087 Y10.175 E2267.60159 F3000
G1 X-18.092 Y10.175 E2267.60250 F3000
G1 X-19.659 Y10.196 E2267.86312 F3000
G1 X-20.991 Y10.217 E2268.08455 F3000
G1 X-21.183 Y10.220 E2268.11661 F3000
G1 X-22.509 Y10.244 E2268.33707 F3000
G1 X-22.842 Y10.250 E2268.39255 F3000
G1 X-23.329 Y10.258 E2268.47354 F3000
G1 X-24.820 Y10.286 E2268.72154 F3000
G1 X-25.591 Y10.327 E2268.84998 F3000
G1 X-26.928 Y10.397 E2269.07251 F3000
G1 X-27.956 Y10.522 E2269.24481 F3000
G1 X-28.976 Y10.654 E2269.41584 F3000
G1 X-29.663 Y10.829 E2269.53365 F3000
G1 X-30.777 Y11.134 E2269.72583 F3000
G1 X-31.951 Y11.814 E2269.95139 F3000
G1 X-32.144 Y11.919 E2269.98785 F3000
G1 X-32.859 Y12.628 E2270.15535 F3000
G1 X-33.146 Y12.913 E2270.22266 F3000
G1 X-33.715 Y13.789 E2270.39639 F3000
G1 X-33.854 Y14.009 E2270.43962 F3000
G1 X-34.163 Y14.714 E2270.56768 F3000
G1 X-34.319 Y15.080 E2270.63390 F3000
G1 X-34.444 Y15.495 E2270.70597 F3000
G1 X-34.602 Y16.001 E2270.79399 F3000
G1 X-34.678 Y16.433 E2270.86696 F3000
G1 X-34.745 Y16.786 E2270.92673 F3000
G1 X-34.769 Y17.056 E2270.97180 F3000
G1 X-34.795 Y17.460 E2271.03909 F3000
G1 X-34.800 Y17.675 E2271.07500 F3000
G1 X-34.799 Y18.049 E2271.13710 F3000
G1 X-34.798 Y18.395 E2271.19468 F3000
G1 X-34.802 Y18.581 E2271.22559 F3000
G1 X-34.805 Y18.917 E2271.28141 F3000
G1 X-34.810 Y19.094 E2271.31097 F3000
G1 X-34.817 Y19.278 E2271.34148 F3000
G1 X-34.826 Y19.627 E2271.39959 F3000
G1 X-34.838 Y19.837 E2271.43458 F3000
G1 X-34.855 Y20.217 E2271.49778 F3000
G1 X-34.883 Y20.636 E2271.56769 F3000
G1 X-34.900 Y20.902 E2271.61197 F3000
G1 X-34.922 Y21.359 E2271.68817 F3000
G1 X-34.934 Y21.670 E2271.73980 F3000
G1 X-34.927 Y22.005 E2271.79552 F3000
G1 X-34.928 Y22.509 E2271.87933 F3000
G1 X-34.892 Y22.860 E2271.93804 F3000
G1 X-34.857 Y23.406 E2272.02903 F3000
G1 X-34.762 Y24.029 E2272.13382 F3000
G1 X-34.699 Y24.345 E2272.18740 F3000
G1 X-34.560 Y25.064 E2272.30929 F3000
G1 X-34.503 Y25.301 E2272.34981 F3000
G1 X-34.454 Y25.504 E2272.38454 F3000
G1 X-34.315 Y26.256 E2272.51156 F3000
G1 X-34.295 Y26.362 E2272.52963 F3000
G1 X-34.174 Y27.194 E2272.66940 F3000
G1 X-34.164 Y27.343 E2272.69417 F3000
G1 X-34.117 Y28.051 E2272.81218 F3000
G1 X-34.116 Y28.115 E2272.82297 F3000
G1 X-34.084 Y28.849 E2272.94507 F3000
G1 X-34.081 Y28.969 E2272.96496 F3000
G1 X-34.070 Y29.085 E2272.98449 F3000
G1 X-34.017 Y29.700 E2273.08707 F3000
G1 X-33.984 Y29.811 E2273.10635 F3000
G1 X-33.873 Y30.255 E2273.18240 F3000
G1 X-33.661 Y30.515 E2273.23820 F3000
G1 X-33.604 Y30.576 E2273.25217 F3000
G1 X-33.188 Y30.702 E2273.32435 F3000
G1 X-33.117 Y30.721 E2273.33653 F3000
G1 X-33.021 Y30.724 E2273.35263 F3000
G1 X-32.322 Y30.745 E2273.46893 F3000
G1 X-32.284 Y30.744 E2273.47525 F3000
G1 X-31.978 Y30.733 E2273.52609 F3000
G1 X-31.123 Y30.707 E2273.66830 F3000
G1 X-29.736 Y30.672 E2273.89912 F3000
G1 X-29.420 Y30.664 E2273.95163 F3000
G1 X-28.037 Y30.631 E2274.18167 F3000
G1 X-27.415 Y30.617 E2274.28525 F3000
G1 X-26.552 Y30.599 E2274.42883 F3000
G1 X-25.311 Y30.571 E2274.63512 F3000
G1 X-24.176 Y30.547 E2274.82389 F3000
G1 X-23.317 Y30.528 E2274.96685 F3000
G1 X-22.756 Y30.515 E2275.06017 F3000
G1 X-21.641 Y30.492 E2275.24567 F3000
G1 X-21.269 Y30.484 E2275.30751 F3000
G1 X-20.095 Y30.461 E2275.50272 F3000
G1 X-18.649 Y30.437 E2275.74324 F3000
G1 X-18.494 Y30.434 E2275.76901 F3000
G1 X-16.676 Y30.410 E2276.07145 F3000
G1 X-16.652 Y30.410 E2276.07542 F3000
G1 X-16.293 Y30.406 E2276.13522 F3000
G1 X-14.510 Y30.391 E2276.43170 F3000
G1 X-14.386 Y30.390 E2276.45228 F3000
G1 X-12.180 Y30.374 E2276.81924 F3000
G1 X-11.889 Y30.372 E2276.86757 F3000
G1 X-11.557 Y30.370 E2276.92273 F3000
G1 X-9.353 Y30.356 E2277.28931 F3000
G1 X-8.892 Y30.353 E2277.36600 F3000
G1 X-6.969 Y30.341 E2277.68570 F3000
G1 X-5.482 Y30.332 E2277.93303 F3000
G1 X-4.928 Y30.329 E2278.02518 F3000
G1 X-3.693 Y30.322 E2278.23052 F3000
G1 X-3.143 Y30.319 E2278.32204 F3000
G1 X-2.617 Y30.317 E2278.40949 F3000
G1 X-1.529 Y30.313 E2278.59048 F3000
G1 X-1.002 Y30.312 E2278.67806 F3000
G1 X0.000 Y30.311 E2278.84473 F3000
G1 X1.002 Y30.312 E2279.01139 F3000
G1 X1.529 Y30.313 E2279.09897 F3000
G1 X2.617 Y30.317 E2279.27997 F3000
G1 X3.143 Y30.319 E2279.36742 F3000
G1 X3.693 Y30.322 E2279.45893 F3000
G1 X4.928 Y30.329 E2279.66427 F3000
G1 X5.482 Y30.332 E2279.75642 F3000
G1 X6.969 Y30.341 E2280.00376 F3000
G1 X8.892 Y30.353 E2280.32345 F3000
G1 X9.353 Y30.356 E2280.40014 F3000
G1 X11.557 Y30.370 E2280.76673 F3000
G1 X11.889 Y30.372 E2280.82188 F3000
G1 X12.180 Y30.374 E2280.87022 F3000
G1 X14.386 Y30.390 E2281.23718 F3000
G1 X14.510 Y30.391 E2281.25775 F3000
G1 X16.293 Y30.406 E2281.55424 F3000
G1 X16.627 Y30.409 E2281.60984 F3000
G1 X16.676 Y30.410 E2281.61800 F3000
G1 X18.494 Y30.434 E2281.92044 F3000
G1 X18.649 Y30.437 E2281.94621 F3000
G1 X20.095 Y30.461 E2282.18673 F3000
G1 X21.269 Y30.484 E2282.38194 F3000
G1 X21.641 Y30.492 E2282.44378 F3000
G1 X22.756 Y30.515 E2282.62928 F3000
G1 X23.317 Y30.528 E2282.72260 F3000
G1 X24.176 Y30.547 E2282.86556 F3000
G1 X25.311 Y30.571 E2283.05434 F3000
G1 X26.552 Y30.599 E2283.26063 F3000
G1 X27.415 Y30.617 E2283.40421 F3000
G1 X28.037 Y30.631 E2283.50778 F3000
G1 X29.420 Y30.664 E2283.73782 F3000
G1 X29.736 Y30.672 E2283.79033 F3000
G1 X31.123 Y30.707 E2284.02115 F3000
G1 X31.978 Y30.733 E2284.16337 F3000
G1 X32.284 Y30.744 E2284.21421 F3000
G1 X33.021 Y30.724 E2284.33681 F3000
G1 X33.117 Y30.721 E2284.35291 F3000
G1 X33.188 Y30.702 E2284.36509 F3000
G1 X33.604 Y30.576 E2284.43727 F3000
G1 X33.661 Y30.515 E2284.45124 F3000
G1 X33.873 Y30.255 E2284.50704 F3000
G1 X33.984 Y29.811 E2284.58309 F3000
G1 X34.017 Y29.700 E2284.60237 F3000
G1 X34.070 Y29.085 E2284.70496 F3000
G1 X34.081 Y28.969 E2284.72448 F3000
G1 X34.084 Y28.849 E2284.74437 F3000
G1 X34.116 Y28.115 E2284.86647 F3000
G1 X34.117 Y28.051 E2284.87726 F3000
G1 X34.164 Y27.343 E2284.99527 F3000
G1 X34.174 Y27.194 E2285.02004 F3000
G1 X34.295 Y26.362 E2285.15981 F3000
G1 X34.315 Y26.256 E2285.17788 F3000
G1 X34.454 Y25.504 E2285.30490 F3000
G1 X34.503 Y25.301 E2285.33963 F3000
G1 X34.560 Y25.064 E2285.38015 F3000
G1 X34.699 Y24.345 E2285.50204 F3000
G1 X34.762 Y24.029 E2285.55562 F3000
G1 X34.857 Y23.406 E2285.66041 F3000
G1 X34.892 Y22.860 E2285.75140 F3000
G1 X34.928 Y22.509 E2285.81011 F3000
G1 X34.927 Y22.005 E2285.89392 F3000
G1 X34.934 Y21.670 E2285.94964 F3000
G1 X34.922 Y21.359 E2286.00127 F3000
G1 X34.900 Y20.902 E2286.07747 F3000
G1 X34.883 Y20.636 E2286.12175 F3000
G1 X34.855 Y20.217 E2286.19166 F3000
G1 X34.838 Y19.837 E2286.25486 F3000
G1 X34.826 Y19.627 E2286.28985 F3000
G1 X34.817 Y19.278 E2286.34796 F3000
G1 X34.810 Y19.094 E2286.37847 F3000
G1 X34.805 Y18.917 E2286.40803 F3000
G1 X34.802 Y18.581 E2286.46385 F3000
G1 X34.798 Y18.395 E2286.49476 F3000
G1 X34.799 Y18.049 E2286.55234 F3000
G1 X34.800 Y17.675 E2286.61444 F3000
G1 X34.795 Y17.460 E2286.65035 F3000
G1 X34.769 Y17.056 E2286.71764 F3000
G1 X34.745 Y16.786 E2286.76271 F3000
G1 X34.678 Y16.433 E2286.82248 F3000
G1 X34.602 Y16.001 E2286.89545 F3000
G1 X34.444 Y15.495 E2286.98347 F3000
G1 X34.319 Y15.080 E2287.05554 F3000
G1 X34.163 Y14.714 E2287.12176 F3000
G1 X33.854 Y14.009 E2287.24982 F3000
G1 X33.715 Y13.789 E2287.29305 F3000
G1 X33.146 Y12.913 E2287.46678 F3000
G1 X32.859 Y12.628 E2287.53409 F3000
G1 X32.144 Y11.919 E2287.70159 F3000
G1 X31.951 Y11.814 E2287.73805 F3000
G1 X30.777 Y11.134 E2287.96361 F3000
G1 X29.663 Y10.829 E2288.15579 F3000
G1 X28.976 Y10.654 E2288.27360 F3000
G1 X27.956 Y10.522 E2288.44463 F3000
G1 X26.928 Y10.397 E2288.61693 F3000
G1 X25.592 Y10.327 E2288.83946 F3000
G1 X24.820 Y10.286 E2288.96790 F3000
G1 X23.329 Y10.258 E2289.21590 F3000
G1 X22.842 Y10.250 E2289.29689 F3000
G1 X22.509 Y10.244 E2289.35237 F3000
G1 X21.183 Y10.220 E2289.57283 F3000
G1 X20.991 Y10.217 E2289.60489 F3000
G1 X19.659 Y10.196 E2289.82633 F3000
G1 X18.092 Y10.175 E2290.08694 F3000
G1 X18.087 Y10.175 E2290.08785 F3000
G1 X17.985 Y10.174 E2290.10477 F3000
; LAYER:57
; Z:57.500
G0 Z57.500 F600
G0 X27.567 Y30.939 F9000
G1 X27.549 Y30.939 E2290.10775 F3000
G1 X25.461 Y30.892 E2290.45504 F3000
G1 X25.112 Y30.884 E2290.51320 F3000
G1 X23.465 Y30.848 E2290.78706 F3000
G1 X22.390 Y30.824 E2290.96583 F3000
G1 X21.786 Y30.811 E2291.06630 F3000
G1 X20.936 Y30.793 E2291.20773 F3000
G1 X20.237 Y30.780 E2291.32409 F3000
G1 X19.375 Y30.765 E2291.46745 F3000
G1 X18.628 Y30.752 E2291.59157 F3000
G1 X17.474 Y30.737 E2291.78356 F3000
G1 X16.775 Y30.727 E2291.89979 F3000
G1 X16.039 Y30.718 E2292.02226 F3000
G1 X14.492 Y30.702 E2292.27960 F3000
G1 X13.855 Y30.696 E2292.38547 F3000
G1 X11.974 Y30.678 E2292.69823 F3000
G1 X9.780 Y30.660 E2293.06317 F3000
G1 X9.419 Y30.657 E2293.12327 F3000
G1 X7.200 Y30.639 E2293.49230 F3000
G1 X7.017 Y30.637 E2293.52267 F3000
G1 X6.878 Y30.636 E2293.54584 F3000
G1 X4.961 Y30.621 E2293.86461 F3000
G1 X4.927 Y30.620 E2293.87029 F3000
G1 X4.075 Y30.614 E2294.01190 F3000
G1 X3.196 Y30.609 E2294.15817 F3000
G1 X3.164 Y30.609 E2294.16348 F3000
G1 X3.133 Y30.609 E2294.16856 F3000
G1 X1.539 Y30.603 E2294.43370 F3000
G1 X1.474 Y30.603 E2294.44452 F3000
G1 X0.000 Y30.601 E2294.68961 F3000
G1 X-1.474 Y30.603 E2294.93470 F3000
G1 X-1.539 Y30.603 E2294.94553 F3000
G1 X-3.133 Y30.609 E2295.21067 F3000
G1 X-3.196 Y30.609 E2295.22106 F3000
G1 X-4.075 Y30.614 E2295.36733 F3000
G1 X-4.927 Y30.620 E2295.50894 F3000
G1 X-6.878 Y30.636 E2295.83338 F3000
G1 X-7.017 Y30.637 E2295.85656 F3000
G1 X-7.200 Y30.639 E2295.88693 F3000
G1 X-9.419 Y30.657 E2296.25595 F3000
G1 X-9.780 Y30.660 E2296.31606 F3000
G1 X-11.974 Y30.678 E2296.68100 F3000
G1 X-13.855 Y30.696 E2296.99376 F3000
G1 X-14.492 Y30.702 E2297.09963 F3000
G1 X-16.039 Y30.718 E2297.35697 F3000
G1 X-16.775 Y30.727 E2297.47944 F3000
G1 X-17.474 Y30.737 E2297.59567 F3000
G1 X-18.628 Y30.752 E2297.78765 F3000
G1 X-19.375 Y30.765 E2297.91177 F3000
G1 X-20.237 Y30.780 E2298.05514 F3000
G1 X-20.936 Y30.793 E2298.17149 F3000
G1 X-21.786 Y30.811 E2298.31292 F3000
G1 X-22.390 Y30.824 E2298.41339 F3000
G1 X-23.465 Y30.848 E2298.59217 F3000
G1 X-25.112 Y30.884 E2298.86603 F3000
G1 X-25.461 Y30.892 E2298.92418 F3000
G1 X-27.549 Y30.939 E2299.27148 F3000
G1 X-27.580 Y30.940 E2299.27660 F3000
G1 X-27.669 Y30.942 E2299.29137 F3000
G1 X-29.582 Y30.994 E2299.60966 F3000
G1 X-29.892 Y31.003 E2299.66123 F3000
G1 X-31.299 Y31.044 E2299.89536 F3000
G1 X-32.051 Y31.070 E2300.02042 F3000
G1 X-32.517 Y31.086 E2300.09796 F3000
G1 X-32.936 Y31.073 E2300.16777 F3000
G1 X-33.332 Y31.063 E2300.23368 F3000
G1 X-33.622 Y30.984 E2300.28352 F3000
G1 X-33.839 Y30.918 E2300.32122 F3000
G1 X-34.018 Y30.729 E2300.36457 F3000
G1 X-34.124 Y30.597 E2300.39278 F3000
G1 X-34.181 Y30.373 E2300.43124 F3000
G1 X-34.279 Y30.042 E2300.48853 F3000
G1 X-34.306 Y29.728 E2300.54110 F3000
G1 X-34.346 Y29.313 E2300.61039 F3000
G1 X-34.356 Y28.889 E2300.68096 F3000
G1 X-34.375 Y28.465 E2300.75151 F3000
G1 X-34.383 Y28.085 E2300.81464 F3000
G1 X-34.418 Y27.553 E2300.90338 F3000
G1 X-34.510 Y26.888 E2301.01500 F3000
G1 X-34.532 Y26.628 E2301.05832 F3000
G1 X-34.675 Y25.834 E2301.19259 F3000
G1 X-34.692 Y25.693 E2301.21617 F3000
G1 X-34.705 Y25.583 E2301.23457 F3000
G1 X-34.863 Y24.756 E2301.37466 F3000
G1 X-34.934 Y24.280 E2301.45453 F3000
G1 X-35.002 Y23.832 E2301.53007 F3000
G1 X-35.057 Y22.991 E2301.67018 F3000
G1 X-35.062 Y22.939 E2301.67882 F3000
G1 X-35.060 Y22.146 E2301.81072 F3000
G1 X-35.061 Y22.098 E2301.81877 F3000
G1 X-35.059 Y22.053 E2301.82622 F3000
G1 X-35.025 Y21.322 E2301.94789 F3000
G1 X-35.023 Y21.295 E2301.95240 F3000
G1 X-34.980 Y20.626 E2302.06379 F3000
G1 X-34.962 Y20.252 E2302.12616 F3000
G1 X-34.952 Y20.032 E2302.16275 F3000
G1 X-34.939 Y19.500 E2302.25130 F3000
G1 X-34.938 Y19.469 E2302.25642 F3000
G1 X-34.934 Y18.965 E2302.34030 F3000
G1 X-34.935 Y18.431 E2302.42911 F3000
G1 X-34.937 Y17.855 E2302.52478 F3000
G1 X-34.920 Y17.574 E2302.57163 F3000
G1 X-34.895 Y17.192 E2302.63537 F3000
G1 X-34.890 Y17.155 E2302.64147 F3000
G1 X-34.756 Y16.393 E2302.77023 F3000
G1 X-34.723 Y16.289 E2302.78830 F3000
G1 X-34.476 Y15.469 E2302.93081 F3000
G1 X-34.168 Y14.744 E2303.06174 F3000
G1 X-34.009 Y14.384 E2303.12713 F3000
G1 X-33.650 Y13.811 E2303.23960 F3000
G1 X-33.299 Y13.271 E2303.34679 F3000
G1 X-32.570 Y12.545 E2303.51778 F3000
G1 X-32.284 Y12.252 E2303.58596 F3000
G1 X-30.962 Y11.476 E2303.84082 F3000
G1 X-30.902 Y11.439 E2303.85251 F3000
G1 X-30.850 Y11.424 E2303.86157 F3000
G1 X-30.535 Y11.337 E2303.91587 F3000
G1 X-29.293 Y10.996 E2304.13015 F3000
G1 X-29.097 Y10.947 E2304.16365 F3000
G1 X-27.523 Y10.743 E2304.42758 F3000
G1 X-27.048 Y10.685 E2304.50723 F3000
G1 X-26.430 Y10.653 E2304.61010 F3000
G1 X-24.940 Y10.574 E2304.85836 F3000
G1 X-24.103 Y10.558 E2304.99757 F3000
G1 X-22.960 Y10.538 E2305.18755 F3000
G1 X-22.178 Y10.525 E2305.31769 F3000
G1 X-21.299 Y10.509 E2305.46381 F3000
G1 X-20.692 Y10.500 E2305.56482 F3000
G1 X-19.772 Y10.485 E2305.71787 F3000
G1 X-18.689 Y10.471 E2305.89800 F3000
G1 X-18.194 Y10.464 E2305.98034 F3000
G1 X-16.834 Y10.450 E2306.20655 F3000
G1 X-16.381 Y10.446 E2306.28175 F3000
G1 X-15.890 Y10.442 E2306.36347 F3000
G1 X-14.152 Y10.428 E2306.65248 F3000
G1 X-13.743 Y10.426 E2306.72046 F3000
G1 X-11.696 Y10.412 E2307.06088 F3000
G1 X-9.388 Y10.399 E2307.44484 F3000
G1 X-9.203 Y10.398 E2307.47557 F3000
G1 X-6.919 Y10.386 E2307.85535 F3000
G1 X-6.859 Y10.385 E2307.86537 F3000
G1 X-6.812 Y10.385 E2307.87321 F3000
G1 X-5.595 Y10.379 E2308.07559 F3000
G1 X-4.851 Y10.376 E2308.19928 F3000
G1 X-3.095 Y10.371 E2308.49135 F3000
G1 X-1.595 Y10.368 E2308.74076 F3000
G1 X-1.506 Y10.367 E2308.75563 F3000
G1 X-0.095 Y10.366 E2308.99021 F3000
G1 X0.000 Y10.366 E2309.00602 F3000
G1 X0.095 Y10.366 E2309.02183 F3000
G1 X1.506 Y10.367 E2309.25641 F3000
G1 X1.595 Y10.368 E2309.27128 F3000
G1 X3.095 Y10.371 E2309.52069 F3000
G1 X4.828 Y10.376 E2309.80893 F3000
G1 X5.595 Y10.379 E2309.93645 F3000
G1 X6.812 Y10.385 E2310.13883 F3000
G1 X6.859 Y10.385 E2310.14667 F3000
G1 X6.919 Y10.386 E2310.15669 F3000
G1 X9.203 Y10.398 E2310.53647 F3000
G1 X9.388 Y10.399 E2310.56720 F3000
G1 X11.696 Y10.412 E2310.95116 F3000
G1 X13.743 Y10.426 E2311.29158 F3000
G1 X14.152 Y10.428 E2311.35956 F3000
G1 X15.890 Y10.442 E2311.64857 F3000
G1 X16.381 Y10.446 E2311.73030 F3000
G1 X16.834 Y10.450 E2311.80549 F3000
G1 X18.194 Y10.464 E2312.03170 F3000
G1 X18.689 Y10.471 E2312.11405 F3000
G1 X19.772 Y10.485 E2312.29417 F3000
G1 X20.692 Y10.500 E2312.44722 F3000
G1 X21.299 Y10.509 E2312.54823 F3000
G1 X22.178 Y10.525 E2312.69435 F3000
G1 X22.960 Y10.538 E2312.82449 F3000
G1 X24.103 Y10.558 E2313.01447 F3000
G1 X24.940 Y10.574 E2313.15368 F3000
G1 X26.430 Y10.653 E2313.40194 F3000
G1 X27.048 Y10.685 E2313.50482 F3000
G1 X27.523 Y10.743 E2313.58447 F3000
G1 X29.097 Y10.947 E2313.84840 F3000
G1 X29.293 Y10.996 E2313.88189 F3000
G1 X30.535 Y11.337 E2314.09618 F3000
G1 X30.850 Y11.424 E2314.15047 F3000
G1 X30.902 Y11.439 E2314.15953 F3000
G1 X30.962 Y11.476 E2314.17122 F3000
G1 X32.284 Y12.252 E2314.42608 F3000
G1 X32.570 Y12.545 E2314.49426 F3000
G1 X33.299 Y13.271 E2314.66526 F3000
G1 X33.650 Y13.811 E2314.77244 F3000
G1 X34.009 Y14.384 E2314.88491 F3000
G1 X34.168 Y14.744 E2314.95031 F3000
G1 X34.476 Y15.469 E2315.08124 F3000
G1 X34.723 Y16.289 E2315.22374 F3000
G1 X34.756 Y16.393 E2315.24181 F3000
G1 X34.890 Y17.155 E2315.37057 F3000
G1 X34.894 Y17.176 E2315.37405 F3000
G1 X34.895 Y17.192 E2315.37668 F3000
G1 X34.920 Y17.574 E2315.44042 F3000
G1 X34.938 Y17.845 E2315.48554 F3000
G1 X34.935 Y18.431 E2315.58294 F3000
G1 X34.935 Y18.944 E2315.66837 F3000
G1 X34.938 Y19.469 E2315.75563 F3000
G1 X34.938 Y19.484 E2315.75819 F3000
G1 X34.952 Y20.026 E2315.84835 F3000
G1 X34.962 Y20.252 E2315.88590 F3000
G1 X34.980 Y20.626 E2315.94827 F3000
G1 X35.023 Y21.295 E2316.05965 F3000
G1 X35.025 Y21.322 E2316.06417 F3000
G1 X35.059 Y22.053 E2316.18584 F3000
G1 X35.061 Y22.098 E2316.19329 F3000
G1 X35.060 Y22.146 E2316.20133 F3000
G1 X35.062 Y22.939 E2316.33324 F3000
G1 X35.057 Y22.991 E2316.34188 F3000
G1 X35.002 Y23.832 E2316.48199 F3000
G1 X34.934 Y24.280 E2316.55752 F3000
G1 X34.866 Y24.725 E2316.63232 F3000
G1 X34.705 Y25.583 E2316.77747 F3000
G1 X34.692 Y25.693 E2316.79587 F3000
G1 X34.675 Y25.834 E2316.81945 F3000
G1 X34.532 Y26.628 E2316.95372 F3000
G1 X34.510 Y26.888 E2316.99704 F3000
G1 X34.418 Y27.553 E2317.10866 F3000
G1 X34.383 Y28.085 E2317.19740 F3000
G1 X34.375 Y28.465 E2317.26053 F3000
G1 X34.356 Y28.889 E2317.33108 F3000
G1 X34.346 Y29.313 E2317.40165 F3000
G1 X34.306 Y29.728 E2317.47094 F3000
G1 X34.279 Y30.042 E2317.52351 F3000
G1 X34.181 Y30.373 E2317.58080 F3000
G1 X34.124 Y30.597 E2317.61926 F3000
G1 X34.018 Y30.729 E2317.64747 F3000
G1 X33.839 Y30.918 E2317.69082 F3000
G1 X33.622 Y30.984 E2317.72852 F3000
G1 X33.332 Y31.063 E2317.77837 F3000
G1 X32.936 Y31.073 E2317.84427 F3000
G1 X32.517 Y31.086 E2317.91408 F3000
G1 X32.051 Y31.070 E2317.99162 F3000
G1 X31.299 Y31.044 E2318.11668 F3000
G1 X29.892 Y31.003 E2318.35081 F3000
G1 X29.582 Y30.994 E2318.40238 F3000
G1 X27.669 Y30.942 E2318.72067 F3000
G1 X27.567 Y30.939 E2318.73759 F3000
; LAYER:58
; Z:58.500
G0 Z58.500 F600
G0 X25.617 Y31.222 F9000
G1 X27.056 Y31.259 E2318.97689 F3000
G1 X27.730 Y31.278 E2319.08908 F3000
G1 X28.631 Y31.303 E2319.23904 F3000
G1 X29.750 Y31.333 E2319.42520 F3000
G1 X30.841 Y31.366 E2319.60660 F3000
G1 X31.477 Y31.384 E2319.71255 F3000
G1 X31.818 Y31.396 E2319.76914 F3000
G1 X32.712 Y31.427 E2319.91790 F3000
G1 X32.852 Y31.422 E2319.94123 F3000
G1 X33.547 Y31.404 E2320.05694 F3000
G1 X34.055 Y31.266 E2320.14445 F3000
G1 X34.374 Y30.942 E2320.21998 F3000
G1 X34.376 Y30.939 E2320.22061 F3000
G1 X34.377 Y30.934 E2320.22147 F3000
G1 X34.540 Y30.385 E2320.31677 F3000
G1 X34.542 Y30.370 E2320.31933 F3000
G1 X34.610 Y29.657 E2320.43839 F3000
G1 X34.628 Y28.928 E2320.55964 F3000
G1 X34.633 Y28.814 E2320.57863 F3000
G1 X34.649 Y28.120 E2320.69410 F3000
G1 X34.662 Y27.912 E2320.72873 F3000
G1 X34.698 Y27.652 E2320.77229 F3000
G1 X34.753 Y27.004 E2320.88054 F3000
G1 X34.824 Y26.612 E2320.94684 F3000
G1 X34.887 Y26.087 E2321.03475 F3000
G1 X34.935 Y25.677 E2321.10332 F3000
G1 X35.033 Y25.166 E2321.18994 F3000
G1 X35.064 Y24.829 E2321.24613 F3000
G1 X35.152 Y24.253 E2321.34310 F3000
G1 X35.191 Y23.640 E2321.44520 F3000
G1 X35.200 Y23.363 E2321.49130 F3000
G1 X35.199 Y22.780 E2321.58818 F3000
G1 X35.194 Y22.517 E2321.63199 F3000
G1 X35.182 Y22.252 E2321.67610 F3000
G1 X35.158 Y21.732 E2321.76274 F3000
G1 X35.143 Y21.467 E2321.80685 F3000
G1 X35.115 Y21.024 E2321.88071 F3000
G1 X35.099 Y20.662 E2321.94082 F3000
G1 X35.090 Y20.411 E2321.98259 F3000
G1 X35.082 Y20.101 E2322.03421 F3000
G1 X35.079 Y19.860 E2322.07432 F3000
G1 X35.081 Y19.620 E2322.11429 F3000
G1 X35.079 Y19.334 E2322.16179 F3000
G1 X35.085 Y19.087 E2322.20285 F3000
G1 X35.085 Y18.798 E2322.25087 F3000
G1 X35.086 Y18.475 E2322.30466 F3000
G1 X35.095 Y18.217 E2322.34755 F3000
G1 X35.069 Y17.830 E2322.41200 F3000
G1 X35.058 Y17.556 E2322.45767 F3000
G1 X35.011 Y17.267 E2322.50638 F3000
G1 X34.923 Y16.780 E2322.58865 F3000
G1 X34.845 Y16.520 E2322.63387 F3000
G1 X34.641 Y15.856 E2322.74929 F3000
G1 X34.209 Y14.861 E2322.92977 F3000
G1 X34.172 Y14.774 E2322.94539 F3000
G1 X33.585 Y13.834 E2323.12979 F3000
G1 X33.451 Y13.629 E2323.17043 F3000
G1 X33.175 Y13.354 E2323.23527 F3000
G1 X32.433 Y12.593 E2323.41210 F3000
G1 X31.705 Y12.165 E2323.55253 F3000
G1 X31.048 Y11.766 E2323.68034 F3000
G1 X30.476 Y11.600 E2323.77933 F3000
G1 X29.232 Y11.255 E2323.99403 F3000
G1 X28.878 Y11.206 E2324.05343 F3000
G1 X27.171 Y10.977 E2324.33983 F3000
G1 X26.464 Y10.936 E2324.45768 F3000
G1 X25.059 Y10.861 E2324.69166 F3000
G1 X24.876 Y10.858 E2324.72210 F3000
G1 X23.078 Y10.827 E2325.02105 F3000
G1 X21.847 Y10.806 E2325.22585 F3000
G1 X21.416 Y10.798 E2325.29764 F3000
G1 X20.394 Y10.782 E2325.46760 F3000
G1 X19.885 Y10.774 E2325.55226 F3000
G1 X19.285 Y10.766 E2325.65190 F3000
G1 X18.301 Y10.753 E2325.81568 F3000
G1 X17.489 Y10.745 E2325.95070 F3000
G1 X16.480 Y10.735 E2326.11853 F3000
G1 X15.383 Y10.726 E2326.30092 F3000
G1 X14.238 Y10.717 E2326.49133 F3000
G1 X13.164 Y10.709 E2326.66994 F3000
G1 X11.768 Y10.701 E2326.90216 F3000
G1 X10.193 Y10.691 E2327.16407 F3000
G1 X9.259 Y10.686 E2327.31938 F3000
G1 X7.658 Y10.677 E2327.58569 F3000
G1 X6.901 Y10.672 E2327.71159 F3000
G1 X6.309 Y10.669 E2327.81003 F3000
G1 X4.880 Y10.661 E2328.04761 F3000
G1 X4.426 Y10.659 E2328.12318 F3000
G1 X3.113 Y10.653 E2328.34151 F3000
G1 X1.865 Y10.648 E2328.54906 F3000
G1 X1.514 Y10.647 E2328.60736 F3000
G1 X0.316 Y10.645 E2328.80656 F3000
G1 X0.000 Y10.645 E2328.85917 F3000
G1 X-0.316 Y10.645 E2328.91177 F3000
G1 X-1.514 Y10.647 E2329.11098 F3000
G1 X-1.865 Y10.648 E2329.16928 F3000
G1 X-3.113 Y10.653 E2329.37682 F3000
G1 X-4.426 Y10.659 E2329.59515 F3000
G1 X-4.880 Y10.661 E2329.67073 F3000
G1 X-6.309 Y10.669 E2329.90831 F3000
G1 X-6.901 Y10.672 E2330.00674 F3000
G1 X-7.658 Y10.677 E2330.13265 F3000
G1 X-9.259 Y10.686 E2330.39895 F3000
G1 X-10.193 Y10.691 E2330.55426 F3000
G1 X-11.768 Y10.701 E2330.81618 F3000
G1 X-13.164 Y10.709 E2331.04840 F3000
G1 X-14.238 Y10.717 E2331.22701 F3000
G1 X-15.383 Y10.726 E2331.41742 F3000
G1 X-16.480 Y10.735 E2331.59980 F3000
G1 X-17.489 Y10.745 E2331.76763 F3000
G1 X-18.301 Y10.753 E2331.90265 F3000
G1 X-19.285 Y10.766 E2332.06643 F3000
G1 X-19.885 Y10.774 E2332.16607 F3000
G1 X-20.394 Y10.782 E2332.25073 F3000
G1 X-21.416 Y10.798 E2332.42070 F3000
G1 X-21.847 Y10.806 E2332.49249 F3000
G1 X-23.078 Y10.827 E2332.69728 F3000
G1 X-24.876 Y10.858 E2332.99624 F3000
G1 X-25.059 Y10.861 E2333.02667 F3000
G1 X-26.464 Y10.936 E2333.26065 F3000
G1 X-27.171 Y10.977 E2333.37851 F3000
G1 X-28.878 Y11.206 E2333.66491 F3000
G1 X-29.232 Y11.255 E2333.72431 F3000
G1 X-30.476 Y11.600 E2333.93900 F3000
G1 X-31.048 Y11.766 E2334.03800 F3000
G1 X-31.705 Y12.165 E2334.16580 F3000
G1 X-32.433 Y12.593 E2334.30623 F3000
G1 X-33.175 Y13.354 E2334.48307 F3000
G1 X-33.451 Y13.629 E2334.54790 F3000
G1 X-33.585 Y13.834 E2334.58854 F3000
G1 X-34.165 Y14.759 E2334.77026 F3000
G1 X-34.209 Y14.861 E2334.78859 F3000
G1 X-34.641 Y15.856 E2334.96908 F3000
G1 X-34.845 Y16.520 E2335.08449 F3000
G1 X-34.923 Y16.780 E2335.12972 F3000
G1 X-35.011 Y17.267 E2335.21198 F3000
G1 X-35.058 Y17.556 E2335.26070 F3000
G1 X-35.069 Y17.830 E2335.30636 F3000
G1 X-35.095 Y18.217 E2335.37081 F3000
G1 X-35.086 Y18.475 E2335.41371 F3000
G1 X-35.085 Y18.798 E2335.46749 F3000
G1 X-35.085 Y19.087 E2335.51551 F3000
G1 X-35.079 Y19.334 E2335.55657 F3000
G1 X-35.081 Y19.620 E2335.60407 F3000
G1 X-35.079 Y19.860 E2335.64404 F3000
G1 X-35.082 Y20.101 E2335.68415 F3000
G1 X-35.090 Y20.411 E2335.73578 F3000
G1 X-35.099 Y20.662 E2335.77754 F3000
G1 X-35.115 Y21.024 E2335.83766 F3000
G1 X-35.143 Y21.467 E2335.91151 F3000
G1 X-35.158 Y21.732 E2335.95563 F3000
G1 X-35.182 Y22.252 E2336.04227 F3000
G1 X-35.194 Y22.517 E2336.08637 F3000
G1 X-35.199 Y22.780 E2336.13019 F3000
G1 X-35.200 Y23.363 E2336.22707 F3000
G1 X-35.191 Y23.640 E2336.27316 F3000
G1 X-35.152 Y24.253 E2336.37526 F3000
G1 X-35.064 Y24.829 E2336.47223 F3000
G1 X-35.033 Y25.166 E2336.52842 F3000
G1 X-34.935 Y25.677 E2336.61504 F3000
G1 X-34.887 Y26.087 E2336.68361 F3000
G1 X-34.824 Y26.612 E2336.77152 F3000
G1 X-34.753 Y27.004 E2336.83782 F3000
G1 X-34.698 Y27.652 E2336.94607 F3000
G1 X-34.662 Y27.912 E2336.98963 F3000
G1 X-34.649 Y28.120 E2337.02426 F3000
G1 X-34.633 Y28.814 E2337.13973 F3000
G1 X-34.628 Y28.928 E2337.15872 F3000
G1 X-34.610 Y29.657 E2337.27997 F3000
G1 X-34.542 Y30.370 E2337.39904 F3000
G1 X-34.540 Y30.385 E2337.40159 F3000
G1 X-34.377 Y30.934 E2337.49689 F3000
G1 X-34.374 Y30.942 E2337.49834 F3000
G1 X-34.074 Y31.260 E2337.57107 F3000
G1 X-34.055 Y31.266 E2337.57428 F3000
G1 X-33.547 Y31.404 E2337.66180 F3000
G1 X-32.852 Y31.422 E2337.77750 F3000
G1 X-32.712 Y31.427 E2337.80084 F3000
G1 X-31.818 Y31.396 E2337.94960 F3000
G1 X-31.477 Y31.384 E2338.00619 F3000
G1 X-30.841 Y31.366 E2338.11214 F3000
G1 X-29.750 Y31.333 E2338.29354 F3000
G1 X-28.631 Y31.303 E2338.47970 F3000
G1 X-27.730 Y31.278 E2338.62966 F3000
G1 X-27.056 Y31.259 E2338.74185 F3000
G1 X-25.617 Y31.222 E2338.98115 F3000
G1 X-25.254 Y31.212 E2339.04160 F3000
G1 X-23.615 Y31.170 E2339.31420 F3000
G1 X-22.833 Y31.150 E2339.44434 F3000
G1 X-22.025 Y31.132 E2339.57872 F3000
G1 X-21.932 Y31.130 E2339.59416 F3000
G1 X-20.603 Y31.102 E2339.81517 F3000
G1 X-20.378 Y31.098 E2339.85267 F3000
G1 X-20.100 Y31.093 E2339.89888 F3000
G1 X-18.763 Y31.070 E2340.12135 F3000
G1 X-18.272 Y31.063 E2340.20289 F3000
G1 X-16.898 Y31.043 E2340.43137 F3000
G1 X-15.451 Y31.027 E2340.67213 F3000
G1 X-14.599 Y31.018 E2340.81375 F3000
G1 X-13.178 Y31.004 E2341.05005 F3000
G1 X-12.064 Y30.994 E2341.23541 F3000
G1 X-10.763 Y30.983 E2341.45168 F3000
G1 X-9.489 Y30.972 E2341.66362 F3000
G1 X-8.101 Y30.961 E2341.89443 F3000
G1 X-7.069 Y30.952 E2342.06603 F3000
G1 X-6.282 Y30.945 E2342.19699 F3000
G1 X-4.998 Y30.935 E2342.41054 F3000
G1 X-4.392 Y30.931 E2342.51126 F3000
G1 X-3.187 Y30.922 E2342.71168 F3000
G1 X-2.023 Y30.916 E2342.90521 F3000
G1 X-1.550 Y30.913 E2342.98391 F3000
G1 X-0.425 Y30.911 E2343.17096 F3000
G1 X0.000 Y30.910 E2343.24169 F3000
G1 X0.425 Y30.911 E2343.31242 F3000
G1 X1.550 Y30.913 E2343.49947 F3000
G1 X2.023 Y30.916 E2343.57818 F3000
G1 X3.187 Y30.922 E2343.77171 F3000
G1 X4.392 Y30.931 E2343.97213 F3000
G1 X4.998 Y30.935 E2344.07285 F3000
G1 X6.282 Y30.945 E2344.28640 F3000
G1 X7.069 Y30.952 E2344.41736 F3000
G1 X8.101 Y30.961 E2344.58896 F3000
G1 X9.489 Y30.972 E2344.81977 F3000
G1 X10.763 Y30.983 E2345.03170 F3000
G1 X12.064 Y30.994 E2345.24798 F3000
G1 X13.178 Y31.004 E2345.43333 F3000
G1 X14.599 Y31.018 E2345.66963 F3000
G1 X15.451 Y31.027 E2345.81126 F3000
G1 X16.898 Y31.043 E2346.05201 F3000
G1 X18.272 Y31.063 E2346.28050 F3000
G1 X18.763 Y31.070 E2346.36204 F3000
G1 X20.100 Y31.093 E2346.58451 F3000
G1 X20.378 Y31.098 E2346.63071 F3000
G1 X20.603 Y31.102 E2346.66821 F3000
G1 X21.932 Y31.130 E2346.88923 F3000
G1 X22.025 Y31.132 E2346.90467 F3000
G1 X22.833 Y31.150 E2347.03904 F3000
G1 X23.615 Y31.170 E2347.16919 F3000
G1 X25.254 Y31.212 E2347.44179 F3000
G1 X25.617 Y31.222 E2347.50223 F3000
; LAYER:59
; Z:59.500
G0 Z59.500 F600
G0 X25.778 Y31.560 F9000
G1 X26.530 Y31.579 E2347.62735 F3000
G1 X27.893 Y31.616 E2347.85414 F3000
G1 X29.715 Y31.667 E2348.15732 F3000
G1 X29.919 Y31.672 E2348.19114 F3000
G1 X30.893 Y31.701 E2348.35322 F3000
G1 X31.657 Y31.726 E2348.48037 F3000
G1 X32.655 Y31.764 E2348.64651 F3000
G1 X32.911 Y31.773 E2348.68899 F3000
G1 X33.495 Y31.760 E2348.78620 F3000
G1 X33.769 Y31.754 E2348.83182 F3000
G1 X33.983 Y31.702 E2348.86844 F3000
G1 X34.318 Y31.613 E2348.92610 F3000
G1 X34.467 Y31.475 E2348.95986 F3000
G1 X34.639 Y31.293 E2349.00150 F3000
G1 X34.731 Y30.985 E2349.05493 F3000
G1 X34.814 Y30.739 E2349.09820 F3000
G1 X34.855 Y30.306 E2349.17040 F3000
G1 X34.885 Y30.011 E2349.21986 F3000
G1 X34.886 Y29.717 E2349.26860 F3000
G1 X34.899 Y29.169 E2349.35980 F3000
G1 X34.894 Y28.943 E2349.39747 F3000
G1 X34.910 Y28.273 E2349.50883 F3000
G1 X34.975 Y27.391 E2349.65594 F3000
G1 X34.975 Y27.380 E2349.65786 F3000
G1 X34.982 Y27.316 E2349.66854 F3000
G1 X35.082 Y26.481 E2349.80842 F3000
G1 X35.165 Y25.771 E2349.92717 F3000
G1 X35.203 Y25.576 E2349.96032 F3000
G1 X35.262 Y24.933 E2350.06761 F3000
G1 X35.302 Y24.673 E2350.11131 F3000
G1 X35.320 Y24.397 E2350.15731 F3000
G1 X35.339 Y23.785 E2350.25911 F3000
G1 X35.338 Y23.515 E2350.30410 F3000
G1 X35.328 Y22.935 E2350.40062 F3000
G1 X35.301 Y22.351 E2350.49778 F3000
G1 X35.291 Y22.140 E2350.53293 F3000
G1 X35.261 Y21.576 E2350.62682 F3000
G1 X35.251 Y21.420 E2350.65283 F3000
G1 X35.245 Y21.293 E2350.67401 F3000
G1 X35.228 Y20.797 E2350.75659 F3000
G1 X35.225 Y20.702 E2350.77225 F3000
G1 X35.220 Y20.236 E2350.84990 F3000
G1 X35.224 Y19.770 E2350.92728 F3000
G1 X35.223 Y19.703 E2350.93840 F3000
G1 X35.235 Y19.230 E2351.01714 F3000
G1 X35.235 Y19.166 E2351.02776 F3000
G1 X35.235 Y19.095 E2351.03966 F3000
G1 X35.252 Y18.590 E2351.12371 F3000
G1 X35.246 Y18.503 E2351.13820 F3000
G1 X35.223 Y17.936 E2351.23255 F3000
G1 X35.126 Y17.338 E2351.33319 F3000
G1 X35.095 Y17.166 E2351.36232 F3000
G1 X34.912 Y16.554 E2351.46852 F3000
G1 X34.816 Y16.243 E2351.52257 F3000
G1 X34.588 Y15.717 E2351.61794 F3000
G1 X34.339 Y15.139 E2351.72262 F3000
G1 X33.771 Y14.244 E2351.89901 F3000
G1 X33.611 Y13.991 E2351.94871 F3000
G1 X33.482 Y13.855 E2351.97995 F3000
G1 X32.958 Y13.319 E2352.10458 F3000
G1 X32.582 Y12.933 E2352.19420 F3000
G1 X32.447 Y12.854 E2352.22019 F3000
G1 X31.193 Y12.092 E2352.46411 F3000
G1 X30.102 Y11.775 E2352.65305 F3000
G1 X29.375 Y11.574 E2352.77849 F3000
G1 X28.435 Y11.442 E2352.93644 F3000
G1 X27.313 Y11.292 E2353.12459 F3000
G1 X25.774 Y11.202 E2353.38110 F3000
G1 X25.194 Y11.168 E2353.47770 F3000
G1 X23.460 Y11.130 E2353.76609 F3000
G1 X23.204 Y11.125 E2353.80868 F3000
G1 X23.034 Y11.121 E2353.83691 F3000
G1 X21.532 Y11.088 E2354.08673 F3000
G1 X21.517 Y11.088 E2354.08931 F3000
G1 X21.338 Y11.084 E2354.11900 F3000
G1 X20.095 Y11.065 E2354.32578 F3000
G1 X19.997 Y11.063 E2354.34205 F3000
G1 X19.882 Y11.062 E2354.36121 F3000
G1 X18.408 Y11.042 E2354.60641 F3000
G1 X18.144 Y11.040 E2354.65025 F3000
G1 X16.578 Y11.024 E2354.91071 F3000
G1 X14.876 Y11.010 E2355.19377 F3000
G1 X14.324 Y11.005 E2355.28557 F3000
G1 X12.585 Y10.993 E2355.57481 F3000
G1 X11.839 Y10.989 E2355.69883 F3000
G1 X10.998 Y10.984 E2355.83870 F3000
G1 X9.315 Y10.973 E2356.11859 F3000
G1 X8.396 Y10.968 E2356.27143 F3000
G1 X6.942 Y10.960 E2356.51321 F3000
G1 X5.805 Y10.953 E2356.70224 F3000
G1 X4.909 Y10.948 E2356.85127 F3000
G1 X3.976 Y10.943 E2357.00647 F3000
G1 X3.131 Y10.939 E2357.14695 F3000
G1 X2.328 Y10.936 E2357.28049 F3000
G1 X1.523 Y10.933 E2357.41439 F3000
G1 X0.741 Y10.932 E2357.54452 F3000
G1 X0.000 Y10.931 E2357.66771 F3000
G1 X-0.741 Y10.932 E2357.79089 F3000
G1 X-1.523 Y10.933 E2357.92102 F3000
G1 X-2.328 Y10.936 E2358.05492 F3000
G1 X-3.131 Y10.939 E2358.18846 F3000
G1 X-3.976 Y10.943 E2358.32894 F3000
G1 X-4.909 Y10.948 E2358.48414 F3000
G1 X-5.805 Y10.953 E2358.63317 F3000
G1 X-6.942 Y10.960 E2358.82220 F3000
G1 X-8.396 Y10.968 E2359.06398 F3000
G1 X-9.315 Y10.973 E2359.21682 F3000
G1 X-10.998 Y10.984 E2359.49671 F3000
G1 X-11.839 Y10.989 E2359.63658 F3000
G1 X-12.585 Y10.993 E2359.76060 F3000
G1 X-14.324 Y11.005 E2360.04984 F3000
G1 X-14.876 Y11.010 E2360.14164 F3000
G1 X-16.578 Y11.024 E2360.42470 F3000
G1 X-18.144 Y11.040 E2360.68516 F3000
G1 X-18.408 Y11.042 E2360.72900 F3000
G1 X-19.882 Y11.062 E2360.97420 F3000
G1 X-19.997 Y11.063 E2360.99336 F3000
G1 X-20.095 Y11.065 E2361.00963 F3000
G1 X-21.338 Y11.084 E2361.21641 F3000
G1 X-21.517 Y11.088 E2361.24610 F3000
G1 X-21.532 Y11.088 E2361.24868 F3000
G1 X-23.034 Y11.121 E2361.49850 F3000
G1 X-23.204 Y11.125 E2361.52673 F3000
G1 X-23.460 Y11.130 E2361.56932 F3000
G1 X-25.194 Y11.168 E2361.85771 F3000
G1 X-25.774 Y11.202 E2361.95431 F3000
G1 X-27.313 Y11.292 E2362.21082 F3000
G1 X-28.435 Y11.442 E2362.39897 F3000
G1 X-29.375 Y11.574 E2362.55692 F3000
G1 X-30.102 Y11.775 E2362.68236 F3000
G1 X-31.193 Y12.092 E2362.87130 F3000
G1 X-32.447 Y12.854 E2363.11522 F3000
G1 X-32.582 Y12.933 E2363.14121 F3000
G1 X-32.958 Y13.319 E2363.23083 F3000
G1 X-33.482 Y13.855 E2363.35546 F3000
G1 X-33.611 Y13.991 E2363.38670 F3000
G1 X-33.771 Y14.244 E2363.43640 F3000
G1 X-34.339 Y15.139 E2363.61279 F3000
G1 X-34.588 Y15.717 E2363.71747 F3000
G1 X-34.816 Y16.243 E2363.81284 F3000
G1 X-34.912 Y16.554 E2363.86689 F3000
G1 X-35.095 Y17.166 E2363.97309 F3000
G1 X-35.126 Y17.338 E2364.00222 F3000
G1 X-35.223 Y17.936 E2364.10286 F3000
G1 X-35.246 Y18.503 E2364.19721 F3000
G1 X-35.252 Y18.590 E2364.21170 F3000
G1 X-35.235 Y19.095 E2364.29575 F3000
G1 X-35.235 Y19.166 E2364.30765 F3000
G1 X-35.235 Y19.230 E2364.31827 F3000
G1 X-35.223 Y19.703 E2364.39701 F3000
G1 X-35.224 Y19.770 E2364.40813 F3000
G1 X-35.220 Y20.236 E2364.48551 F3000
G1 X-35.225 Y20.702 E2364.56317 F3000
G1 X-35.228 Y20.797 E2364.57882 F3000
G1 X-35.245 Y21.293 E2364.66140 F3000
G1 X-35.251 Y21.420 E2364.68258 F3000
G1 X-35.261 Y21.576 E2364.70860 F3000
G1 X-35.291 Y22.140 E2364.80248 F3000
G1 X-35.301 Y22.351 E2364.83763 F3000
G1 X-35.328 Y22.935 E2364.93480 F3000
G1 X-35.338 Y23.515 E2365.03131 F3000
G1 X-35.339 Y23.785 E2365.07630 F3000
G1 X-35.320 Y24.397 E2365.17810 F3000
G1 X-35.302 Y24.673 E2365.22410 F3000
G1 X-35.262 Y24.933 E2365.26780 F3000
G1 X-35.203 Y25.576 E2365.37509 F3000
G1 X-35.165 Y25.771 E2365.40824 F3000
G1 X-35.082 Y26.481 E2365.52699 F3000
G1 X-34.982 Y27.316 E2365.66687 F3000
G1 X-34.975 Y27.380 E2365.67755 F3000
G1 X-34.975 Y27.391 E2365.67948 F3000
G1 X-34.910 Y28.273 E2365.82658 F3000
G1 X-34.894 Y28.943 E2365.93794 F3000
G1 X-34.899 Y29.169 E2365.97561 F3000
G1 X-34.886 Y29.717 E2366.06681 F3000
G1 X-34.885 Y30.011 E2366.11555 F3000
G1 X-34.855 Y30.306 E2366.16501 F3000
G1 X-34.814 Y30.739 E2366.23721 F3000
G1 X-34.731 Y30.985 E2366.28048 F3000
G1 X-34.639 Y31.293 E2366.33391 F3000
G1 X-34.467 Y31.475 E2366.37555 F3000
G1 X-34.318 Y31.613 E2366.40931 F3000
G1 X-33.983 Y31.702 E2366.46697 F3000
G1 X-33.769 Y31.754 E2366.50359 F3000
G1 X-33.495 Y31.760 E2366.54921 F3000
G1 X-32.911 Y31.773 E2366.64642 F3000
G1 X-32.655 Y31.764 E2366.68890 F3000
G1 X-31.657 Y31.726 E2366.85504 F3000
G1 X-30.893 Y31.701 E2366.98219 F3000
G1 X-29.919 Y31.672 E2367.14427 F3000
G1 X-29.715 Y31.667 E2367.17809 F3000
G1 X-27.893 Y31.616 E2367.48127 F3000
G1 X-26.530 Y31.579 E2367.70806 F3000
G1 X-25.778 Y31.560 E2367.83318 F3000
G1 X-24.760 Y31.533 E2368.00256 F3000
G1 X-23.774 Y31.507 E2368.16649 F3000
G1 X-22.681 Y31.479 E2368.34827 F3000
G1 X-22.086 Y31.463 E2368.44724 F3000
G1 X-20.870 Y31.434 E2368.64965 F3000
G1 X-20.525 Y31.425 E2368.70705 F3000
G1 X-20.234 Y31.419 E2368.75534 F3000
G1 X-18.899 Y31.392 E2368.97742 F3000
G1 X-18.731 Y31.389 E2369.00546 F3000
G1 X-17.022 Y31.361 E2369.28967 F3000
G1 X-16.859 Y31.359 E2369.31672 F3000
G1 X-14.863 Y31.336 E2369.64874 F3000
G1 X-14.707 Y31.334 E2369.67465 F3000
G1 X-12.502 Y31.313 E2370.04138 F3000
G1 X-12.153 Y31.310 E2370.09933 F3000
G1 X-11.747 Y31.306 E2370.16694 F3000
G1 X-9.560 Y31.287 E2370.53071 F3000
G1 X-9.003 Y31.283 E2370.62331 F3000
G1 X-7.122 Y31.267 E2370.93613 F3000
G1 X-5.686 Y31.255 E2371.17488 F3000
G1 X-5.035 Y31.250 E2371.28321 F3000
G1 X-3.858 Y31.241 E2371.47897 F3000
G1 X-3.211 Y31.236 E2371.58658 F3000
G1 X-2.586 Y31.233 E2371.69050 F3000
G1 X-1.562 Y31.227 E2371.86083 F3000
G1 X-0.938 Y31.226 E2371.96455 F3000
G1 X0.000 Y31.224 E2372.12051 F3000
G1 X0.938 Y31.226 E2372.27648 F3000
G1 X1.562 Y31.227 E2372.38019 F3000
G1 X2.586 Y31.233 E2372.55053 F3000
G1 X3.211 Y31.236 E2372.65444 F3000
G1 X3.858 Y31.241 E2372.76205 F3000
G1 X5.035 Y31.250 E2372.95781 F3000
G1 X5.686 Y31.255 E2373.06615 F3000
G1 X7.122 Y31.267 E2373.30489 F3000
G1 X9.003 Y31.283 E2373.61772 F3000
G1 X9.560 Y31.287 E2373.71031 F3000
G1 X11.747 Y31.306 E2374.07408 F3000
G1 X12.153 Y31.310 E2374.14170 F3000
G1 X12.502 Y31.313 E2374.19964 F3000
G1 X14.707 Y31.334 E2374.56637 F3000
G1 X14.863 Y31.336 E2374.59229 F3000
G1 X16.859 Y31.359 E2374.92430 F3000
G1 X17.022 Y31.361 E2374.95135 F3000
G1 X18.731 Y31.389 E2375.23557 F3000
G1 X18.899 Y31.392 E2375.26361 F3000
G1 X20.234 Y31.419 E2375.48569 F3000
G1 X20.525 Y31.425 E2375.53398 F3000
G1 X20.870 Y31.434 E2375.59138 F3000
G1 X22.086 Y31.463 E2375.79379 F3000
G1 X22.681 Y31.479 E2375.89276 F3000
G1 X23.774 Y31.507 E2376.07453 F3000
G1 X24.760 Y31.533 E2376.23847 F3000
G1 X25.778 Y31.560 E2376.40785 F3000
; LAYER:60
; Z:60.500
G0 Z60.500 F600
G0 X25.938 Y31.898 F9000
G1 X26.004 Y31.899 E2376.41877 F3000
G1 X26.399 Y31.910 E2376.48445 F3000
G1 X27.783 Y31.951 E2376.71474 F3000
G1 X28.059 Y31.959 E2376.76058 F3000
G1 X28.457 Y31.971 E2376.82681 F3000
G1 X30.093 Y32.021 E2377.09899 F3000
G1 X30.856 Y32.047 E2377.22600 F3000
G1 X31.843 Y32.079 E2377.39023 F3000
G1 X32.346 Y32.098 E2377.47399 F3000
G1 X33.114 Y32.126 E2377.60177 F3000
G1 X33.351 Y32.121 E2377.64125 F3000
G1 X33.994 Y32.108 E2377.74812 F3000
G1 X34.495 Y31.985 E2377.83390 F3000
G1 X34.564 Y31.967 E2377.84581 F3000
G1 X34.876 Y31.676 E2377.91678 F3000
G1 X34.903 Y31.647 E2377.92327 F3000
G1 X34.917 Y31.599 E2377.93160 F3000
G1 X35.088 Y31.093 E2378.02048 F3000
G1 X35.095 Y31.018 E2378.03300 F3000
G1 X35.162 Y30.366 E2378.14198 F3000
G1 X35.165 Y29.720 E2378.24938 F3000
G1 X35.170 Y29.528 E2378.28137 F3000
G1 X35.157 Y28.943 E2378.37868 F3000
G1 X35.164 Y28.638 E2378.42935 F3000
G1 X35.194 Y28.237 E2378.49628 F3000
G1 X35.203 Y27.755 E2378.57648 F3000
G1 X35.264 Y27.183 E2378.67209 F3000
G1 X35.279 Y26.869 E2378.72435 F3000
G1 X35.289 Y26.642 E2378.76216 F3000
G1 X35.373 Y25.980 E2378.87313 F3000
G1 X35.378 Y25.848 E2378.89517 F3000
G1 X35.452 Y25.091 E2379.02169 F3000
G1 X35.477 Y24.257 E2379.16038 F3000
G1 X35.477 Y24.205 E2379.16902 F3000
G1 X35.464 Y23.419 E2379.29969 F3000
G1 X35.463 Y23.348 E2379.31159 F3000
G1 X35.460 Y23.271 E2379.32436 F3000
G1 X35.427 Y22.541 E2379.44594 F3000
G1 X35.423 Y22.423 E2379.46561 F3000
G1 X35.392 Y21.806 E2379.56829 F3000
G1 X35.376 Y21.332 E2379.64720 F3000
G1 X35.373 Y21.168 E2379.67441 F3000
G1 X35.369 Y20.767 E2379.74117 F3000
G1 X35.369 Y20.595 E2379.76971 F3000
G1 X35.373 Y20.421 E2379.79866 F3000
G1 X35.377 Y20.055 E2379.85950 F3000
G1 X35.385 Y19.870 E2379.89025 F3000
G1 X35.394 Y19.517 E2379.94910 F3000
G1 X35.406 Y19.141 E2380.01153 F3000
G1 X35.418 Y18.947 E2380.04391 F3000
G1 X35.399 Y18.512 E2380.11636 F3000
G1 X35.395 Y18.306 E2380.15068 F3000
G1 X35.361 Y18.082 E2380.18827 F3000
G1 X35.272 Y17.548 E2380.27834 F3000
G1 X35.217 Y17.366 E2380.30992 F3000
G1 X34.993 Y16.630 E2380.43780 F3000
G1 X34.883 Y16.376 E2380.48389 F3000
G1 X34.514 Y15.519 E2380.63907 F3000
G1 X34.351 Y15.262 E2380.68975 F3000
G1 X33.782 Y14.359 E2380.86712 F3000
G1 X33.319 Y13.874 E2380.97859 F3000
G1 X32.744 Y13.285 E2381.11551 F3000
G1 X32.405 Y13.072 E2381.18222 F3000
G1 X31.341 Y12.422 E2381.38943 F3000
G1 X30.829 Y12.271 E2381.47832 F3000
G1 X29.729 Y11.951 E2381.66887 F3000
G1 X29.519 Y11.892 E2381.70505 F3000
G1 X27.991 Y11.679 E2381.96155 F3000
G1 X27.456 Y11.607 E2382.05145 F3000
G1 X26.720 Y11.564 E2382.17402 F3000
G1 X25.335 Y11.482 E2382.40477 F3000
G1 X24.333 Y11.460 E2382.57145 F3000
G1 X23.343 Y11.439 E2382.73599 F3000
G1 X22.688 Y11.425 E2382.84504 F3000
G1 X21.670 Y11.402 E2383.01443 F3000
G1 X21.202 Y11.393 E2383.09227 F3000
G1 X20.126 Y11.371 E2383.27125 F3000
G1 X18.812 Y11.349 E2383.48965 F3000
G1 X18.525 Y11.344 E2383.53748 F3000
G1 X16.867 Y11.322 E2383.81324 F3000
G1 X16.682 Y11.320 E2383.84404 F3000
G1 X16.485 Y11.317 E2383.87680 F3000
G1 X14.411 Y11.296 E2384.22166 F3000
G1 X14.360 Y11.295 E2384.23018 F3000
G1 X13.608 Y11.288 E2384.35519 F3000
G1 X12.006 Y11.277 E2384.62172 F3000
G1 X11.910 Y11.277 E2384.63753 F3000
G1 X11.803 Y11.276 E2384.65536 F3000
G1 X9.371 Y11.261 E2385.05983 F3000
G1 X9.134 Y11.259 E2385.09919 F3000
G1 X6.984 Y11.247 E2385.45686 F3000
G1 X5.302 Y11.237 E2385.73649 F3000
G1 X4.939 Y11.235 E2385.79697 F3000
G1 X3.527 Y11.227 E2386.03179 F3000
G1 X3.150 Y11.225 E2386.09442 F3000
G1 X2.792 Y11.224 E2386.15395 F3000
G1 X1.532 Y11.219 E2386.36345 F3000
G1 X1.165 Y11.219 E2386.42450 F3000
G1 X0.000 Y11.217 E2386.61827 F3000
G1 X-1.165 Y11.219 E2386.81204 F3000
G1 X-1.532 Y11.219 E2386.87309 F3000
G1 X-2.792 Y11.224 E2387.08259 F3000
G1 X-3.150 Y11.225 E2387.14212 F3000
G1 X-3.527 Y11.227 E2387.20475 F3000
G1 X-4.939 Y11.235 E2387.43958 F3000
G1 X-5.302 Y11.237 E2387.50006 F3000
G1 X-6.984 Y11.247 E2387.77969 F3000
G1 X-9.134 Y11.259 E2388.13735 F3000
G1 X-9.371 Y11.261 E2388.17672 F3000
G1 X-11.803 Y11.276 E2388.58118 F3000
G1 X-11.910 Y11.277 E2388.59902 F3000
G1 X-12.006 Y11.277 E2388.61483 F3000
G1 X-13.608 Y11.288 E2388.88135 F3000
G1 X-14.360 Y11.295 E2389.00637 F3000
G1 X-14.411 Y11.296 E2389.01488 F3000
G1 X-16.485 Y11.317 E2389.35975 F3000
G1 X-16.682 Y11.320 E2389.39251 F3000
G1 X-16.867 Y11.322 E2389.42331 F3000
G1 X-18.525 Y11.344 E2389.69906 F3000
G1 X-18.812 Y11.349 E2389.74689 F3000
G1 X-20.126 Y11.371 E2389.96529 F3000
G1 X-21.202 Y11.393 E2390.14428 F3000
G1 X-21.670 Y11.402 E2390.22211 F3000
G1 X-22.688 Y11.425 E2390.39150 F3000
G1 X-23.343 Y11.439 E2390.50055 F3000
G1 X-24.333 Y11.460 E2390.66510 F3000
G1 X-25.335 Y11.482 E2390.83178 F3000
G1 X-26.720 Y11.564 E2391.06252 F3000
G1 X-27.456 Y11.607 E2391.18509 F3000
G1 X-27.991 Y11.679 E2391.27500 F3000
G1 X-29.519 Y11.892 E2391.53149 F3000
G1 X-29.729 Y11.951 E2391.56768 F3000
G1 X-30.829 Y12.271 E2391.75823 F3000
G1 X-31.341 Y12.422 E2391.84711 F3000
G1 X-32.405 Y13.072 E2392.05433 F3000
G1 X-32.744 Y13.285 E2392.12103 F3000
G1 X-33.319 Y13.874 E2392.25795 F3000
G1 X-33.782 Y14.359 E2392.36942 F3000
G1 X-34.351 Y15.262 E2392.54680 F3000
G1 X-34.514 Y15.519 E2392.59748 F3000
G1 X-34.883 Y16.376 E2392.75265 F3000
G1 X-34.993 Y16.630 E2392.79875 F3000
G1 X-35.217 Y17.366 E2392.92662 F3000
G1 X-35.272 Y17.548 E2392.95821 F3000
G1 X-35.361 Y18.082 E2393.04828 F3000
G1 X-35.395 Y18.306 E2393.08586 F3000
G1 X-35.399 Y18.512 E2393.12018 F3000
G1 X-35.418 Y18.947 E2393.19263 F3000
G1 X-35.406 Y19.141 E2393.22501 F3000
G1 X-35.394 Y19.517 E2393.28744 F3000
G1 X-35.385 Y19.870 E2393.34629 F3000
G1 X-35.377 Y20.055 E2393.37705 F3000
G1 X-35.373 Y20.421 E2393.43788 F3000
G1 X-35.369 Y20.595 E2393.46684 F3000
G1 X-35.369 Y20.767 E2393.49538 F3000
G1 X-35.373 Y21.168 E2393.56213 F3000
G1 X-35.376 Y21.332 E2393.58934 F3000
G1 X-35.392 Y21.806 E2393.66825 F3000
G1 X-35.423 Y22.423 E2393.77094 F3000
G1 X-35.427 Y22.541 E2393.79060 F3000
G1 X-35.460 Y23.271 E2393.91218 F3000
G1 X-35.463 Y23.348 E2393.92495 F3000
G1 X-35.464 Y23.419 E2393.93685 F3000
G1 X-35.477 Y24.205 E2394.06752 F3000
G1 X-35.477 Y24.257 E2394.07616 F3000
G1 X-35.452 Y25.091 E2394.21486 F3000
G1 X-35.378 Y25.848 E2394.34138 F3000
G1 X-35.373 Y25.980 E2394.36341 F3000
G1 X-35.289 Y26.642 E2394.47439 F3000
G1 X-35.279 Y26.869 E2394.51219 F3000
G1 X-35.264 Y27.183 E2394.56446 F3000
G1 X-35.203 Y27.755 E2394.66006 F3000
G1 X-35.194 Y28.237 E2394.74026 F3000
G1 X-35.164 Y28.638 E2394.80720 F3000
G1 X-35.157 Y28.943 E2394.85786 F3000
G1 X-35.170 Y29.528 E2394.95517 F3000
G1 X-35.165 Y29.720 E2394.98716 F3000
G1 X-35.162 Y30.366 E2395.09456 F3000
G1 X-35.095 Y31.018 E2395.20355 F3000
G1 X-35.088 Y31.093 E2395.21607 F3000
G1 X-34.917 Y31.599 E2395.30494 F3000
G1 X-34.903 Y31.647 E2395.31327 F3000
G1 X-34.876 Y31.676 E2395.31976 F3000
G1 X-34.564 Y31.967 E2395.39073 F3000
G1 X-34.495 Y31.985 E2395.40264 F3000
G1 X-33.994 Y32.108 E2395.48843 F3000
G1 X-33.351 Y32.121 E2395.59530 F3000
G1 X-33.114 Y32.126 E2395.63478 F3000
G1 X-32.346 Y32.098 E2395.76255 F3000
G1 X-31.843 Y32.079 E2395.84631 F3000
G1 X-30.856 Y32.047 E2396.01054 F3000
G1 X-30.093 Y32.021 E2396.13755 F3000
G1 X-28.457 Y31.971 E2396.40973 F3000
G1 X-28.059 Y31.959 E2396.47596 F3000
G1 X-27.783 Y31.951 E2396.52181 F3000
G1 X-26.399 Y31.910 E2396.75209 F3000
G1 X-26.004 Y31.899 E2396.81777 F3000
G1 X-25.938 Y31.898 E2396.82869 F3000
G1 X-24.265 Y31.853 E2397.10702 F3000
G1 X-23.933 Y31.845 E2397.16229 F3000
G1 X-23.565 Y31.835 E2397.22357 F3000
G1 X-22.243 Y31.800 E2397.44347 F3000
G1 X-21.680 Y31.786 E2397.53719 F3000
G1 X-20.676 Y31.761 E2397.70405 F3000
G1 X-19.833 Y31.743 E2397.84441 F3000
G1 X-19.043 Y31.727 E2397.97568 F3000
G1 X-18.231 Y31.713 E2398.11082 F3000
G1 X-17.155 Y31.695 E2398.28986 F3000
G1 X-15.561 Y31.674 E2398.55493 F3000
G1 X-14.821 Y31.665 E2398.67791 F3000
G1 X-12.817 Y31.642 E2399.01126 F3000
G1 X-12.247 Y31.635 E2399.10605 F3000
G1 X-11.757 Y31.630 E2399.18761 F3000
G1 X-9.632 Y31.608 E2399.54094 F3000
G1 X-9.351 Y31.605 E2399.58766 F3000
G1 X-7.175 Y31.584 E2399.94960 F3000
G1 X-5.446 Y31.567 E2400.23709 F3000
G1 X-5.090 Y31.564 E2400.29624 F3000
G1 X-5.072 Y31.564 E2400.29935 F3000
G1 X-3.323 Y31.551 E2400.59015 F3000
G1 X-3.234 Y31.550 E2400.60496 F3000
G1 X-3.148 Y31.550 E2400.61926 F3000
G1 X-1.573 Y31.541 E2400.88122 F3000
G1 X-1.450 Y31.541 E2400.90160 F3000
G1 X0.000 Y31.538 E2401.14280 F3000
G1 X1.450 Y31.541 E2401.38400 F3000
G1 X1.573 Y31.541 E2401.40438 F3000
G1 X3.148 Y31.550 E2401.66634 F3000
G1 X3.234 Y31.550 E2401.68064 F3000
G1 X3.323 Y31.551 E2401.69545 F3000
G1 X5.072 Y31.564 E2401.98625 F3000
G1 X5.090 Y31.564 E2401.98936 F3000
G1 X5.446 Y31.567 E2402.04850 F3000
G1 X7.175 Y31.584 E2402.33600 F3000
G1 X9.351 Y31.605 E2402.69794 F3000
G1 X9.632 Y31.608 E2402.74466 F3000
G1 X11.757 Y31.630 E2403.09799 F3000
G1 X12.247 Y31.635 E2403.17955 F3000
G1 X12.817 Y31.642 E2403.27434 F3000
G1 X14.821 Y31.665 E2403.60769 F3000
G1 X15.561 Y31.674 E2403.73067 F3000
G1 X17.155 Y31.695 E2403.99574 F3000
G1 X18.231 Y31.713 E2404.17478 F3000
G1 X19.043 Y31.727 E2404.30992 F3000
G1 X19.833 Y31.743 E2404.44119 F3000
G1 X20.676 Y31.761 E2404.58155 F3000
G1 X21.680 Y31.786 E2404.74841 F3000
G1 X22.243 Y31.800 E2404.84213 F3000
G1 X23.565 Y31.835 E2405.06203 F3000
G1 X23.933 Y31.845 E2405.12331 F3000
G1 X24.265 Y31.853 E2405.17858 F3000
G1 X25.938 Y31.898 E2405.45691 F3000
; LAYER:61
; Z:61.500
G0 Z61.500 F600
G0 X26.105 Y32.247 F9000
G1 X27.152 Y32.278 E2405.63109 F3000
G1 X28.228 Y32.310 E2405.81017 F3000
G1 X29.783 Y32.358 E2406.06889 F3000
G1 X30.268 Y32.373 E2406.14949 F3000
G1 X32.012 Y32.431 E2406.43976 F3000
G1 X32.029 Y32.431 E2406.44248 F3000
G1 X32.037 Y32.431 E2406.44386 F3000
G1 X32.093 Y32.433 E2406.45326 F3000
G1 X33.318 Y32.482 E2406.65702 F3000
G1 X33.539 Y32.479 E2406.69382 F3000
G1 X34.219 Y32.467 E2406.80696 F3000
G1 X34.551 Y32.387 E2406.86368 F3000
G1 X34.811 Y32.328 E2406.90807 F3000
G1 X34.984 Y32.167 E2406.94728 F3000
G1 X35.168 Y32.010 E2406.98763 F3000
G1 X35.273 Y31.725 E2407.03808 F3000
G1 X35.364 Y31.455 E2407.08543 F3000
G1 X35.400 Y31.114 E2407.14252 F3000
G1 X35.440 Y30.727 E2407.20710 F3000
G1 X35.442 Y30.174 E2407.29918 F3000
G1 X35.440 Y29.889 E2407.34654 F3000
G1 X35.424 Y29.118 E2407.47485 F3000
G1 X35.418 Y29.003 E2407.49391 F3000
G1 X35.414 Y28.931 E2407.50591 F3000
G1 X35.421 Y28.619 E2407.55787 F3000
G1 X35.430 Y28.130 E2407.63911 F3000
G1 X35.441 Y28.032 E2407.65561 F3000
G1 X35.476 Y27.256 E2407.78475 F3000
G1 X35.502 Y26.695 E2407.87816 F3000
G1 X35.542 Y26.376 E2407.93157 F3000
G1 X35.561 Y25.895 E2408.01156 F3000
G1 X35.600 Y25.492 E2408.07900 F3000
G1 X35.614 Y25.048 E2408.15292 F3000
G1 X35.617 Y24.605 E2408.22646 F3000
G1 X35.609 Y24.182 E2408.29687 F3000
G1 X35.601 Y23.742 E2408.37000 F3000
G1 X35.584 Y23.271 E2408.44849 F3000
G1 X35.569 Y22.926 E2408.50590 F3000
G1 X35.552 Y22.435 E2408.58756 F3000
G1 X35.539 Y22.179 E2408.63016 F3000
G1 X35.532 Y21.982 E2408.66290 F3000
G1 X35.524 Y21.529 E2408.73829 F3000
G1 X35.523 Y21.384 E2408.76246 F3000
G1 X35.523 Y20.946 E2408.83531 F3000
G1 X35.533 Y20.501 E2408.90923 F3000
G1 X35.534 Y20.399 E2408.92620 F3000
G1 X35.553 Y19.948 E2409.00125 F3000
G1 X35.556 Y19.860 E2409.01591 F3000
G1 X35.559 Y19.767 E2409.03145 F3000
G1 X35.587 Y19.299 E2409.10945 F3000
G1 X35.582 Y19.201 E2409.12574 F3000
G1 X35.572 Y18.670 E2409.21408 F3000
G1 X35.484 Y18.095 E2409.31084 F3000
G1 X35.456 Y17.925 E2409.33940 F3000
G1 X35.280 Y17.341 E2409.44090 F3000
G1 X35.181 Y17.016 E2409.49731 F3000
G1 X34.905 Y16.382 E2409.61234 F3000
G1 X34.696 Y15.902 E2409.69944 F3000
G1 X34.009 Y14.815 E2409.91325 F3000
G1 X33.953 Y14.727 E2409.93049 F3000
G1 X33.157 Y13.894 E2410.12220 F3000
G1 X32.911 Y13.641 E2410.18092 F3000
G1 X32.132 Y13.151 E2410.33393 F3000
G1 X31.504 Y12.767 E2410.45634 F3000
G1 X30.207 Y12.385 E2410.68110 F3000
G1 X29.672 Y12.223 E2410.77408 F3000
G1 X27.681 Y11.936 E2411.10859 F3000
G1 X27.599 Y11.924 E2411.12240 F3000
G1 X27.542 Y11.921 E2411.13194 F3000
G1 X27.201 Y11.899 E2411.18872 F3000
G1 X25.476 Y11.796 E2411.47616 F3000
G1 X25.205 Y11.790 E2411.52113 F3000
G1 X23.483 Y11.753 E2411.80764 F3000
G1 X22.342 Y11.728 E2411.99751 F3000
G1 X21.807 Y11.717 E2412.08646 F3000
G1 X20.886 Y11.698 E2412.23956 F3000
G1 X20.259 Y11.685 E2412.34396 F3000
G1 X19.493 Y11.672 E2412.47136 F3000
G1 X18.651 Y11.658 E2412.61131 F3000
G1 X17.616 Y11.644 E2412.78349 F3000
G1 X16.798 Y11.633 E2412.91956 F3000
G1 X15.928 Y11.623 E2413.06428 F3000
G1 X14.513 Y11.608 E2413.29960 F3000
G1 X13.719 Y11.601 E2413.43161 F3000
G1 X11.993 Y11.585 E2413.71864 F3000
G1 X9.994 Y11.569 E2414.05103 F3000
G1 X9.434 Y11.564 E2414.14422 F3000
G1 X7.406 Y11.548 E2414.48145 F3000
G1 X7.029 Y11.545 E2414.54418 F3000
G1 X6.739 Y11.543 E2414.59237 F3000
G1 X4.970 Y11.529 E2414.88666 F3000
G1 X4.798 Y11.528 E2414.91518 F3000
G1 X3.169 Y11.517 E2415.18608 F3000
G1 X1.602 Y11.509 E2415.44675 F3000
G1 X1.542 Y11.509 E2415.45679 F3000
G1 X0.042 Y11.506 E2415.70614 F3000
G1 X0.000 Y11.506 E2415.71314 F3000
G1 X-0.042 Y11.506 E2415.72015 F3000
G1 X-1.542 Y11.509 E2415.96950 F3000
G1 X-1.602 Y11.509 E2415.97954 F3000
G1 X-3.169 Y11.517 E2416.24021 F3000
G1 X-4.798 Y11.528 E2416.51111 F3000
G1 X-4.970 Y11.529 E2416.53962 F3000
G1 X-6.739 Y11.543 E2416.83391 F3000
G1 X-7.029 Y11.545 E2416.88210 F3000
G1 X-7.406 Y11.548 E2416.94483 F3000
G1 X-9.434 Y11.564 E2417.28207 F3000
G1 X-9.994 Y11.569 E2417.37526 F3000
G1 X-11.993 Y11.585 E2417.70765 F3000
G1 X-13.719 Y11.601 E2417.99468 F3000
G1 X-14.513 Y11.608 E2418.12669 F3000
G1 X-15.928 Y11.623 E2418.36201 F3000
G1 X-16.798 Y11.633 E2418.50673 F3000
G1 X-17.616 Y11.644 E2418.64280 F3000
G1 X-18.651 Y11.658 E2418.81498 F3000
G1 X-19.493 Y11.672 E2418.95493 F3000
G1 X-20.259 Y11.685 E2419.08233 F3000
G1 X-20.886 Y11.698 E2419.18673 F3000
G1 X-21.807 Y11.717 E2419.33983 F3000
G1 X-22.342 Y11.728 E2419.42878 F3000
G1 X-23.483 Y11.753 E2419.61865 F3000
G1 X-25.205 Y11.790 E2419.90515 F3000
G1 X-25.476 Y11.796 E2419.95013 F3000
G1 X-27.201 Y11.899 E2420.23757 F3000
G1 X-27.542 Y11.921 E2420.29435 F3000
G1 X-27.599 Y11.924 E2420.30389 F3000
G1 X-27.681 Y11.936 E2420.31770 F3000
G1 X-29.672 Y12.223 E2420.65220 F3000
G1 X-30.207 Y12.385 E2420.74519 F3000
G1 X-31.504 Y12.767 E2420.96994 F3000
G1 X-32.132 Y13.151 E2421.09235 F3000
G1 X-32.911 Y13.641 E2421.24537 F3000
G1 X-33.157 Y13.894 E2421.30409 F3000
G1 X-33.953 Y14.727 E2421.49580 F3000
G1 X-34.009 Y14.815 E2421.51304 F3000
G1 X-34.696 Y15.902 E2421.72685 F3000
G1 X-34.905 Y16.382 E2421.81395 F3000
G1 X-35.181 Y17.016 E2421.92897 F3000
G1 X-35.280 Y17.341 E2421.98539 F3000
G1 X-35.456 Y17.925 E2422.08689 F3000
G1 X-35.484 Y18.095 E2422.11545 F3000
G1 X-35.572 Y18.670 E2422.21221 F3000
G1 X-35.582 Y19.201 E2422.30055 F3000
G1 X-35.587 Y19.299 E2422.31684 F3000
G1 X-35.559 Y19.767 E2422.39483 F3000
G1 X-35.556 Y19.860 E2422.41038 F3000
G1 X-35.553 Y19.948 E2422.42504 F3000
G1 X-35.534 Y20.399 E2422.50009 F3000
G1 X-35.533 Y20.501 E2422.51706 F3000
G1 X-35.523 Y20.946 E2422.59098 F3000
G1 X-35.523 Y21.384 E2422.66383 F3000
G1 X-35.524 Y21.529 E2422.68800 F3000
G1 X-35.532 Y21.982 E2422.76339 F3000
G1 X-35.539 Y22.179 E2422.79613 F3000
G1 X-35.552 Y22.435 E2422.83873 F3000
G1 X-35.569 Y22.926 E2422.92039 F3000
G1 X-35.584 Y23.271 E2422.97780 F3000
G1 X-35.601 Y23.742 E2423.05629 F3000
G1 X-35.609 Y24.182 E2423.12942 F3000
G1 X-35.617 Y24.605 E2423.19983 F3000
G1 X-35.614 Y25.048 E2423.27337 F3000
G1 X-35.600 Y25.492 E2423.34729 F3000
G1 X-35.561 Y25.895 E2423.41472 F3000
G1 X-35.542 Y26.376 E2423.49472 F3000
G1 X-35.502 Y26.695 E2423.54813 F3000
G1 X-35.476 Y27.256 E2423.64154 F3000
G1 X-35.441 Y28.032 E2423.77068 F3000
G1 X-35.430 Y28.130 E2423.78718 F3000
G1 X-35.421 Y28.619 E2423.86842 F3000
G1 X-35.414 Y28.931 E2423.92038 F3000
G1 X-35.418 Y29.003 E2423.93238 F3000
G1 X-35.424 Y29.118 E2423.95144 F3000
G1 X-35.440 Y29.889 E2424.07975 F3000
G1 X-35.442 Y30.174 E2424.12711 F3000
G1 X-35.440 Y30.727 E2424.21918 F3000
G1 X-35.400 Y31.114 E2424.28377 F3000
G1 X-35.364 Y31.455 E2424.34086 F3000
G1 X-35.273 Y31.725 E2424.38821 F3000
G1 X-35.168 Y32.010 E2424.43866 F3000
G1 X-34.984 Y32.167 E2424.47900 F3000
G1 X-34.811 Y32.328 E2424.51821 F3000
G1 X-34.551 Y32.387 E2424.56261 F3000
G1 X-34.219 Y32.467 E2424.61933 F3000
G1 X-33.539 Y32.479 E2424.73247 F3000
G1 X-33.318 Y32.482 E2424.76926 F3000
G1 X-32.093 Y32.433 E2424.97303 F3000
G1 X-32.037 Y32.431 E2424.98242 F3000
G1 X-32.012 Y32.431 E2424.98652 F3000
G1 X-30.268 Y32.373 E2425.27679 F3000
G1 X-29.783 Y32.358 E2425.35740 F3000
G1 X-28.228 Y32.310 E2425.61612 F3000
G1 X-27.152 Y32.278 E2425.79520 F3000
G1 X-26.105 Y32.247 E2425.96938 F3000
G1 X-25.415 Y32.227 E2426.08418 F3000
G1 X-24.095 Y32.188 E2426.30373 F3000
G1 X-22.525 Y32.142 E2426.56494 F3000
G1 X-22.400 Y32.138 E2426.58576 F3000
G1 X-21.696 Y32.119 E2426.70292 F3000
G1 X-20.828 Y32.097 E2426.84728 F3000
G1 X-19.431 Y32.067 E2427.07971 F3000
G1 X-19.188 Y32.062 E2427.12017 F3000
G1 X-17.731 Y32.037 E2427.36241 F3000
G1 X-17.287 Y32.030 E2427.43627 F3000
G1 X-16.630 Y32.021 E2427.54562 F3000
G1 X-14.938 Y31.999 E2427.82706 F3000
G1 X-13.959 Y31.988 E2427.98977 F3000
G1 X-12.344 Y31.969 E2428.25844 F3000
G1 X-10.954 Y31.954 E2428.48960 F3000
G1 X-9.708 Y31.942 E2428.69674 F3000
G1 X-8.576 Y31.930 E2428.88498 F3000
G1 X-7.232 Y31.917 E2429.10864 F3000
G1 X-5.917 Y31.904 E2429.32730 F3000
G1 X-5.112 Y31.896 E2429.46118 F3000
G1 X-3.860 Y31.885 E2429.66942 F3000
G1 X-3.259 Y31.880 E2429.76925 F3000
G1 X-2.758 Y31.877 E2429.85257 F3000
G1 X-1.585 Y31.869 E2430.04768 F3000
G1 X-1.151 Y31.868 E2430.11994 F3000
G1 X0.000 Y31.865 E2430.31129 F3000
G1 X1.151 Y31.868 E2430.50263 F3000
G1 X1.585 Y31.869 E2430.57489 F3000
G1 X2.758 Y31.877 E2430.77000 F3000
G1 X3.259 Y31.880 E2430.85332 F3000
G1 X3.860 Y31.885 E2430.95315 F3000
G1 X5.112 Y31.896 E2431.16139 F3000
G1 X5.917 Y31.904 E2431.29527 F3000
G1 X7.232 Y31.917 E2431.51393 F3000
G1 X8.576 Y31.930 E2431.73759 F3000
G1 X9.708 Y31.942 E2431.92584 F3000
G1 X10.954 Y31.954 E2432.13297 F3000
G1 X12.344 Y31.969 E2432.36413 F3000
G1 X13.959 Y31.988 E2432.63280 F3000
G1 X14.938 Y31.999 E2432.79551 F3000
G1 X16.630 Y32.021 E2433.07695 F3000
G1 X17.287 Y32.030 E2433.18630 F3000
G1 X17.731 Y32.037 E2433.26016 F3000
G1 X19.188 Y32.062 E2433.50240 F3000
G1 X19.431 Y32.067 E2433.54287 F3000
G1 X20.828 Y32.097 E2433.77530 F3000
G1 X21.696 Y32.119 E2433.91965 F3000
G1 X22.400 Y32.138 E2434.03681 F3000
G1 X22.525 Y32.142 E2434.05763 F3000
G1 X24.095 Y32.188 E2434.31884 F3000
G1 X25.415 Y32.227 E2434.53839 F3000
G1 X26.105 Y32.247 E2434.65319 F3000
; LAYER:62
; Z:62.500
G0 Z62.500 F600
G0 X26.272 Y32.598 F9000
G1 X26.521 Y32.605 E2434.69456 F3000
G1 X27.749 Y32.642 E2434.89887 F3000
G1 X28.398 Y32.663 E2435.00691 F3000
G1 X29.861 Y32.711 E2435.25025 F3000
G1 X30.444 Y32.730 E2435.34726 F3000
G1 X31.338 Y32.762 E2435.49597 F3000
G1 X32.216 Y32.793 E2435.64211 F3000
G1 X33.250 Y32.834 E2435.81428 F3000
G1 X33.523 Y32.845 E2435.85960 F3000
G1 X34.444 Y32.830 E2436.01276 F3000
G1 X34.972 Y32.704 E2436.10307 F3000
G1 X35.056 Y32.685 E2436.11742 F3000
G1 X35.345 Y32.434 E2436.18114 F3000
G1 X35.426 Y32.366 E2436.19869 F3000
G1 X35.474 Y32.244 E2436.22051 F3000
G1 X35.633 Y31.817 E2436.29632 F3000
G1 X35.648 Y31.683 E2436.31876 F3000
G1 X35.714 Y31.092 E2436.41768 F3000
G1 X35.714 Y30.690 E2436.48452 F3000
G1 X35.711 Y30.252 E2436.55727 F3000
G1 X35.709 Y30.173 E2436.57047 F3000
G1 X35.669 Y29.365 E2436.70499 F3000
G1 X35.644 Y28.857 E2436.78964 F3000
G1 X35.652 Y28.493 E2436.85009 F3000
G1 X35.642 Y28.159 E2436.90562 F3000
G1 X35.669 Y27.630 E2436.99372 F3000
G1 X35.710 Y26.816 E2437.12939 F3000
G1 X35.711 Y26.769 E2437.13715 F3000
G1 X35.723 Y26.476 E2437.18599 F3000
G1 X35.744 Y25.943 E2437.27460 F3000
G1 X35.749 Y25.893 E2437.28295 F3000
G1 X35.750 Y25.838 E2437.29210 F3000
G1 X35.756 Y25.006 E2437.43053 F3000
G1 X35.755 Y24.945 E2437.44068 F3000
G1 X35.738 Y24.137 E2437.57505 F3000
G1 X35.727 Y23.816 E2437.62845 F3000
G1 X35.712 Y23.353 E2437.70556 F3000
G1 X35.711 Y23.306 E2437.71333 F3000
G1 X35.690 Y22.659 E2437.82097 F3000
G1 X35.690 Y22.540 E2437.84078 F3000
G1 X35.690 Y22.412 E2437.86200 F3000
G1 X35.683 Y21.872 E2437.95190 F3000
G1 X35.685 Y21.705 E2437.97964 F3000
G1 X35.686 Y21.273 E2438.05147 F3000
G1 X35.695 Y20.912 E2438.11143 F3000
G1 X35.700 Y20.717 E2438.14403 F3000
G1 X35.715 Y20.385 E2438.19929 F3000
G1 X35.725 Y20.176 E2438.23404 F3000
G1 X35.742 Y19.941 E2438.27321 F3000
G1 X35.761 Y19.625 E2438.32588 F3000
G1 X35.759 Y19.351 E2438.37136 F3000
G1 X35.753 Y19.016 E2438.42709 F3000
G1 X35.684 Y18.572 E2438.50193 F3000
G1 X35.641 Y18.295 E2438.54840 F3000
G1 X35.420 Y17.566 E2438.67512 F3000
G1 X35.369 Y17.402 E2438.70372 F3000
G1 X35.317 Y17.284 E2438.72518 F3000
G1 X35.185 Y16.980 E2438.78030 F3000
G1 X34.882 Y16.287 E2438.90608 F3000
G1 X34.684 Y15.973 E2438.96773 F3000
G1 X34.135 Y15.105 E2439.13861 F3000
G1 X33.770 Y14.720 E2439.22682 F3000
G1 X33.080 Y14.000 E2439.39271 F3000
G1 X32.954 Y13.919 E2439.41758 F3000
G1 X32.569 Y13.677 E2439.49321 F3000
G1 X31.859 Y13.231 E2439.63269 F3000
G1 X31.666 Y13.113 E2439.67030 F3000
G1 X31.268 Y12.995 E2439.73935 F3000
G1 X29.832 Y12.563 E2439.98872 F3000
G1 X28.808 Y12.415 E2440.16082 F3000
G1 X27.757 Y12.260 E2440.33735 F3000
G1 X27.026 Y12.213 E2440.45919 F3000
G1 X25.627 Y12.123 E2440.69240 F3000
G1 X25.222 Y12.113 E2440.75970 F3000
G1 X23.626 Y12.072 E2441.02522 F3000
G1 X22.468 Y12.042 E2441.21783 F3000
G1 X21.995 Y12.032 E2441.29655 F3000
G1 X21.944 Y12.031 E2441.30507 F3000
G1 X20.571 Y12.003 E2441.53342 F3000
G1 X20.392 Y11.999 E2441.56325 F3000
G1 X20.173 Y11.996 E2441.59964 F3000
G1 X18.778 Y11.971 E2441.83171 F3000
G1 X18.365 Y11.966 E2441.90033 F3000
G1 X16.914 Y11.946 E2442.14165 F3000
G1 X15.371 Y11.929 E2442.39834 F3000
G1 X14.614 Y11.921 E2442.52412 F3000
G1 X13.078 Y11.907 E2442.77962 F3000
G1 X12.078 Y11.898 E2442.94601 F3000
G1 X10.919 Y11.888 E2443.13868 F3000
G1 X9.501 Y11.876 E2443.37457 F3000
G1 X8.254 Y11.866 E2443.58182 F3000
G1 X7.079 Y11.857 E2443.77738 F3000
G1 X6.175 Y11.849 E2443.92762 F3000
G1 X5.005 Y11.840 E2444.12229 F3000
G1 X4.292 Y11.835 E2444.24075 F3000
G1 X3.192 Y11.827 E2444.42381 F3000
G1 X2.132 Y11.822 E2444.59995 F3000
G1 X1.552 Y11.819 E2444.69642 F3000
G1 X0.526 Y11.817 E2444.86709 F3000
G1 X0.000 Y11.816 E2444.95457 F3000
G1 X-0.526 Y11.817 E2445.04206 F3000
G1 X-1.552 Y11.819 E2445.21272 F3000
G1 X-2.132 Y11.822 E2445.30919 F3000
G1 X-3.192 Y11.827 E2445.48533 F3000
G1 X-4.292 Y11.835 E2445.66839 F3000
G1 X-5.005 Y11.840 E2445.78686 F3000
G1 X-6.175 Y11.849 E2445.98152 F3000
G1 X-7.079 Y11.857 E2446.13176 F3000
G1 X-8.254 Y11.866 E2446.32733 F3000
G1 X-9.501 Y11.876 E2446.53457 F3000
G1 X-10.919 Y11.888 E2446.77046 F3000
G1 X-12.078 Y11.898 E2446.96313 F3000
G1 X-13.078 Y11.907 E2447.12952 F3000
G1 X-14.614 Y11.921 E2447.38502 F3000
G1 X-15.371 Y11.929 E2447.51080 F3000
G1 X-16.914 Y11.946 E2447.76749 F3000
G1 X-18.365 Y11.966 E2448.00882 F3000
G1 X-18.778 Y11.971 E2448.07743 F3000
G1 X-20.173 Y11.996 E2448.30950 F3000
G1 X-20.392 Y11.999 E2448.34589 F3000
G1 X-20.571 Y12.003 E2448.37572 F3000
G1 X-21.944 Y12.031 E2448.60407 F3000
G1 X-21.995 Y12.032 E2448.61259 F3000
G1 X-22.468 Y12.042 E2448.69132 F3000
G1 X-23.626 Y12.072 E2448.88392 F3000
G1 X-25.222 Y12.113 E2449.14944 F3000
G1 X-25.627 Y12.123 E2449.21675 F3000
G1 X-27.026 Y12.213 E2449.44995 F3000
G1 X-27.757 Y12.260 E2449.57179 F3000
G1 X-28.808 Y12.415 E2449.74833 F3000
G1 X-29.832 Y12.563 E2449.92043 F3000
G1 X-31.268 Y12.995 E2450.16980 F3000
G1 X-31.666 Y13.113 E2450.23884 F3000
G1 X-31.859 Y13.231 E2450.27645 F3000
G1 X-32.569 Y13.677 E2450.41593 F3000
G1 X-32.954 Y13.919 E2450.49156 F3000
G1 X-33.080 Y14.000 E2450.51643 F3000
G1 X-33.770 Y14.720 E2450.68232 F3000
G1 X-34.135 Y15.105 E2450.77054 F3000
G1 X-34.684 Y15.973 E2450.94141 F3000
G1 X-34.882 Y16.287 E2451.00306 F3000
G1 X-35.185 Y16.980 E2451.12884 F3000
G1 X-35.317 Y17.284 E2451.18396 F3000
G1 X-35.369 Y17.402 E2451.20542 F3000
G1 X-35.420 Y17.566 E2451.23403 F3000
G1 X-35.641 Y18.295 E2451.36074 F3000
G1 X-35.684 Y18.572 E2451.40721 F3000
G1 X-35.753 Y19.016 E2451.48205 F3000
G1 X-35.759 Y19.351 E2451.53778 F3000
G1 X-35.761 Y19.625 E2451.58326 F3000
G1 X-35.742 Y19.941 E2451.63593 F3000
G1 X-35.725 Y20.176 E2451.67510 F3000
G1 X-35.715 Y20.385 E2451.70986 F3000
G1 X-35.700 Y20.717 E2451.76511 F3000
G1 X-35.695 Y20.912 E2451.79771 F3000
G1 X-35.686 Y21.273 E2451.85767 F3000
G1 X-35.685 Y21.705 E2451.92950 F3000
G1 X-35.683 Y21.872 E2451.95724 F3000
G1 X-35.690 Y22.412 E2452.04715 F3000
G1 X-35.690 Y22.540 E2452.06836 F3000
G1 X-35.690 Y22.659 E2452.08817 F3000
G1 X-35.711 Y23.306 E2452.19581 F3000
G1 X-35.712 Y23.353 E2452.20358 F3000
G1 X-35.727 Y23.816 E2452.28069 F3000
G1 X-35.738 Y24.137 E2452.33409 F3000
G1 X-35.755 Y24.945 E2452.46846 F3000
G1 X-35.756 Y25.006 E2452.47861 F3000
G1 X-35.750 Y25.838 E2452.61705 F3000
G1 X-35.749 Y25.893 E2452.62619 F3000
G1 X-35.744 Y25.943 E2452.63454 F3000
G1 X-35.723 Y26.476 E2452.72316 F3000
G1 X-35.711 Y26.769 E2452.77199 F3000
G1 X-35.710 Y26.816 E2452.77975 F3000
G1 X-35.669 Y27.630 E2452.91542 F3000
G1 X-35.642 Y28.159 E2453.00353 F3000
G1 X-35.652 Y28.493 E2453.05906 F3000
G1 X-35.644 Y28.857 E2453.11950 F3000
G1 X-35.669 Y29.365 E2453.20416 F3000
G1 X-35.709 Y30.173 E2453.33867 F3000
G1 X-35.711 Y30.252 E2453.35187 F3000
G1 X-35.714 Y30.690 E2453.42462 F3000
G1 X-35.714 Y31.092 E2453.49146 F3000
G1 X-35.648 Y31.683 E2453.59039 F3000
G1 X-35.633 Y31.817 E2453.61283 F3000
G1 X-35.474 Y32.244 E2453.68863 F3000
G1 X-35.426 Y32.366 E2453.71045 F3000
G1 X-35.345 Y32.434 E2453.72800 F3000
G1 X-35.056 Y32.685 E2453.79172 F3000
G1 X-34.972 Y32.704 E2453.80607 F3000
G1 X-34.455 Y32.827 E2453.89443 F3000
G1 X-33.523 Y32.845 E2454.04952 F3000
G1 X-33.250 Y32.834 E2454.09483 F3000
G1 X-32.216 Y32.793 E2454.26701 F3000
G1 X-31.338 Y32.762 E2454.41315 F3000
G1 X-30.444 Y32.730 E2454.56185 F3000
G1 X-29.861 Y32.711 E2454.65886 F3000
G1 X-28.398 Y32.663 E2454.90220 F3000
G1 X-27.749 Y32.642 E2455.01025 F3000
G1 X-26.521 Y32.605 E2455.21456 F3000
G1 X-26.272 Y32.598 E2455.25592 F3000
G1 X-24.819 Y32.554 E2455.49767 F3000
G1 X-24.261 Y32.538 E2455.59054 F3000
G1 X-23.597 Y32.519 E2455.70103 F3000
G1 X-22.563 Y32.488 E2455.87302 F3000
G1 X-21.668 Y32.463 E2456.02201 F3000
G1 X-20.986 Y32.444 E2456.13551 F3000
G1 X-20.439 Y32.431 E2456.22642 F3000
G1 X-19.335 Y32.405 E2456.41001 F3000
G1 X-18.908 Y32.397 E2456.48105 F3000
G1 X-17.422 Y32.369 E2456.72833 F3000
G1 X-15.110 Y32.334 E2457.11287 F3000
G1 X-15.054 Y32.334 E2457.12212 F3000
G1 X-14.547 Y32.327 E2457.20648 F3000
G1 X-12.440 Y32.303 E2457.55678 F3000
G1 X-10.151 Y32.279 E2457.93754 F3000
G1 X-9.785 Y32.275 E2457.99848 F3000
G1 X-7.802 Y32.255 E2458.32825 F3000
G1 X-7.288 Y32.250 E2458.41363 F3000
G1 X-6.786 Y32.245 E2458.49710 F3000
G1 X-5.152 Y32.229 E2458.76894 F3000
G1 X-4.599 Y32.224 E2458.86082 F3000
G1 X-3.285 Y32.212 E2459.07943 F3000
G1 X-2.188 Y32.205 E2459.26189 F3000
G1 X-1.598 Y32.202 E2459.36004 F3000
G1 X-0.588 Y32.199 E2459.52795 F3000
G1 X0.000 Y32.198 E2459.62571 F3000
G1 X0.588 Y32.199 E2459.72348 F3000
G1 X1.598 Y32.202 E2459.89139 F3000
G1 X2.188 Y32.205 E2459.98954 F3000
G1 X3.285 Y32.212 E2460.17200 F3000
G1 X4.599 Y32.224 E2460.39061 F3000
G1 X5.152 Y32.229 E2460.48248 F3000
G1 X6.786 Y32.245 E2460.75433 F3000
G1 X7.288 Y32.250 E2460.83780 F3000
G1 X7.802 Y32.255 E2460.92318 F3000
G1 X9.785 Y32.275 E2461.25295 F3000
G1 X10.151 Y32.279 E2461.31389 F3000
G1 X12.440 Y32.303 E2461.69465 F3000
G1 X14.547 Y32.327 E2462.04495 F3000
G1 X15.054 Y32.334 E2462.12930 F3000
G1 X15.110 Y32.334 E2462.13856 F3000
G1 X17.422 Y32.369 E2462.52310 F3000
G1 X18.908 Y32.397 E2462.77038 F3000
G1 X19.335 Y32.405 E2462.84142 F3000
G1 X20.439 Y32.431 E2463.02500 F3000
G1 X20.986 Y32.444 E2463.11592 F3000
G1 X21.668 Y32.463 E2463.22942 F3000
G1 X22.563 Y32.488 E2463.37841 F3000
G1 X23.597 Y32.519 E2463.55039 F3000
G1 X24.261 Y32.538 E2463.66089 F3000
G1 X24.819 Y32.554 E2463.75376 F3000
G1 X26.272 Y32.598 E2463.99551 F3000
; LAYER:63
; Z:63.500
G0 Z63.500 F600
G0 X24.427 Y32.891 F9000
G1 X24.197 Y32.883 E2464.03376 F3000
G1 X23.175 Y32.851 E2464.20386 F3000
G1 X22.727 Y32.837 E2464.27849 F3000
G1 X22.648 Y32.835 E2464.29150 F3000
G1 X21.144 Y32.793 E2464.54177 F3000
G1 X19.939 Y32.764 E2464.74224 F3000
G1 X19.486 Y32.753 E2464.81757 F3000
G1 X18.288 Y32.730 E2465.01677 F3000
G1 X17.560 Y32.717 E2465.13789 F3000
G1 X16.428 Y32.700 E2465.32624 F3000
G1 X15.175 Y32.681 E2465.53454 F3000
G1 X13.600 Y32.661 E2465.79650 F3000
G1 X12.541 Y32.648 E2465.97271 F3000
G1 X11.664 Y32.637 E2466.11847 F3000
G1 X9.863 Y32.616 E2466.41806 F3000
G1 X9.262 Y32.610 E2466.51808 F3000
G1 X7.346 Y32.589 E2466.83664 F3000
G1 X5.411 Y32.567 E2467.15848 F3000
G1 X5.192 Y32.565 E2467.19483 F3000
G1 X3.378 Y32.547 E2467.49656 F3000
G1 X3.311 Y32.546 E2467.50779 F3000
G1 X3.255 Y32.546 E2467.51699 F3000
G1 X1.847 Y32.536 E2467.75115 F3000
G1 X1.617 Y32.534 E2467.78942 F3000
G1 X0.025 Y32.530 E2468.05416 F3000
G1 X0.000 Y32.530 E2468.05835 F3000
G1 X-0.025 Y32.530 E2468.06253 F3000
G1 X-1.610 Y32.534 E2468.32608 F3000
G1 X-1.847 Y32.536 E2468.36553 F3000
G1 X-3.255 Y32.546 E2468.59970 F3000
G1 X-3.311 Y32.546 E2468.60890 F3000
G1 X-3.378 Y32.547 E2468.62013 F3000
G1 X-5.192 Y32.565 E2468.92186 F3000
G1 X-5.411 Y32.567 E2468.95821 F3000
G1 X-7.346 Y32.589 E2469.28005 F3000
G1 X-9.262 Y32.610 E2469.59861 F3000
G1 X-9.863 Y32.616 E2469.69863 F3000
G1 X-11.664 Y32.637 E2469.99822 F3000
G1 X-12.541 Y32.648 E2470.14398 F3000
G1 X-13.600 Y32.661 E2470.32019 F3000
G1 X-15.175 Y32.681 E2470.58216 F3000
G1 X-16.428 Y32.700 E2470.79045 F3000
G1 X-17.560 Y32.717 E2470.97880 F3000
G1 X-18.288 Y32.730 E2471.09992 F3000
G1 X-19.486 Y32.753 E2471.29912 F3000
G1 X-19.939 Y32.764 E2471.37445 F3000
G1 X-21.144 Y32.793 E2471.57492 F3000
G1 X-22.648 Y32.835 E2471.82519 F3000
G1 X-22.727 Y32.837 E2471.83820 F3000
G1 X-23.175 Y32.851 E2471.91283 F3000
G1 X-24.197 Y32.883 E2472.08293 F3000
G1 X-24.427 Y32.891 E2472.12119 F3000
G1 X-24.882 Y32.905 E2472.19685 F3000
G1 X-26.441 Y32.955 E2472.45617 F3000
G1 X-27.717 Y32.996 E2472.66846 F3000
G1 X-28.570 Y33.023 E2472.81040 F3000
G1 X-29.031 Y33.039 E2472.88718 F3000
G1 X-30.621 Y33.092 E2473.15166 F3000
G1 X-30.632 Y33.092 E2473.15349 F3000
G1 X-31.932 Y33.127 E2473.36982 F3000
G1 X-32.403 Y33.139 E2473.44817 F3000
G1 X-33.102 Y33.160 E2473.56446 F3000
G1 X-33.727 Y33.178 E2473.66851 F3000
G1 X-34.564 Y33.157 E2473.80775 F3000
G1 X-34.667 Y33.154 E2473.82489 F3000
G1 X-34.712 Y33.144 E2473.83249 F3000
G1 X-34.974 Y33.084 E2473.87723 F3000
G1 X-35.281 Y32.998 E2473.93031 F3000
G1 X-35.336 Y32.950 E2473.94236 F3000
G1 X-35.643 Y32.679 E2474.01048 F3000
G1 X-35.806 Y32.273 E2474.08321 F3000
G1 X-35.854 Y32.160 E2474.10360 F3000
G1 X-35.950 Y31.478 E2474.21809 F3000
G1 X-35.952 Y31.458 E2474.22152 F3000
G1 X-35.954 Y31.396 E2474.23177 F3000
G1 X-35.945 Y30.616 E2474.36162 F3000
G1 X-35.935 Y30.371 E2474.40230 F3000
G1 X-35.895 Y29.718 E2474.51107 F3000
G1 X-35.871 Y29.391 E2474.56558 F3000
G1 X-35.864 Y28.847 E2474.65620 F3000
G1 X-35.859 Y28.758 E2474.67094 F3000
G1 X-35.862 Y28.521 E2474.71030 F3000
G1 X-35.849 Y28.097 E2474.78083 F3000
G1 X-35.855 Y27.987 E2474.79916 F3000
G1 X-35.863 Y27.818 E2474.82739 F3000
G1 X-35.866 Y27.123 E2474.94296 F3000
G1 X-35.882 Y26.754 E2475.00430 F3000
G1 X-35.886 Y26.251 E2475.08800 F3000
G1 X-35.886 Y25.817 E2475.16021 F3000
G1 X-35.889 Y25.362 E2475.23582 F3000
G1 X-35.885 Y24.912 E2475.31066 F3000
G1 X-35.877 Y24.484 E2475.38191 F3000
G1 X-35.865 Y24.134 E2475.44007 F3000
G1 X-35.862 Y23.644 E2475.52168 F3000
G1 X-35.854 Y23.398 E2475.56258 F3000
G1 X-35.852 Y22.869 E2475.65048 F3000
G1 X-35.852 Y22.303 E2475.74462 F3000
G1 X-35.851 Y22.190 E2475.76352 F3000
G1 X-35.857 Y21.637 E2475.85543 F3000
G1 X-35.857 Y21.580 E2475.86494 F3000
G1 X-35.858 Y21.532 E2475.87287 F3000
G1 X-35.872 Y21.017 E2475.95863 F3000
G1 X-35.873 Y20.998 E2475.96166 F3000
G1 X-35.888 Y20.672 E2476.01607 F3000
G1 X-35.896 Y20.487 E2476.04684 F3000
G1 X-35.897 Y20.474 E2476.04889 F3000
G1 X-35.898 Y20.459 E2476.05140 F3000
G1 X-35.934 Y19.928 E2476.13988 F3000
G1 X-35.933 Y19.861 E2476.15105 F3000
G1 X-35.928 Y19.339 E2476.23785 F3000
G1 X-35.834 Y18.706 E2476.34429 F3000
G1 X-35.825 Y18.653 E2476.35335 F3000
G1 X-35.745 Y18.388 E2476.39933 F3000
G1 X-35.560 Y17.786 E2476.50406 F3000
G1 X-35.259 Y17.108 E2476.62747 F3000
G1 X-35.070 Y16.675 E2476.70590 F3000
G1 X-34.840 Y16.312 E2476.77747 F3000
G1 X-34.372 Y15.568 E2476.92356 F3000
G1 X-34.318 Y15.482 E2476.94045 F3000
G1 X-33.569 Y14.693 E2477.12139 F3000
G1 X-33.257 Y14.368 E2477.19628 F3000
G1 X-32.625 Y13.964 E2477.32103 F3000
G1 X-31.834 Y13.466 E2477.47649 F3000
G1 X-30.170 Y12.955 E2477.76603 F3000
G1 X-29.992 Y12.902 E2477.79691 F3000
G1 X-29.934 Y12.894 E2477.80661 F3000
G1 X-27.916 Y12.596 E2478.14587 F3000
G1 X-26.511 Y12.505 E2478.38001 F3000
G1 X-25.784 Y12.458 E2478.50112 F3000
G1 X-24.738 Y12.431 E2478.67518 F3000
G1 X-23.782 Y12.407 E2478.83421 F3000
G1 X-22.728 Y12.379 E2479.00948 F3000
G1 X-22.095 Y12.363 E2479.11478 F3000
G1 X-20.919 Y12.334 E2479.31045 F3000
G1 X-20.534 Y12.325 E2479.37446 F3000
G1 X-20.209 Y12.318 E2479.42858 F3000
G1 X-18.909 Y12.292 E2479.64477 F3000
G1 X-18.696 Y12.288 E2479.68017 F3000
G1 X-17.032 Y12.261 E2479.95704 F3000
G1 X-16.140 Y12.249 E2480.10530 F3000
G1 X-14.814 Y12.235 E2480.32589 F3000
G1 X-14.716 Y12.234 E2480.34214 F3000
G1 X-12.437 Y12.212 E2480.72113 F3000
G1 X-12.162 Y12.210 E2480.76687 F3000
G1 X-11.844 Y12.207 E2480.81984 F3000
G1 X-9.567 Y12.188 E2481.19842 F3000
G1 X-9.103 Y12.184 E2481.27567 F3000
G1 X-7.128 Y12.168 E2481.60408 F3000
G1 X-5.611 Y12.156 E2481.85637 F3000
G1 X-5.040 Y12.151 E2481.95141 F3000
G1 X-3.786 Y12.142 E2482.15983 F3000
G1 X-3.214 Y12.138 E2482.25504 F3000
G1 X-2.663 Y12.136 E2482.34665 F3000
G1 X-1.563 Y12.130 E2482.52955 F3000
G1 X-1.010 Y12.129 E2482.62152 F3000
G1 X0.000 Y12.127 E2482.78950 F3000
G1 X1.010 Y12.129 E2482.95747 F3000
G1 X1.563 Y12.130 E2483.04944 F3000
G1 X2.663 Y12.136 E2483.23234 F3000
G1 X3.214 Y12.138 E2483.32395 F3000
G1 X3.786 Y12.142 E2483.41917 F3000
G1 X5.040 Y12.151 E2483.62758 F3000
G1 X5.611 Y12.156 E2483.72262 F3000
G1 X7.128 Y12.168 E2483.97491 F3000
G1 X9.103 Y12.184 E2484.30332 F3000
G1 X9.567 Y12.188 E2484.38057 F3000
G1 X11.844 Y12.207 E2484.75915 F3000
G1 X12.162 Y12.210 E2484.81212 F3000
G1 X12.437 Y12.212 E2484.85786 F3000
G1 X14.716 Y12.234 E2485.23686 F3000
G1 X14.814 Y12.235 E2485.25310 F3000
G1 X16.140 Y12.249 E2485.47369 F3000
G1 X17.032 Y12.261 E2485.62195 F3000
G1 X18.696 Y12.288 E2485.89882 F3000
G1 X18.909 Y12.292 E2485.93422 F3000
G1 X20.209 Y12.318 E2486.15041 F3000
G1 X20.534 Y12.325 E2486.20453 F3000
G1 X20.919 Y12.334 E2486.26854 F3000
G1 X22.095 Y12.363 E2486.46422 F3000
G1 X22.728 Y12.379 E2486.56952 F3000
G1 X23.782 Y12.407 E2486.74478 F3000
G1 X24.738 Y12.431 E2486.90381 F3000
G1 X25.784 Y12.458 E2487.07787 F3000
G1 X26.511 Y12.505 E2487.19898 F3000
G1 X27.916 Y12.596 E2487.43313 F3000
G1 X29.934 Y12.894 E2487.77239 F3000
G1 X29.992 Y12.902 E2487.78208 F3000
G1 X30.170 Y12.955 E2487.81296 F3000
G1 X31.834 Y13.466 E2488.10250 F3000
G1 X32.625 Y13.964 E2488.25796 F3000
G1 X33.257 Y14.368 E2488.38272 F3000
G1 X33.569 Y14.693 E2488.45760 F3000
G1 X34.318 Y15.482 E2488.63854 F3000
G1 X34.372 Y15.568 E2488.65543 F3000
G1 X34.840 Y16.312 E2488.80152 F3000
G1 X35.070 Y16.675 E2488.87309 F3000
G1 X35.259 Y17.108 E2488.95152 F3000
G1 X35.560 Y17.786 E2489.07493 F3000
G1 X35.745 Y18.388 E2489.17966 F3000
G1 X35.825 Y18.653 E2489.22565 F3000
G1 X35.834 Y18.706 E2489.23470 F3000
G1 X35.928 Y19.339 E2489.34114 F3000
G1 X35.933 Y19.861 E2489.42794 F3000
G1 X35.934 Y19.928 E2489.43911 F3000
G1 X35.898 Y20.459 E2489.52759 F3000
G1 X35.896 Y20.487 E2489.53216 F3000
G1 X35.888 Y20.672 E2489.56292 F3000
G1 X35.873 Y20.998 E2489.61733 F3000
G1 X35.858 Y21.532 E2489.70612 F3000
G1 X35.857 Y21.580 E2489.71405 F3000
G1 X35.857 Y21.637 E2489.72356 F3000
G1 X35.851 Y22.190 E2489.81547 F3000
G1 X35.852 Y22.303 E2489.83437 F3000
G1 X35.852 Y22.869 E2489.92851 F3000
G1 X35.854 Y23.398 E2490.01641 F3000
G1 X35.862 Y23.644 E2490.05731 F3000
G1 X35.865 Y24.134 E2490.13892 F3000
G1 X35.877 Y24.484 E2490.19708 F3000
G1 X35.885 Y24.912 E2490.26833 F3000
G1 X35.889 Y25.362 E2490.34317 F3000
G1 X35.886 Y25.817 E2490.41878 F3000
G1 X35.886 Y26.251 E2490.49099 F3000
G1 X35.882 Y26.754 E2490.57469 F3000
G1 X35.866 Y27.123 E2490.63603 F3000
G1 X35.863 Y27.818 E2490.75160 F3000
G1 X35.855 Y27.987 E2490.77983 F3000
G1 X35.849 Y28.097 E2490.79816 F3000
G1 X35.862 Y28.521 E2490.86869 F3000
G1 X35.859 Y28.758 E2490.90805 F3000
G1 X35.864 Y28.847 E2490.92279 F3000
G1 X35.871 Y29.391 E2491.01341 F3000
G1 X35.895 Y29.718 E2491.06792 F3000
G1 X35.935 Y30.371 E2491.17669 F3000
G1 X35.945 Y30.616 E2491.21737 F3000
G1 X35.954 Y31.396 E2491.34723 F3000
G1 X35.953 Y31.443 E2491.35505 F3000
G1 X35.950 Y31.478 E2491.36088 F3000
G1 X35.854 Y32.160 E2491.47538 F3000
G1 X35.806 Y32.273 E2491.49577 F3000
G1 X35.643 Y32.679 E2491.56850 F3000
G1 X35.336 Y32.950 E2491.63662 F3000
G1 X35.281 Y32.998 E2491.64867 F3000
G1 X34.974 Y33.084 E2491.70176 F3000
G1 X34.712 Y33.144 E2491.74649 F3000
G1 X34.667 Y33.154 E2491.75409 F3000
G1 X34.564 Y33.157 E2491.77123 F3000
G1 X33.727 Y33.178 E2491.91047 F3000
G1 X33.102 Y33.160 E2492.01452 F3000
G1 X32.403 Y33.139 E2492.13081 F3000
G1 X31.932 Y33.127 E2492.20915 F3000
G1 X30.674 Y33.094 E2492.41834 F3000
G1 X30.632 Y33.092 E2492.42549 F3000
G1 X30.621 Y33.092 E2492.42732 F3000
G1 X29.031 Y33.039 E2492.69180 F3000
G1 X28.570 Y33.023 E2492.76858 F3000
G1 X27.717 Y32.996 E2492.91052 F3000
G1 X26.441 Y32.955 E2493.12281 F3000
G1 X24.882 Y32.905 E2493.38213 F3000
G1 X24.427 Y32.891 E2493.45779 F3000
; LAYER:64
; Z:64.500
G0 Z64.500 F600
G0 X35.806 Y32.442 F9000
G1 X35.624 Y32.704 E2493.51080 F3000
G1 X35.484 Y32.931 E2493.55511 F3000
G1 X35.438 Y32.982 E2493.56662 F3000
G1 X35.347 Y33.024 E2493.58329 F3000
G1 X34.868 Y33.244 E2493.67097 F3000
G1 X34.640 Y33.291 E2493.70969 F3000
G1 X34.240 Y33.373 E2493.77757 F3000
G1 X34.015 Y33.389 E2493.81503 F3000
G1 X33.929 Y33.395 E2493.82945 F3000
G1 X33.128 Y33.406 E2493.96255 F3000
G1 X32.589 Y33.413 E2494.05235 F3000
G1 X31.303 Y33.428 E2494.26609 F3000
G1 X30.935 Y33.418 E2494.32743 F3000
G1 X30.797 Y33.414 E2494.35033 F3000
G1 X29.491 Y33.382 E2494.56755 F3000
G1 X28.741 Y33.363 E2494.69242 F3000
G1 X26.884 Y33.318 E2495.00120 F3000
G1 X26.609 Y33.312 E2495.04698 F3000
G1 X26.211 Y33.302 E2495.11313 F3000
G1 X24.594 Y33.250 E2495.38222 F3000
G1 X23.503 Y33.215 E2495.56383 F3000
G1 X22.891 Y33.195 E2495.66567 F3000
G1 X22.148 Y33.172 E2495.78919 F3000
G1 X21.303 Y33.147 E2495.92982 F3000
G1 X20.017 Y33.114 E2496.14378 F3000
G1 X19.637 Y33.104 E2496.20699 F3000
G1 X17.756 Y33.066 E2496.51985 F3000
G1 X17.699 Y33.065 E2496.52936 F3000
G1 X17.648 Y33.064 E2496.53788 F3000
G1 X17.326 Y33.059 E2496.59141 F3000
G1 X15.297 Y33.029 E2496.92886 F3000
G1 X15.015 Y33.025 E2496.97567 F3000
G1 X12.642 Y32.995 E2497.37040 F3000
G1 X10.679 Y32.972 E2497.69692 F3000
G1 X9.943 Y32.963 E2497.81929 F3000
G1 X8.310 Y32.945 E2498.09082 F3000
G1 X7.406 Y32.935 E2498.24126 F3000
G1 X6.492 Y32.925 E2498.39325 F3000
G1 X5.234 Y32.911 E2498.60236 F3000
G1 X4.297 Y32.902 E2498.75833 F3000
G1 X3.337 Y32.893 E2498.91785 F3000
G1 X2.552 Y32.887 E2499.04846 F3000
G1 X1.623 Y32.880 E2499.20296 F3000
G1 X0.924 Y32.878 E2499.31921 F3000
G1 X0.000 Y32.876 E2499.47286 F3000
G1 X-0.924 Y32.878 E2499.62651 F3000
G1 X-1.623 Y32.880 E2499.74277 F3000
G1 X-2.552 Y32.887 E2499.89726 F3000
G1 X-3.337 Y32.893 E2500.02787 F3000
G1 X-4.297 Y32.902 E2500.18739 F3000
G1 X-5.234 Y32.911 E2500.34337 F3000
G1 X-6.492 Y32.925 E2500.55247 F3000
G1 X-7.406 Y32.935 E2500.70446 F3000
G1 X-8.310 Y32.945 E2500.85490 F3000
G1 X-9.943 Y32.963 E2501.12643 F3000
G1 X-10.679 Y32.972 E2501.24881 F3000
G1 X-12.642 Y32.995 E2501.57533 F3000
G1 X-15.015 Y33.025 E2501.97005 F3000
G1 X-15.297 Y33.029 E2502.01687 F3000
G1 X-17.326 Y33.059 E2502.35431 F3000
G1 X-17.648 Y33.064 E2502.40784 F3000
G1 X-17.699 Y33.065 E2502.41637 F3000
G1 X-17.756 Y33.066 E2502.42587 F3000
G1 X-19.637 Y33.104 E2502.73873 F3000
G1 X-20.017 Y33.114 E2502.80194 F3000
G1 X-21.303 Y33.147 E2503.01590 F3000
G1 X-22.148 Y33.172 E2503.15653 F3000
G1 X-22.891 Y33.195 E2503.28005 F3000
G1 X-23.503 Y33.215 E2503.38189 F3000
G1 X-24.594 Y33.250 E2503.56351 F3000
G1 X-26.211 Y33.302 E2503.83259 F3000
G1 X-26.609 Y33.312 E2503.89875 F3000
G1 X-26.884 Y33.318 E2503.94453 F3000
G1 X-28.741 Y33.363 E2504.25330 F3000
G1 X-29.491 Y33.382 E2504.37817 F3000
G1 X-30.797 Y33.414 E2504.59539 F3000
G1 X-30.935 Y33.418 E2504.61829 F3000
G1 X-31.303 Y33.428 E2504.67963 F3000
G1 X-32.589 Y33.413 E2504.89337 F3000
G1 X-33.128 Y33.406 E2504.98317 F3000
G1 X-33.929 Y33.395 E2505.11627 F3000
G1 X-34.015 Y33.389 E2505.13070 F3000
G1 X-34.240 Y33.373 E2505.16815 F3000
G1 X-34.640 Y33.291 E2505.23603 F3000
G1 X-34.868 Y33.244 E2505.27476 F3000
G1 X-35.347 Y33.024 E2505.36243 F3000
G1 X-35.438 Y32.982 E2505.37911 F3000
G1 X-35.484 Y32.931 E2505.39061 F3000
G1 X-35.624 Y32.704 E2505.43492 F3000
G1 X-35.806 Y32.442 E2505.48793 F3000
G1 X-35.808 Y32.438 E2505.48864 F3000
G1 X-35.963 Y31.804 E2505.59720 F3000
G1 X-35.998 Y31.496 E2505.64876 F3000
G1 X-36.060 Y30.967 E2505.73731 F3000
G1 X-36.066 Y30.894 E2505.74948 F3000
G1 X-36.045 Y30.312 E2505.84646 F3000
G1 X-36.043 Y30.046 E2505.89058 F3000
G1 X-36.036 Y29.176 E2506.03528 F3000
G1 X-36.036 Y29.167 E2506.03688 F3000
G1 X-36.000 Y28.535 E2506.14203 F3000
G1 X-36.003 Y28.296 E2506.18184 F3000
G1 X-36.009 Y27.826 E2506.26009 F3000
G1 X-36.003 Y27.444 E2506.32350 F3000
G1 X-36.016 Y26.700 E2506.44730 F3000
G1 X-36.016 Y26.588 E2506.46585 F3000
G1 X-36.016 Y26.502 E2506.48015 F3000
G1 X-36.017 Y25.699 E2506.61368 F3000
G1 X-36.017 Y25.630 E2506.62525 F3000
G1 X-36.008 Y24.806 E2506.76233 F3000
G1 X-35.997 Y24.163 E2506.86930 F3000
G1 X-36.001 Y23.942 E2506.90597 F3000
G1 X-35.995 Y23.447 E2506.98830 F3000
G1 X-36.001 Y23.143 E2507.03887 F3000
G1 X-36.005 Y22.802 E2507.09555 F3000
G1 X-36.004 Y22.441 E2507.15566 F3000
G1 X-36.008 Y22.069 E2507.21744 F3000
G1 X-36.010 Y21.812 E2507.26027 F3000
G1 X-36.014 Y21.609 E2507.29399 F3000
G1 X-36.021 Y21.235 E2507.35629 F3000
G1 X-36.028 Y21.079 E2507.38220 F3000
G1 X-36.042 Y20.689 E2507.44715 F3000
G1 X-36.074 Y20.213 E2507.52644 F3000
G1 X-36.078 Y20.156 E2507.53590 F3000
G1 X-36.073 Y19.600 E2507.62834 F3000
G1 X-36.055 Y19.476 E2507.64922 F3000
G1 X-35.973 Y18.945 E2507.73852 F3000
G1 X-35.971 Y18.938 E2507.73982 F3000
G1 X-35.721 Y18.136 E2507.87943 F3000
G1 X-35.489 Y17.614 E2507.97444 F3000
G1 X-35.254 Y17.066 E2508.07362 F3000
G1 X-35.155 Y16.910 E2508.10435 F3000
G1 X-35.016 Y16.682 E2508.14886 F3000
G1 X-34.677 Y16.147 E2508.25420 F3000
G1 X-34.502 Y15.869 E2508.30874 F3000
G1 X-33.713 Y15.034 E2508.49971 F3000
G1 X-33.435 Y14.739 E2508.56729 F3000
G1 X-33.099 Y14.522 E2508.63366 F3000
G1 X-32.297 Y14.008 E2508.79211 F3000
G1 X-32.007 Y13.826 E2508.84910 F3000
G1 X-31.305 Y13.610 E2508.97125 F3000
G1 X-30.161 Y13.256 E2509.17033 F3000
G1 X-28.584 Y13.017 E2509.43564 F3000
G1 X-28.078 Y12.939 E2509.52074 F3000
G1 X-27.763 Y12.917 E2509.57323 F3000
G1 X-26.301 Y12.817 E2509.81692 F3000
G1 X-25.995 Y12.797 E2509.86793 F3000
G1 X-25.941 Y12.793 E2509.87695 F3000
G1 X-24.253 Y12.749 E2510.15776 F3000
G1 X-23.937 Y12.741 E2510.21030 F3000
G1 X-23.589 Y12.732 E2510.26821 F3000
G1 X-22.248 Y12.697 E2510.49129 F3000
G1 X-21.709 Y12.684 E2510.58103 F3000
G1 X-20.683 Y12.659 E2510.75173 F3000
G1 X-19.815 Y12.641 E2510.89603 F3000
G1 X-19.050 Y12.625 E2511.02327 F3000
G1 X-18.206 Y12.611 E2511.16359 F3000
G1 X-17.161 Y12.594 E2511.33741 F3000
G1 X-15.620 Y12.574 E2511.59378 F3000
G1 X-14.828 Y12.563 E2511.72550 F3000
G1 X-12.887 Y12.542 E2512.04837 F3000
G1 X-12.253 Y12.534 E2512.15375 F3000
G1 X-11.706 Y12.529 E2512.24475 F3000
G1 X-9.637 Y12.508 E2512.58879 F3000
G1 X-9.299 Y12.504 E2512.64505 F3000
G1 X-7.179 Y12.484 E2512.99763 F3000
G1 X-5.112 Y12.464 E2513.34136 F3000
G1 X-5.075 Y12.463 E2513.34756 F3000
G1 X-4.422 Y12.458 E2513.45603 F3000
G1 X-3.280 Y12.449 E2513.64597 F3000
G1 X-3.236 Y12.449 E2513.65334 F3000
G1 X-3.193 Y12.449 E2513.66043 F3000
G1 X-1.574 Y12.440 E2513.92975 F3000
G1 X-1.494 Y12.440 E2513.94304 F3000
G1 X0.000 Y12.437 E2514.19149 F3000
G1 X1.494 Y12.440 E2514.43995 F3000
G1 X1.574 Y12.440 E2514.45324 F3000
G1 X3.193 Y12.449 E2514.72256 F3000
G1 X3.236 Y12.449 E2514.72965 F3000
G1 X3.280 Y12.449 E2514.73702 F3000
G1 X4.422 Y12.458 E2514.92695 F3000
G1 X5.075 Y12.463 E2515.03542 F3000
G1 X5.112 Y12.464 E2515.04163 F3000
G1 X7.179 Y12.484 E2515.38536 F3000
G1 X9.299 Y12.504 E2515.73794 F3000
G1 X9.637 Y12.508 E2515.79420 F3000
G1 X11.706 Y12.529 E2516.13824 F3000
G1 X12.253 Y12.534 E2516.22924 F3000
G1 X12.887 Y12.542 E2516.33462 F3000
G1 X14.828 Y12.563 E2516.65749 F3000
G1 X15.620 Y12.574 E2516.78920 F3000
G1 X17.161 Y12.594 E2517.04557 F3000
G1 X18.206 Y12.611 E2517.21940 F3000
G1 X19.050 Y12.625 E2517.35972 F3000
G1 X19.815 Y12.641 E2517.48696 F3000
G1 X20.683 Y12.659 E2517.63126 F3000
G1 X21.709 Y12.684 E2517.80196 F3000
G1 X22.248 Y12.697 E2517.89169 F3000
G1 X23.589 Y12.732 E2518.11477 F3000
G1 X23.937 Y12.741 E2518.17268 F3000
G1 X24.253 Y12.749 E2518.22523 F3000
G1 X25.941 Y12.793 E2518.50603 F3000
G1 X25.995 Y12.797 E2518.51506 F3000
G1 X26.301 Y12.817 E2518.56607 F3000
G1 X27.763 Y12.917 E2518.80976 F3000
G1 X28.078 Y12.939 E2518.86225 F3000
G1 X28.584 Y13.017 E2518.94735 F3000
G1 X30.161 Y13.256 E2519.21266 F3000
G1 X31.305 Y13.610 E2519.41173 F3000
G1 X32.007 Y13.826 E2519.53388 F3000
G1 X32.297 Y14.008 E2519.59088 F3000
G1 X33.099 Y14.522 E2519.74933 F3000
G1 X33.435 Y14.739 E2519.81570 F3000
G1 X33.713 Y15.034 E2519.88328 F3000
G1 X34.502 Y15.869 E2520.07425 F3000
G1 X34.677 Y16.147 E2520.12879 F3000
G1 X35.016 Y16.682 E2520.23413 F3000
G1 X35.155 Y16.910 E2520.27864 F3000
G1 X35.254 Y17.066 E2520.30937 F3000
G1 X35.489 Y17.614 E2520.40855 F3000
G1 X35.721 Y18.136 E2520.50356 F3000
G1 X35.971 Y18.938 E2520.64317 F3000
G1 X36.055 Y19.476 E2520.73375 F3000
G1 X36.073 Y19.592 E2520.75321 F3000
G1 X36.078 Y20.156 E2520.84708 F3000
G1 X36.074 Y20.213 E2520.85654 F3000
G1 X36.042 Y20.689 E2520.93583 F3000
G1 X36.028 Y21.079 E2521.00078 F3000
G1 X36.021 Y21.235 E2521.02669 F3000
G1 X36.014 Y21.609 E2521.08899 F3000
G1 X36.010 Y21.812 E2521.12271 F3000
G1 X36.008 Y22.069 E2521.16554 F3000
G1 X36.004 Y22.441 E2521.22732 F3000
G1 X36.005 Y22.802 E2521.28743 F3000
G1 X36.001 Y23.143 E2521.34411 F3000
G1 X35.995 Y23.447 E2521.39467 F3000
G1 X36.001 Y23.942 E2521.47701 F3000
G1 X35.997 Y24.163 E2521.51368 F3000
G1 X36.008 Y24.806 E2521.62065 F3000
G1 X36.017 Y25.630 E2521.75773 F3000
G1 X36.017 Y25.699 E2521.76930 F3000
G1 X36.016 Y26.502 E2521.90283 F3000
G1 X36.016 Y26.588 E2521.91713 F3000
G1 X36.016 Y26.700 E2521.93568 F3000
G1 X36.003 Y27.444 E2522.05948 F3000
G1 X36.009 Y27.826 E2522.12289 F3000
G1 X36.003 Y28.296 E2522.20114 F3000
G1 X36.000 Y28.535 E2522.24095 F3000
G1 X36.036 Y29.160 E2522.34503 F3000
G1 X36.036 Y29.167 E2522.34610 F3000
G1 X36.036 Y29.176 E2522.34770 F3000
G1 X36.043 Y30.046 E2522.49240 F3000
G1 X36.045 Y30.312 E2522.53652 F3000
G1 X36.066 Y30.894 E2522.63350 F3000
G1 X36.062 Y30.937 E2522.64066 F3000
G1 X35.998 Y31.496 E2522.73422 F3000
G1 X35.963 Y31.804 E2522.78578 F3000
G1 X35.806 Y32.442 E2522.89504 F3000
; LAYER:65
; Z:65.500
G0 Z65.500 F600
G0 X32.760 Y33.255 F9000
G1 X32.597 Y33.307 E2522.92363 F3000
G1 X32.454 Y33.353 E2522.94848 F3000
G1 X30.968 Y33.527 E2523.19740 F3000
G1 X30.315 Y33.599 E2523.30655 F3000
G1 X28.910 Y33.615 E2523.54031 F3000
G1 X28.147 Y33.623 E2523.66718 F3000
G1 X26.912 Y33.636 E2523.87253 F3000
G1 X26.778 Y33.633 E2523.89493 F3000
G1 X26.692 Y33.631 E2523.90909 F3000
G1 X24.761 Y33.584 E2524.23036 F3000
G1 X24.009 Y33.566 E2524.35545 F3000
G1 X23.055 Y33.543 E2524.51419 F3000
G1 X22.738 Y33.536 E2524.56688 F3000
G1 X21.638 Y33.511 E2524.74991 F3000
G1 X21.492 Y33.506 E2524.77424 F3000
G1 X21.462 Y33.505 E2524.77908 F3000
G1 X21.418 Y33.504 E2524.78643 F3000
G1 X19.788 Y33.462 E2525.05757 F3000
G1 X19.327 Y33.453 E2525.13437 F3000
G1 X17.838 Y33.422 E2525.38194 F3000
G1 X16.504 Y33.401 E2525.60391 F3000
G1 X15.419 Y33.384 E2525.78434 F3000
G1 X14.301 Y33.368 E2525.97025 F3000
G1 X12.743 Y33.347 E2526.22930 F3000
G1 X10.623 Y33.321 E2526.58200 F3000
G1 X10.023 Y33.313 E2526.68178 F3000
G1 X7.654 Y33.285 E2527.07581 F3000
G1 X7.465 Y33.283 E2527.10716 F3000
G1 X7.337 Y33.282 E2527.12841 F3000
G1 X6.152 Y33.268 E2527.32561 F3000
G1 X5.276 Y33.258 E2527.47117 F3000
G1 X5.215 Y33.257 E2527.48140 F3000
G1 X3.364 Y33.239 E2527.78920 F3000
G1 X1.849 Y33.228 E2528.04121 F3000
G1 X1.636 Y33.227 E2528.07659 F3000
G1 X0.229 Y33.223 E2528.31054 F3000
G1 X0.000 Y33.222 E2528.34867 F3000
G1 X-0.229 Y33.223 E2528.38679 F3000
G1 X-1.636 Y33.227 E2528.62074 F3000
G1 X-1.849 Y33.228 E2528.65612 F3000
G1 X-3.364 Y33.239 E2528.90813 F3000
G1 X-5.215 Y33.257 E2529.21593 F3000
G1 X-5.276 Y33.258 E2529.22616 F3000
G1 X-6.152 Y33.268 E2529.37172 F3000
G1 X-7.337 Y33.282 E2529.56892 F3000
G1 X-7.465 Y33.283 E2529.59017 F3000
G1 X-7.654 Y33.285 E2529.62152 F3000
G1 X-10.023 Y33.313 E2530.01555 F3000
G1 X-10.623 Y33.321 E2530.11533 F3000
G1 X-12.743 Y33.347 E2530.46803 F3000
G1 X-14.301 Y33.368 E2530.72708 F3000
G1 X-15.419 Y33.384 E2530.91299 F3000
G1 X-16.504 Y33.401 E2531.09342 F3000
G1 X-17.838 Y33.422 E2531.31539 F3000
G1 X-19.327 Y33.453 E2531.56296 F3000
G1 X-19.788 Y33.462 E2531.63977 F3000
G1 X-21.418 Y33.504 E2531.91090 F3000
G1 X-21.462 Y33.505 E2531.91825 F3000
G1 X-21.492 Y33.506 E2531.92309 F3000
G1 X-21.638 Y33.511 E2531.94742 F3000
G1 X-22.738 Y33.536 E2532.13045 F3000
G1 X-23.055 Y33.543 E2532.18314 F3000
G1 X-24.009 Y33.566 E2532.34188 F3000
G1 X-24.761 Y33.584 E2532.46697 F3000
G1 X-26.692 Y33.631 E2532.78824 F3000
G1 X-26.778 Y33.633 E2532.80240 F3000
G1 X-26.912 Y33.636 E2532.82480 F3000
G1 X-28.147 Y33.623 E2533.03015 F3000
G1 X-28.910 Y33.615 E2533.15702 F3000
G1 X-30.315 Y33.599 E2533.39078 F3000
G1 X-30.968 Y33.527 E2533.49993 F3000
G1 X-32.454 Y33.353 E2533.74885 F3000
G1 X-32.597 Y33.307 E2533.77370 F3000
G1 X-32.760 Y33.255 E2533.80229 F3000
G1 X-33.882 Y32.853 E2534.00041 F3000
G1 X-34.094 Y32.729 E2534.04133 F3000
G1 X-34.881 Y32.119 E2534.20694 F3000
G1 X-34.959 Y32.052 E2534.22405 F3000
G1 X-35.024 Y31.992 E2534.23875 F3000
G1 X-35.523 Y31.231 E2534.39004 F3000
G1 X-35.617 Y31.097 E2534.41723 F3000
G1 X-35.869 Y30.281 E2534.55923 F3000
G1 X-35.905 Y30.194 E2534.57499 F3000
G1 X-35.933 Y30.120 E2534.58807 F3000
G1 X-36.026 Y29.377 E2534.71256 F3000
G1 X-36.068 Y29.095 E2534.76004 F3000
G1 X-36.068 Y28.520 E2534.85571 F3000
G1 X-36.070 Y28.172 E2534.91349 F3000
G1 X-36.092 Y27.690 E2534.99374 F3000
G1 X-36.094 Y27.607 E2535.00750 F3000
G1 X-36.104 Y27.330 E2535.05366 F3000
G1 X-36.102 Y26.835 E2535.13601 F3000
G1 X-36.106 Y26.082 E2535.26123 F3000
G1 X-36.106 Y25.938 E2535.28520 F3000
G1 X-36.113 Y25.136 E2535.41846 F3000
G1 X-36.112 Y25.042 E2535.43418 F3000
G1 X-36.111 Y24.968 E2535.44645 F3000
G1 X-36.120 Y24.394 E2535.54196 F3000
G1 X-36.120 Y24.171 E2535.57910 F3000
G1 X-36.120 Y23.339 E2535.71748 F3000
G1 X-36.117 Y22.826 E2535.80277 F3000
G1 X-36.120 Y22.610 E2535.83871 F3000
G1 X-36.118 Y22.213 E2535.90468 F3000
G1 X-36.118 Y21.958 E2535.94698 F3000
G1 X-36.117 Y21.675 E2535.99416 F3000
G1 X-36.117 Y21.362 E2536.04622 F3000
G1 X-36.118 Y21.018 E2536.10335 F3000
G1 X-36.122 Y20.797 E2536.14018 F3000
G1 X-36.128 Y20.629 E2536.16811 F3000
G1 X-36.134 Y20.242 E2536.23247 F3000
G1 X-36.132 Y20.162 E2536.24581 F3000
G1 X-36.114 Y19.782 E2536.30910 F3000
G1 X-36.105 Y19.685 E2536.32519 F3000
G1 X-36.102 Y19.664 E2536.32874 F3000
G1 X-35.980 Y19.036 E2536.43511 F3000
G1 X-35.954 Y18.950 E2536.45014 F3000
G1 X-35.832 Y18.523 E2536.52390 F3000
G1 X-35.797 Y18.409 E2536.54381 F3000
G1 X-35.744 Y18.274 E2536.56789 F3000
G1 X-35.405 Y17.456 E2536.71519 F3000
G1 X-35.205 Y17.116 E2536.78077 F3000
G1 X-34.907 Y16.642 E2536.87379 F3000
G1 X-34.683 Y16.276 E2536.94528 F3000
G1 X-34.034 Y15.563 E2537.10558 F3000
G1 X-33.613 Y15.117 E2537.20754 F3000
G1 X-32.993 Y14.717 E2537.33029 F3000
G1 X-32.180 Y14.190 E2537.49142 F3000
G1 X-31.830 Y14.078 E2537.55245 F3000
G1 X-30.995 Y13.816 E2537.69797 F3000
G1 X-30.331 Y13.610 E2537.81360 F3000
G1 X-30.030 Y13.565 E2537.86434 F3000
G1 X-28.247 Y13.291 E2538.16433 F3000
G1 X-27.137 Y13.213 E2538.34938 F3000
G1 X-26.108 Y13.143 E2538.52092 F3000
G1 X-25.406 Y13.122 E2538.63764 F3000
G1 X-24.098 Y13.084 E2538.85527 F3000
G1 X-22.542 Y13.038 E2539.11420 F3000
G1 X-22.403 Y13.033 E2539.13731 F3000
G1 X-21.621 Y13.012 E2539.26735 F3000
G1 X-20.831 Y12.993 E2539.39876 F3000
G1 X-19.421 Y12.963 E2539.63325 F3000
G1 X-19.191 Y12.958 E2539.67153 F3000
G1 X-17.717 Y12.933 E2539.91677 F3000
G1 X-17.291 Y12.927 E2539.98756 F3000
G1 X-16.663 Y12.918 E2540.09197 F3000
G1 X-14.942 Y12.896 E2540.37833 F3000
G1 X-14.002 Y12.885 E2540.53462 F3000
G1 X-12.348 Y12.866 E2540.80974 F3000
G1 X-10.919 Y12.852 E2541.04732 F3000
G1 X-9.712 Y12.839 E2541.24811 F3000
G1 X-8.540 Y12.828 E2541.44303 F3000
G1 X-7.234 Y12.815 E2541.66012 F3000
G1 X-5.962 Y12.803 E2541.87176 F3000
G1 X-5.114 Y12.794 E2542.01277 F3000
G1 X-3.900 Y12.784 E2542.21459 F3000
G1 X-3.261 Y12.778 E2542.32096 F3000
G1 X-2.726 Y12.775 E2542.40989 F3000
G1 X-1.586 Y12.768 E2542.59951 F3000
G1 X-1.118 Y12.767 E2542.67732 F3000
G1 X0.000 Y12.764 E2542.86323 F3000
G1 X1.118 Y12.767 E2543.04914 F3000
G1 X1.586 Y12.768 E2543.12696 F3000
G1 X2.726 Y12.775 E2543.31657 F3000
G1 X3.261 Y12.778 E2543.40551 F3000
G1 X3.900 Y12.784 E2543.51187 F3000
G1 X5.114 Y12.794 E2543.71369 F3000
G1 X5.962 Y12.803 E2543.85470 F3000
G1 X7.234 Y12.815 E2544.06634 F3000
G1 X8.540 Y12.828 E2544.28343 F3000
G1 X9.712 Y12.839 E2544.47835 F3000
G1 X10.919 Y12.852 E2544.67914 F3000
G1 X12.348 Y12.866 E2544.91672 F3000
G1 X14.002 Y12.885 E2545.19184 F3000
G1 X14.942 Y12.896 E2545.34814 F3000
G1 X16.663 Y12.918 E2545.63449 F3000
G1 X17.291 Y12.927 E2545.73890 F3000
G1 X17.717 Y12.933 E2545.80970 F3000
G1 X19.191 Y12.958 E2546.05493 F3000
G1 X19.421 Y12.963 E2546.09322 F3000
G1 X20.831 Y12.993 E2546.32770 F3000
G1 X21.621 Y13.012 E2546.45911 F3000
G1 X22.403 Y13.033 E2546.58915 F3000
G1 X22.542 Y13.038 E2546.61226 F3000
G1 X24.098 Y13.084 E2546.87119 F3000
G1 X25.406 Y13.122 E2547.08882 F3000
G1 X26.108 Y13.143 E2547.20554 F3000
G1 X27.137 Y13.213 E2547.37709 F3000
G1 X28.247 Y13.291 E2547.56213 F3000
G1 X30.030 Y13.565 E2547.86212 F3000
G1 X30.331 Y13.610 E2547.91286 F3000
G1 X30.995 Y13.816 E2548.02849 F3000
G1 X31.830 Y14.078 E2548.17401 F3000
G1 X32.180 Y14.190 E2548.23505 F3000
G1 X32.993 Y14.717 E2548.39617 F3000
G1 X33.613 Y15.117 E2548.51892 F3000
G1 X34.034 Y15.563 E2548.62089 F3000
G1 X34.683 Y16.276 E2548.78118 F3000
G1 X34.907 Y16.642 E2548.85267 F3000
G1 X35.205 Y17.116 E2548.94569 F3000
G1 X35.405 Y17.456 E2549.01127 F3000
G1 X35.744 Y18.274 E2549.15857 F3000
G1 X35.790 Y18.387 E2549.17883 F3000
G1 X35.832 Y18.523 E2549.20258 F3000
G1 X35.954 Y18.950 E2549.27634 F3000
G1 X35.980 Y19.036 E2549.29137 F3000
G1 X36.095 Y19.630 E2549.39188 F3000
G1 X36.105 Y19.685 E2549.40129 F3000
G1 X36.114 Y19.782 E2549.41738 F3000
G1 X36.132 Y20.162 E2549.48066 F3000
G1 X36.134 Y20.242 E2549.49400 F3000
G1 X36.128 Y20.629 E2549.55837 F3000
G1 X36.122 Y20.797 E2549.58630 F3000
G1 X36.118 Y21.018 E2549.62313 F3000
G1 X36.117 Y21.362 E2549.68025 F3000
G1 X36.117 Y21.675 E2549.73232 F3000
G1 X36.118 Y21.958 E2549.77949 F3000
G1 X36.118 Y22.213 E2549.82179 F3000
G1 X36.120 Y22.610 E2549.88777 F3000
G1 X36.117 Y22.826 E2549.92370 F3000
G1 X36.120 Y23.339 E2550.00899 F3000
G1 X36.121 Y24.132 E2550.14095 F3000
G1 X36.120 Y24.394 E2550.18451 F3000
G1 X36.111 Y24.968 E2550.28003 F3000
G1 X36.112 Y25.042 E2550.29229 F3000
G1 X36.113 Y25.136 E2550.30802 F3000
G1 X36.106 Y25.938 E2550.44128 F3000
G1 X36.106 Y26.082 E2550.46525 F3000
G1 X36.102 Y26.835 E2550.59047 F3000
G1 X36.104 Y27.330 E2550.67282 F3000
G1 X36.094 Y27.607 E2550.71898 F3000
G1 X36.092 Y27.690 E2550.73273 F3000
G1 X36.070 Y28.172 E2550.81298 F3000
G1 X36.068 Y28.520 E2550.87076 F3000
G1 X36.068 Y29.095 E2550.96643 F3000
G1 X36.026 Y29.377 E2551.01392 F3000
G1 X35.933 Y30.120 E2551.13841 F3000
G1 X35.905 Y30.194 E2551.15148 F3000
G1 X35.869 Y30.281 E2551.16725 F3000
G1 X35.617 Y31.097 E2551.30925 F3000
G1 X35.523 Y31.231 E2551.33643 F3000
G1 X35.024 Y31.992 E2551.48772 F3000
G1 X34.959 Y32.052 E2551.50242 F3000
G1 X34.881 Y32.119 E2551.51953 F3000
G1 X34.094 Y32.729 E2551.68514 F3000
G1 X33.882 Y32.853 E2551.72606 F3000
G1 X32.760 Y33.255 E2551.92419 F3000
; LAYER:66
; Z:66.500
G0 Z66.500 F600
G0 X32.829 Y31.468 F9000
G1 X31.328 Y32.315 E2552.21088 F3000
G1 X31.221 Y32.371 E2552.23089 F3000
G1 X31.088 Y32.440 E2552.25575 F3000
G1 X30.369 Y32.794 E2552.38915 F3000
G1 X29.823 Y33.062 E2552.49022 F3000
G1 X29.485 Y33.165 E2552.54904 F3000
G1 X29.061 Y33.295 E2552.62269 F3000
G1 X28.169 Y33.562 E2552.77763 F3000
G1 X27.534 Y33.630 E2552.88376 F3000
G1 X26.939 Y33.695 E2552.98333 F3000
G1 X26.449 Y33.748 E2553.06536 F3000
G1 X25.889 Y33.807 E2553.15892 F3000
G1 X25.281 Y33.814 E2553.26003 F3000
G1 X24.926 Y33.818 E2553.31915 F3000
G1 X23.974 Y33.828 E2553.47745 F3000
G1 X23.218 Y33.837 E2553.60310 F3000
G1 X22.413 Y33.845 E2553.73697 F3000
G1 X21.800 Y33.831 E2553.83901 F3000
G1 X21.622 Y33.827 E2553.86864 F3000
G1 X21.297 Y33.820 E2553.92273 F3000
G1 X19.940 Y33.794 E2554.14840 F3000
G1 X18.903 Y33.778 E2554.32082 F3000
G1 X17.978 Y33.764 E2554.47475 F3000
G1 X17.268 Y33.756 E2554.59286 F3000
G1 X15.541 Y33.735 E2554.87999 F3000
G1 X15.261 Y33.732 E2554.92660 F3000
G1 X13.992 Y33.719 E2555.13769 F3000
G1 X12.995 Y33.706 E2555.30348 F3000
G1 X12.845 Y33.703 E2555.32832 F3000
G1 X12.642 Y33.701 E2555.36215 F3000
G1 X10.103 Y33.669 E2555.78437 F3000
G1 X9.506 Y33.662 E2555.88366 F3000
G1 X7.525 Y33.639 E2556.21317 F3000
G1 X6.183 Y33.623 E2556.43644 F3000
G1 X5.319 Y33.613 E2556.58010 F3000
G1 X4.311 Y33.602 E2556.74774 F3000
G1 X3.391 Y33.593 E2556.90068 F3000
G1 X2.438 Y33.585 E2557.05923 F3000
G1 X1.649 Y33.579 E2557.19039 F3000
G1 X0.687 Y33.577 E2557.35045 F3000
G1 X0.000 Y33.575 E2557.46464 F3000
G1 X-0.687 Y33.577 E2557.57883 F3000
G1 X-1.649 Y33.579 E2557.73889 F3000
G1 X-2.438 Y33.585 E2557.87004 F3000
G1 X-3.391 Y33.593 E2558.02859 F3000
G1 X-4.311 Y33.602 E2558.18153 F3000
G1 X-5.319 Y33.613 E2558.34917 F3000
G1 X-6.183 Y33.623 E2558.49283 F3000
G1 X-7.525 Y33.639 E2558.71610 F3000
G1 X-9.506 Y33.662 E2559.04561 F3000
G1 X-10.103 Y33.669 E2559.14490 F3000
G1 X-12.642 Y33.701 E2559.56713 F3000
G1 X-12.845 Y33.703 E2559.60095 F3000
G1 X-12.995 Y33.706 E2559.62579 F3000
G1 X-13.992 Y33.719 E2559.79158 F3000
G1 X-15.261 Y33.732 E2560.00268 F3000
G1 X-15.541 Y33.735 E2560.04928 F3000
G1 X-17.268 Y33.756 E2560.33641 F3000
G1 X-17.978 Y33.764 E2560.45453 F3000
G1 X-18.903 Y33.778 E2560.60845 F3000
G1 X-19.940 Y33.794 E2560.78087 F3000
G1 X-21.297 Y33.820 E2561.00654 F3000
G1 X-21.622 Y33.827 E2561.06063 F3000
G1 X-21.800 Y33.831 E2561.09026 F3000
G1 X-22.413 Y33.845 E2561.19230 F3000
G1 X-23.218 Y33.837 E2561.32617 F3000
G1 X-23.974 Y33.828 E2561.45182 F3000
G1 X-24.926 Y33.818 E2561.61012 F3000
G1 X-25.281 Y33.814 E2561.66924 F3000
G1 X-25.889 Y33.807 E2561.77035 F3000
G1 X-26.449 Y33.748 E2561.86391 F3000
G1 X-26.939 Y33.695 E2561.94594 F3000
G1 X-27.534 Y33.630 E2562.04552 F3000
G1 X-28.169 Y33.562 E2562.15164 F3000
G1 X-29.061 Y33.295 E2562.30659 F3000
G1 X-29.485 Y33.165 E2562.38023 F3000
G1 X-29.823 Y33.062 E2562.43905 F3000
G1 X-30.369 Y32.794 E2562.54012 F3000
G1 X-31.088 Y32.440 E2562.67352 F3000
G1 X-31.221 Y32.371 E2562.69838 F3000
G1 X-31.328 Y32.315 E2562.71839 F3000
G1 X-32.829 Y31.468 E2563.00508 F3000
G1 X-32.915 Y31.414 E2563.02200 F3000
G1 X-33.005 Y31.354 E2563.04001 F3000
G1 X-33.687 Y30.975 E2563.16973 F3000
G1 X-34.116 Y30.717 E2563.25296 F3000
G1 X-34.342 Y30.544 E2563.30037 F3000
G1 X-34.617 Y30.309 E2563.36045 F3000
G1 X-35.015 Y30.053 E2563.43915 F3000
G1 X-35.284 Y29.763 E2563.50498 F3000
G1 X-35.587 Y29.399 E2563.58379 F3000
G1 X-35.766 Y28.977 E2563.66002 F3000
G1 X-35.907 Y28.623 E2563.72332 F3000
G1 X-35.917 Y28.556 E2563.73454 F3000
G1 X-35.981 Y28.105 E2563.81027 F3000
G1 X-36.035 Y27.752 E2563.86975 F3000
G1 X-36.050 Y27.621 E2563.89170 F3000
G1 X-36.083 Y27.315 E2563.94290 F3000
G1 X-36.089 Y27.023 E2563.99137 F3000
G1 X-36.093 Y26.926 E2564.00748 F3000
G1 X-36.094 Y26.784 E2564.03121 F3000
G1 X-36.113 Y26.027 E2564.15704 F3000
G1 X-36.112 Y25.822 E2564.19114 F3000
G1 X-36.131 Y25.115 E2564.30877 F3000
G1 X-36.151 Y24.273 E2564.44879 F3000
G1 X-36.156 Y24.003 E2564.49369 F3000
G1 X-36.151 Y23.376 E2564.59808 F3000
G1 X-36.140 Y22.790 E2564.69549 F3000
G1 X-36.139 Y22.624 E2564.72307 F3000
G1 X-36.127 Y22.167 E2564.79918 F3000
G1 X-36.122 Y21.954 E2564.83459 F3000
G1 X-36.111 Y21.706 E2564.87592 F3000
G1 X-36.098 Y21.334 E2564.93772 F3000
G1 X-36.079 Y20.990 E2564.99512 F3000
G1 X-36.067 Y20.734 E2565.03773 F3000
G1 X-36.059 Y20.558 E2565.06705 F3000
G1 X-36.027 Y20.115 E2565.14080 F3000
G1 X-36.022 Y20.066 E2565.14899 F3000
G1 X-36.001 Y19.898 E2565.17718 F3000
G1 X-35.911 Y19.431 E2565.25625 F3000
G1 X-35.796 Y18.978 E2565.33405 F3000
G1 X-35.734 Y18.719 E2565.37829 F3000
G1 X-35.651 Y18.462 E2565.42313 F3000
G1 X-35.520 Y18.023 E2565.49948 F3000
G1 X-35.492 Y17.945 E2565.51326 F3000
G1 X-35.082 Y17.151 E2565.66178 F3000
G1 X-34.848 Y16.752 E2565.73864 F3000
G1 X-34.537 Y16.389 E2565.81818 F3000
G1 X-34.263 Y16.051 E2565.89055 F3000
G1 X-33.791 Y15.534 E2566.00700 F3000
G1 X-32.576 Y14.703 E2566.25170 F3000
G1 X-32.354 Y14.559 E2566.29574 F3000
G1 X-31.174 Y14.183 E2566.50166 F3000
G1 X-30.502 Y13.972 E2566.61877 F3000
G1 X-29.765 Y13.855 E2566.74294 F3000
G1 X-28.416 Y13.645 E2566.97008 F3000
G1 X-27.567 Y13.583 E2567.11147 F3000
G1 X-26.510 Y13.509 E2567.28773 F3000
G1 X-26.275 Y13.493 E2567.32694 F3000
G1 X-24.810 Y13.450 E2567.57061 F3000
G1 X-24.264 Y13.434 E2567.66156 F3000
G1 X-23.613 Y13.415 E2567.76977 F3000
G1 X-22.566 Y13.383 E2567.94404 F3000
G1 X-21.683 Y13.359 E2568.09097 F3000
G1 X-20.988 Y13.339 E2568.20655 F3000
G1 X-20.431 Y13.326 E2568.29912 F3000
G1 X-19.338 Y13.300 E2568.48106 F3000
G1 X-18.899 Y13.292 E2568.55405 F3000
G1 X-17.424 Y13.264 E2568.79942 F3000
G1 X-15.130 Y13.230 E2569.18098 F3000
G1 X-15.056 Y13.229 E2569.19325 F3000
G1 X-14.383 Y13.220 E2569.30510 F3000
G1 X-12.442 Y13.198 E2569.62791 F3000
G1 X-10.132 Y13.175 E2570.01207 F3000
G1 X-9.786 Y13.171 E2570.06961 F3000
G1 X-7.781 Y13.151 E2570.40320 F3000
G1 X-7.290 Y13.146 E2570.48480 F3000
G1 X-6.812 Y13.142 E2570.56435 F3000
G1 X-5.153 Y13.126 E2570.84016 F3000
G1 X-4.623 Y13.121 E2570.92824 F3000
G1 X-3.286 Y13.109 E2571.15071 F3000
G1 X-2.167 Y13.102 E2571.33673 F3000
G1 X-1.598 Y13.099 E2571.43140 F3000
G1 X-0.567 Y13.096 E2571.60284 F3000
G1 X0.000 Y13.095 E2571.69715 F3000
G1 X0.567 Y13.096 E2571.79145 F3000
G1 X1.598 Y13.099 E2571.96289 F3000
G1 X2.167 Y13.102 E2572.05756 F3000
G1 X3.286 Y13.109 E2572.24358 F3000
G1 X4.623 Y13.121 E2572.46605 F3000
G1 X5.153 Y13.126 E2572.55413 F3000
G1 X6.812 Y13.142 E2572.82994 F3000
G1 X7.290 Y13.146 E2572.90949 F3000
G1 X7.781 Y13.151 E2572.99109 F3000
G1 X9.786 Y13.171 E2573.32468 F3000
G1 X10.132 Y13.175 E2573.38222 F3000
G1 X12.442 Y13.198 E2573.76638 F3000
G1 X14.383 Y13.220 E2574.08919 F3000
G1 X15.056 Y13.229 E2574.20104 F3000
G1 X15.130 Y13.230 E2574.21331 F3000
G1 X17.424 Y13.264 E2574.59487 F3000
G1 X18.899 Y13.292 E2574.84024 F3000
G1 X19.338 Y13.300 E2574.91323 F3000
G1 X20.431 Y13.326 E2575.09517 F3000
G1 X20.988 Y13.339 E2575.18774 F3000
G1 X21.683 Y13.359 E2575.30332 F3000
G1 X22.566 Y13.383 E2575.45025 F3000
G1 X23.613 Y13.415 E2575.62452 F3000
G1 X24.264 Y13.434 E2575.73273 F3000
G1 X24.810 Y13.450 E2575.82368 F3000
G1 X26.275 Y13.493 E2576.06735 F3000
G1 X26.510 Y13.509 E2576.10656 F3000
G1 X27.568 Y13.583 E2576.28282 F3000
G1 X28.416 Y13.645 E2576.42421 F3000
G1 X29.765 Y13.855 E2576.65135 F3000
G1 X30.502 Y13.972 E2576.77552 F3000
G1 X31.174 Y14.183 E2576.89263 F3000
G1 X32.354 Y14.559 E2577.09855 F3000
G1 X32.576 Y14.703 E2577.14260 F3000
G1 X33.791 Y15.534 E2577.38729 F3000
G1 X34.263 Y16.051 E2577.50374 F3000
G1 X34.537 Y16.389 E2577.57611 F3000
G1 X34.848 Y16.752 E2577.65565 F3000
G1 X35.082 Y17.151 E2577.73251 F3000
G1 X35.492 Y17.945 E2577.88104 F3000
G1 X35.520 Y18.023 E2577.89481 F3000
G1 X35.651 Y18.462 E2577.97116 F3000
G1 X35.734 Y18.719 E2578.01600 F3000
G1 X35.796 Y18.978 E2578.06024 F3000
G1 X35.911 Y19.431 E2578.13805 F3000
G1 X36.001 Y19.898 E2578.21711 F3000
G1 X36.022 Y20.066 E2578.24530 F3000
G1 X36.027 Y20.115 E2578.25349 F3000
G1 X36.059 Y20.558 E2578.32724 F3000
G1 X36.067 Y20.734 E2578.35656 F3000
G1 X36.079 Y20.990 E2578.39917 F3000
G1 X36.098 Y21.334 E2578.45657 F3000
G1 X36.111 Y21.706 E2578.51837 F3000
G1 X36.122 Y21.954 E2578.55970 F3000
G1 X36.127 Y22.167 E2578.59511 F3000
G1 X36.139 Y22.624 E2578.67122 F3000
G1 X36.140 Y22.790 E2578.69880 F3000
G1 X36.151 Y23.376 E2578.79621 F3000
G1 X36.156 Y24.003 E2578.90060 F3000
G1 X36.151 Y24.228 E2578.93798 F3000
G1 X36.131 Y25.115 E2579.08552 F3000
G1 X36.112 Y25.822 E2579.20315 F3000
G1 X36.113 Y26.027 E2579.23725 F3000
G1 X36.094 Y26.784 E2579.36308 F3000
G1 X36.093 Y26.926 E2579.38681 F3000
G1 X36.089 Y27.023 E2579.40292 F3000
G1 X36.083 Y27.315 E2579.45139 F3000
G1 X36.050 Y27.621 E2579.50259 F3000
G1 X36.035 Y27.752 E2579.52454 F3000
G1 X35.981 Y28.105 E2579.58402 F3000
G1 X35.917 Y28.556 E2579.65975 F3000
G1 X35.907 Y28.623 E2579.67097 F3000
G1 X35.766 Y28.977 E2579.73427 F3000
G1 X35.596 Y29.377 E2579.80658 F3000
G1 X35.284 Y29.763 E2579.88912 F3000
G1 X35.015 Y30.053 E2579.95495 F3000
G1 X34.617 Y30.309 E2580.03365 F3000
G1 X34.342 Y30.544 E2580.09373 F3000
G1 X34.116 Y30.717 E2580.14114 F3000
G1 X33.687 Y30.975 E2580.22438 F3000
G1 X33.005 Y31.354 E2580.35409 F3000
G1 X32.915 Y31.414 E2580.37210 F3000
G1 X32.829 Y31.468 E2580.38902 F3000
; LAYER:67
; Z:67.500
G0 Z67.500 F600
G0 X25.070 Y33.370 F9000
G1 X24.401 Y33.573 E2580.50524 F3000
G1 X23.748 Y33.770 E2580.61866 F3000
G1 X23.373 Y33.811 E2580.68136 F3000
G1 X22.585 Y33.892 E2580.81316 F3000
G1 X21.777 Y33.974 E2580.94819 F3000
G1 X21.597 Y33.990 E2580.97828 F3000
G1 X21.293 Y34.016 E2581.02904 F3000
G1 X20.428 Y34.024 E2581.17275 F3000
G1 X20.089 Y34.026 E2581.22914 F3000
G1 X19.046 Y34.034 E2581.40272 F3000
G1 X18.116 Y34.040 E2581.55728 F3000
G1 X15.690 Y34.053 E2581.96085 F3000
G1 X15.663 Y34.053 E2581.96523 F3000
G1 X15.606 Y34.053 E2581.97470 F3000
G1 X13.425 Y34.031 E2582.33748 F3000
G1 X12.947 Y34.026 E2582.41694 F3000
G1 X12.202 Y34.019 E2582.54087 F3000
G1 X10.184 Y34.001 E2582.87653 F3000
G1 X8.856 Y33.989 E2583.09725 F3000
G1 X7.585 Y33.978 E2583.30872 F3000
G1 X6.813 Y33.971 E2583.43703 F3000
G1 X5.361 Y33.958 E2583.67856 F3000
G1 X4.937 Y33.955 E2583.74907 F3000
G1 X3.418 Y33.943 E2584.00169 F3000
G1 X1.744 Y33.933 E2584.28014 F3000
G1 X1.662 Y33.933 E2584.29369 F3000
G1 X0.023 Y33.929 E2584.56631 F3000
G1 X-0.023 Y33.929 E2584.57394 F3000
G1 X-1.662 Y33.933 E2584.84656 F3000
G1 X-1.744 Y33.933 E2584.86011 F3000
G1 X-3.418 Y33.943 E2585.13856 F3000
G1 X-4.937 Y33.955 E2585.39118 F3000
G1 X-5.361 Y33.958 E2585.46169 F3000
G1 X-6.813 Y33.971 E2585.70322 F3000
G1 X-7.585 Y33.978 E2585.83153 F3000
G1 X-8.856 Y33.989 E2586.04300 F3000
G1 X-10.184 Y34.001 E2586.26372 F3000
G1 X-12.202 Y34.019 E2586.59939 F3000
G1 X-12.947 Y34.026 E2586.72331 F3000
G1 X-13.425 Y34.031 E2586.80277 F3000
G1 X-15.606 Y34.053 E2587.16555 F3000
G1 X-15.663 Y34.053 E2587.17502 F3000
G1 X-15.690 Y34.053 E2587.17940 F3000
G1 X-18.116 Y34.040 E2587.58297 F3000
G1 X-19.046 Y34.034 E2587.73753 F3000
G1 X-20.089 Y34.026 E2587.91111 F3000
G1 X-20.428 Y34.024 E2587.96750 F3000
G1 X-21.293 Y34.016 E2588.11121 F3000
G1 X-21.597 Y33.990 E2588.16197 F3000
G1 X-21.777 Y33.974 E2588.19206 F3000
G1 X-22.585 Y33.892 E2588.32709 F3000
G1 X-23.373 Y33.811 E2588.45889 F3000
G1 X-23.748 Y33.770 E2588.52159 F3000
G1 X-24.401 Y33.573 E2588.63501 F3000
G1 X-25.070 Y33.370 E2588.75123 F3000
G1 X-25.405 Y33.270 E2588.80938 F3000
G1 X-26.704 Y32.650 E2589.04884 F3000
G1 X-26.978 Y32.519 E2589.09928 F3000
G1 X-27.047 Y32.484 E2589.11214 F3000
G1 X-28.016 Y31.990 E2589.29305 F3000
G1 X-28.922 Y31.524 E2589.46248 F3000
G1 X-29.032 Y31.476 E2589.48246 F3000
G1 X-29.112 Y31.440 E2589.49707 F3000
G1 X-29.664 Y31.188 E2589.59794 F3000
G1 X-31.098 Y30.535 E2589.85998 F3000
G1 X-31.517 Y30.328 E2589.93774 F3000
G1 X-32.388 Y29.988 E2590.09310 F3000
G1 X-32.824 Y29.813 E2590.17129 F3000
G1 X-33.984 Y29.269 E2590.38444 F3000
G1 X-34.101 Y29.215 E2590.40585 F3000
G1 X-34.164 Y29.173 E2590.41846 F3000
G1 X-34.991 Y28.651 E2590.58105 F3000
G1 X-35.138 Y28.494 E2590.61682 F3000
G1 X-35.299 Y28.306 E2590.65796 F3000
G1 X-35.561 Y27.965 E2590.72950 F3000
G1 X-35.717 Y27.541 E2590.80469 F3000
G1 X-35.903 Y26.787 E2590.93379 F3000
G1 X-35.906 Y26.771 E2590.93657 F3000
G1 X-35.965 Y25.883 E2591.08453 F3000
G1 X-35.967 Y25.740 E2591.10832 F3000
G1 X-35.998 Y24.958 E2591.23850 F3000
G1 X-36.018 Y24.049 E2591.38971 F3000
G1 X-35.996 Y23.285 E2591.51678 F3000
G1 X-35.994 Y23.164 E2591.53687 F3000
G1 X-35.989 Y23.029 E2591.55939 F3000
G1 X-35.965 Y22.404 E2591.66334 F3000
G1 X-35.953 Y22.199 E2591.69756 F3000
G1 X-35.926 Y21.726 E2591.77626 F3000
G1 X-35.896 Y21.372 E2591.83541 F3000
G1 X-35.871 Y21.087 E2591.88288 F3000
G1 X-35.839 Y20.822 E2591.92741 F3000
G1 X-35.792 Y20.441 E2591.99112 F3000
G1 X-35.686 Y19.744 E2592.10846 F3000
G1 X-35.676 Y19.690 E2592.11746 F3000
G1 X-35.450 Y18.916 E2592.25158 F3000
G1 X-35.314 Y18.516 E2592.32193 F3000
G1 X-35.165 Y18.053 E2592.40287 F3000
G1 X-35.102 Y17.906 E2592.42943 F3000
G1 X-34.983 Y17.604 E2592.48344 F3000
G1 X-34.720 Y17.134 E2592.57294 F3000
G1 X-34.434 Y16.741 E2592.65376 F3000
G1 X-34.086 Y16.217 E2592.75844 F3000
G1 X-34.030 Y16.152 E2592.77270 F3000
G1 X-33.963 Y16.069 E2592.79042 F3000
G1 X-33.389 Y15.626 E2592.91098 F3000
G1 X-32.881 Y15.224 E2593.01872 F3000
G1 X-32.527 Y14.982 E2593.08998 F3000
G1 X-31.618 Y14.670 E2593.24983 F3000
G1 X-30.674 Y14.348 E2593.41574 F3000
G1 X-30.442 Y14.307 E2593.45478 F3000
G1 X-30.006 Y14.230 E2593.52855 F3000
G1 X-28.971 Y14.066 E2593.70283 F3000
G1 X-28.585 Y14.006 E2593.76768 F3000
G1 X-27.810 Y13.950 E2593.89697 F3000
G1 X-26.443 Y13.851 E2594.12485 F3000
G1 X-24.910 Y13.802 E2594.37988 F3000
G1 X-24.430 Y13.786 E2594.45984 F3000
G1 X-24.187 Y13.779 E2594.50027 F3000
G1 X-23.107 Y13.744 E2594.68001 F3000
G1 X-22.729 Y13.733 E2594.74283 F3000
G1 X-22.663 Y13.731 E2594.75378 F3000
G1 X-21.146 Y13.688 E2595.00613 F3000
G1 X-19.931 Y13.659 E2595.20825 F3000
G1 X-19.488 Y13.649 E2595.28195 F3000
G1 X-18.279 Y13.626 E2595.48309 F3000
G1 X-17.562 Y13.612 E2595.60230 F3000
G1 X-16.448 Y13.596 E2595.78767 F3000
G1 X-15.177 Y13.577 E2595.99898 F3000
G1 X-13.622 Y13.557 E2596.25768 F3000
G1 X-12.542 Y13.543 E2596.43721 F3000
G1 X-11.649 Y13.533 E2596.58571 F3000
G1 X-9.864 Y13.512 E2596.88261 F3000
G1 X-9.247 Y13.505 E2596.98523 F3000
G1 X-7.347 Y13.484 E2597.30124 F3000
G1 X-5.427 Y13.463 E2597.62051 F3000
G1 X-5.193 Y13.460 E2597.65948 F3000
G1 X-3.392 Y13.442 E2597.95899 F3000
G1 X-3.311 Y13.442 E2597.97247 F3000
G1 X-3.245 Y13.441 E2597.98351 F3000
G1 X-1.610 Y13.429 E2598.25533 F3000
G1 X-1.467 Y13.429 E2598.27905 F3000
G1 X-0.016 Y13.425 E2598.52039 F3000
G1 X1.467 Y13.429 E2598.76714 F3000
G1 X1.608 Y13.429 E2598.79052 F3000
G1 X3.245 Y13.441 E2599.06267 F3000
G1 X3.311 Y13.442 E2599.07371 F3000
G1 X3.392 Y13.442 E2599.08719 F3000
G1 X5.193 Y13.460 E2599.38671 F3000
G1 X5.427 Y13.463 E2599.42568 F3000
G1 X7.347 Y13.484 E2599.74495 F3000
G1 X9.247 Y13.505 E2600.06096 F3000
G1 X9.864 Y13.512 E2600.16358 F3000
G1 X11.649 Y13.533 E2600.46048 F3000
G1 X12.542 Y13.543 E2600.60898 F3000
G1 X13.622 Y13.557 E2600.78850 F3000
G1 X15.177 Y13.577 E2601.04721 F3000
G1 X16.448 Y13.596 E2601.25851 F3000
G1 X17.562 Y13.612 E2601.44389 F3000
G1 X18.279 Y13.626 E2601.56310 F3000
G1 X19.488 Y13.649 E2601.76424 F3000
G1 X19.931 Y13.659 E2601.83794 F3000
G1 X21.146 Y13.688 E2602.04006 F3000
G1 X22.663 Y13.731 E2602.29240 F3000
G1 X22.729 Y13.733 E2602.30335 F3000
G1 X23.107 Y13.744 E2602.36617 F3000
G1 X24.187 Y13.779 E2602.54592 F3000
G1 X24.430 Y13.786 E2602.58635 F3000
G1 X24.910 Y13.802 E2602.66631 F3000
G1 X26.443 Y13.851 E2602.92134 F3000
G1 X27.810 Y13.950 E2603.14921 F3000
G1 X28.585 Y14.006 E2603.27851 F3000
G1 X28.971 Y14.066 E2603.34336 F3000
G1 X30.006 Y14.230 E2603.51764 F3000
G1 X30.442 Y14.307 E2603.59141 F3000
G1 X30.674 Y14.348 E2603.63045 F3000
G1 X31.618 Y14.670 E2603.79636 F3000
G1 X32.527 Y14.982 E2603.95620 F3000
G1 X32.881 Y15.224 E2604.02747 F3000
G1 X33.389 Y15.626 E2604.13521 F3000
G1 X33.963 Y16.069 E2604.25576 F3000
G1 X34.030 Y16.152 E2604.27348 F3000
G1 X34.086 Y16.217 E2604.28775 F3000
G1 X34.434 Y16.741 E2604.39243 F3000
G1 X34.720 Y17.134 E2604.47325 F3000
G1 X34.983 Y17.604 E2604.56275 F3000
G1 X35.102 Y17.906 E2604.61676 F3000
G1 X35.165 Y18.053 E2604.64331 F3000
G1 X35.314 Y18.516 E2604.72426 F3000
G1 X35.450 Y18.916 E2604.79460 F3000
G1 X35.676 Y19.690 E2604.92873 F3000
G1 X35.684 Y19.728 E2604.93508 F3000
G1 X35.686 Y19.744 E2604.93773 F3000
G1 X35.792 Y20.441 E2605.05506 F3000
G1 X35.839 Y20.822 E2605.11878 F3000
G1 X35.871 Y21.087 E2605.16331 F3000
G1 X35.896 Y21.372 E2605.21078 F3000
G1 X35.926 Y21.726 E2605.26993 F3000
G1 X35.953 Y22.199 E2605.34863 F3000
G1 X35.965 Y22.404 E2605.38285 F3000
G1 X35.989 Y23.029 E2605.48680 F3000
G1 X35.994 Y23.164 E2605.50932 F3000
G1 X35.996 Y23.285 E2605.52941 F3000
G1 X36.018 Y24.042 E2605.65536 F3000
G1 X35.998 Y24.958 E2605.80769 F3000
G1 X35.967 Y25.740 E2605.93787 F3000
G1 X35.965 Y25.883 E2605.96166 F3000
G1 X35.909 Y26.745 E2606.10529 F3000
G1 X35.906 Y26.771 E2606.10962 F3000
G1 X35.906 Y26.775 E2606.11039 F3000
G1 X35.903 Y26.787 E2606.11241 F3000
G1 X35.717 Y27.541 E2606.24151 F3000
G1 X35.561 Y27.965 E2606.31669 F3000
G1 X35.299 Y28.306 E2606.38824 F3000
G1 X35.138 Y28.494 E2606.42938 F3000
G1 X34.991 Y28.651 E2606.46514 F3000
G1 X34.164 Y29.173 E2606.62774 F3000
G1 X34.101 Y29.215 E2606.64034 F3000
G1 X33.984 Y29.269 E2606.66176 F3000
G1 X32.824 Y29.813 E2606.87490 F3000
G1 X32.388 Y29.988 E2606.95309 F3000
G1 X31.517 Y30.328 E2607.10845 F3000
G1 X31.098 Y30.535 E2607.18621 F3000
G1 X29.664 Y31.188 E2607.44826 F3000
G1 X29.112 Y31.440 E2607.54913 F3000
G1 X29.032 Y31.476 E2607.56373 F3000
G1 X28.922 Y31.524 E2607.58371 F3000
G1 X28.016 Y31.990 E2607.75315 F3000
G1 X27.047 Y32.484 E2607.93406 F3000
G1 X27.013 Y32.502 E2607.94048 F3000
G1 X26.704 Y32.650 E2607.99736 F3000
G1 X25.405 Y33.270 E2608.23682 F3000
G1 X25.070 Y33.370 E2608.29496 F3000
; LAYER:68
; Z:68.500
G0 Z68.500 F600
G0 X22.536 Y32.728 F9000
G1 X22.206 Y32.878 E2608.35523 F3000
G1 X21.892 Y33.021 E2608.41256 F3000
G1 X20.700 Y33.479 E2608.62505 F3000
G1 X20.221 Y33.593 E2608.70697 F3000
G1 X18.440 Y33.930 E2609.00824 F3000
G1 X18.247 Y33.966 E2609.04105 F3000
G1 X18.211 Y33.971 E2609.04704 F3000
G1 X18.161 Y33.979 E2609.05535 F3000
G1 X15.780 Y34.105 E2609.45191 F3000
G1 X13.133 Y34.225 E2609.89259 F3000
G1 X13.047 Y34.225 E2609.90687 F3000
G1 X10.937 Y34.234 E2610.25780 F3000
G1 X10.263 Y34.236 E2610.36988 F3000
G1 X8.857 Y34.242 E2610.60363 F3000
G1 X7.644 Y34.247 E2610.80538 F3000
G1 X5.912 Y34.253 E2611.09347 F3000
G1 X5.403 Y34.255 E2611.17807 F3000
G1 X3.555 Y34.262 E2611.48538 F3000
G1 X3.457 Y34.261 E2611.50174 F3000
G1 X3.432 Y34.261 E2611.50590 F3000
G1 X1.675 Y34.251 E2611.79803 F3000
G1 X1.527 Y34.251 E2611.82272 F3000
G1 X0.000 Y34.247 E2612.07664 F3000
G1 X-1.527 Y34.251 E2612.33056 F3000
G1 X-1.675 Y34.251 E2612.35525 F3000
G1 X-3.432 Y34.261 E2612.64737 F3000
G1 X-3.457 Y34.261 E2612.65154 F3000
G1 X-3.555 Y34.262 E2612.66792 F3000
G1 X-5.403 Y34.255 E2612.97521 F3000
G1 X-5.912 Y34.253 E2613.05981 F3000
G1 X-7.644 Y34.247 E2613.34790 F3000
G1 X-8.857 Y34.242 E2613.54965 F3000
G1 X-10.263 Y34.236 E2613.78340 F3000
G1 X-10.937 Y34.234 E2613.89548 F3000
G1 X-13.047 Y34.225 E2614.24641 F3000
G1 X-13.133 Y34.225 E2614.26069 F3000
G1 X-15.780 Y34.105 E2614.70137 F3000
G1 X-18.161 Y33.979 E2615.09792 F3000
G1 X-18.211 Y33.971 E2615.10623 F3000
G1 X-18.247 Y33.966 E2615.11223 F3000
G1 X-18.440 Y33.930 E2615.14503 F3000
G1 X-20.221 Y33.593 E2615.44631 F3000
G1 X-20.700 Y33.479 E2615.52823 F3000
G1 X-21.892 Y33.021 E2615.74072 F3000
G1 X-22.206 Y32.878 E2615.79805 F3000
G1 X-22.536 Y32.728 E2615.85832 F3000
G1 X-23.455 Y32.282 E2616.02815 F3000
G1 X-24.516 Y31.730 E2616.22711 F3000
G1 X-25.108 Y31.465 E2616.33497 F3000
G1 X-26.017 Y31.067 E2616.49994 F3000
G1 X-27.054 Y30.613 E2616.68821 F3000
G1 X-27.175 Y30.560 E2616.71022 F3000
G1 X-27.339 Y30.488 E2616.73990 F3000
G1 X-29.112 Y29.859 E2617.05279 F3000
G1 X-29.859 Y29.586 E2617.18512 F3000
G1 X-31.095 Y29.129 E2617.40428 F3000
G1 X-31.138 Y29.112 E2617.41186 F3000
G1 X-31.211 Y29.083 E2617.42505 F3000
G1 X-32.294 Y28.674 E2617.61746 F3000
G1 X-32.817 Y28.471 E2617.71077 F3000
G1 X-33.963 Y27.948 E2617.92031 F3000
G1 X-34.040 Y27.909 E2617.93465 F3000
G1 X-34.087 Y27.884 E2617.94353 F3000
G1 X-34.575 Y27.537 E2618.04309 F3000
G1 X-34.973 Y27.225 E2618.12715 F3000
G1 X-35.048 Y27.129 E2618.14747 F3000
G1 X-35.193 Y26.839 E2618.20131 F3000
G1 X-35.447 Y26.349 E2618.29315 F3000
G1 X-35.477 Y26.216 E2618.31590 F3000
G1 X-35.583 Y25.674 E2618.40773 F3000
G1 X-35.603 Y25.513 E2618.43470 F3000
G1 X-35.650 Y24.588 E2618.58860 F3000
G1 X-35.652 Y24.535 E2618.59754 F3000
G1 X-35.651 Y24.488 E2618.60531 F3000
G1 X-35.653 Y24.097 E2618.67032 F3000
G1 X-35.639 Y23.646 E2618.74540 F3000
G1 X-35.637 Y23.589 E2618.75479 F3000
G1 X-35.584 Y22.874 E2618.87412 F3000
G1 X-35.568 Y22.698 E2618.90346 F3000
G1 X-35.550 Y22.501 E2618.93642 F3000
G1 X-35.505 Y21.947 E2619.02883 F3000
G1 X-35.475 Y21.683 E2619.07299 F3000
G1 X-35.433 Y21.281 E2619.14027 F3000
G1 X-35.387 Y20.979 E2619.19105 F3000
G1 X-35.336 Y20.641 E2619.24778 F3000
G1 X-35.291 Y20.424 E2619.28477 F3000
G1 X-35.201 Y19.966 E2619.36232 F3000
G1 X-35.079 Y19.449 E2619.45065 F3000
G1 X-35.000 Y19.240 E2619.48779 F3000
G1 X-34.978 Y19.172 E2619.49963 F3000
G1 X-34.736 Y18.607 E2619.60197 F3000
G1 X-34.617 Y18.277 E2619.66024 F3000
G1 X-34.255 Y17.461 E2619.80868 F3000
G1 X-34.186 Y17.315 E2619.83562 F3000
G1 X-34.097 Y17.150 E2619.86679 F3000
G1 X-33.481 Y16.365 E2620.03277 F3000
G1 X-33.177 Y16.073 E2620.10274 F3000
G1 X-32.693 Y15.575 E2620.21826 F3000
G1 X-32.550 Y15.495 E2620.24555 F3000
G1 X-30.843 Y14.792 E2620.55246 F3000
G1 X-30.536 Y14.721 E2620.60487 F3000
G1 X-29.382 Y14.517 E2620.79974 F3000
G1 X-28.754 Y14.406 E2620.90579 F3000
G1 X-26.961 Y14.248 E2621.20517 F3000
G1 X-26.612 Y14.217 E2621.26353 F3000
G1 X-26.143 Y14.195 E2621.34160 F3000
G1 X-24.597 Y14.146 E2621.59882 F3000
G1 X-23.492 Y14.110 E2621.78260 F3000
G1 X-22.893 Y14.091 E2621.88228 F3000
G1 X-22.138 Y14.068 E2622.00787 F3000
G1 X-21.305 Y14.043 E2622.14644 F3000
G1 X-20.038 Y14.010 E2622.35727 F3000
G1 X-19.639 Y14.000 E2622.42363 F3000
G1 X-17.780 Y13.962 E2622.73291 F3000
G1 X-17.701 Y13.961 E2622.74603 F3000
G1 X-17.630 Y13.959 E2622.75779 F3000
G1 X-17.186 Y13.952 E2622.83163 F3000
G1 X-15.299 Y13.924 E2623.14557 F3000
G1 X-15.037 Y13.921 E2623.18912 F3000
G1 X-12.643 Y13.890 E2623.58716 F3000
G1 X-10.664 Y13.867 E2623.91642 F3000
G1 X-9.944 Y13.859 E2624.03611 F3000
G1 X-8.296 Y13.841 E2624.31024 F3000
G1 X-7.406 Y13.831 E2624.45813 F3000
G1 X-6.508 Y13.821 E2624.60755 F3000
G1 X-5.235 Y13.807 E2624.81927 F3000
G1 X-4.310 Y13.798 E2624.97304 F3000
G1 X-3.338 Y13.788 E2625.13480 F3000
G1 X-2.541 Y13.782 E2625.26725 F3000
G1 X-1.623 Y13.776 E2625.41994 F3000
G1 X-0.913 Y13.774 E2625.53798 F3000
G1 X0.000 Y13.771 E2625.68988 F3000
G1 X0.913 Y13.774 E2625.84178 F3000
G1 X1.623 Y13.776 E2625.95982 F3000
G1 X2.541 Y13.782 E2626.11251 F3000
G1 X3.338 Y13.788 E2626.24496 F3000
G1 X4.310 Y13.798 E2626.40672 F3000
G1 X5.235 Y13.807 E2626.56049 F3000
G1 X6.508 Y13.821 E2626.77221 F3000
G1 X7.406 Y13.831 E2626.92163 F3000
G1 X8.296 Y13.841 E2627.06952 F3000
G1 X9.944 Y13.859 E2627.34365 F3000
G1 X10.664 Y13.867 E2627.46334 F3000
G1 X12.643 Y13.890 E2627.79260 F3000
G1 X15.037 Y13.921 E2628.19064 F3000
G1 X15.299 Y13.924 E2628.23419 F3000
G1 X17.186 Y13.952 E2628.54813 F3000
G1 X17.630 Y13.959 E2628.62197 F3000
G1 X17.701 Y13.961 E2628.63373 F3000
G1 X17.780 Y13.962 E2628.64685 F3000
G1 X19.639 Y14.000 E2628.95613 F3000
G1 X20.038 Y14.010 E2629.02249 F3000
G1 X21.305 Y14.043 E2629.23332 F3000
G1 X22.138 Y14.068 E2629.37189 F3000
G1 X22.893 Y14.091 E2629.49748 F3000
G1 X23.492 Y14.110 E2629.59716 F3000
G1 X24.597 Y14.146 E2629.78094 F3000
G1 X26.143 Y14.195 E2630.03816 F3000
G1 X26.612 Y14.217 E2630.11623 F3000
G1 X26.961 Y14.248 E2630.17460 F3000
G1 X28.754 Y14.406 E2630.47397 F3000
G1 X29.382 Y14.517 E2630.58002 F3000
G1 X30.536 Y14.721 E2630.77489 F3000
G1 X30.843 Y14.792 E2630.82730 F3000
G1 X32.550 Y15.495 E2631.13421 F3000
G1 X32.693 Y15.575 E2631.16150 F3000
G1 X33.177 Y16.073 E2631.27702 F3000
G1 X33.481 Y16.365 E2631.34699 F3000
G1 X34.097 Y17.150 E2631.51297 F3000
G1 X34.186 Y17.315 E2631.54414 F3000
G1 X34.255 Y17.461 E2631.57108 F3000
G1 X34.617 Y18.277 E2631.71952 F3000
G1 X34.736 Y18.607 E2631.77779 F3000
G1 X34.978 Y19.172 E2631.88013 F3000
G1 X35.000 Y19.240 E2631.89197 F3000
G1 X35.079 Y19.449 E2631.92911 F3000
G1 X35.201 Y19.966 E2632.01744 F3000
G1 X35.291 Y20.424 E2632.09500 F3000
G1 X35.336 Y20.641 E2632.13198 F3000
G1 X35.387 Y20.979 E2632.18871 F3000
G1 X35.433 Y21.281 E2632.23949 F3000
G1 X35.475 Y21.683 E2632.30677 F3000
G1 X35.505 Y21.947 E2632.35093 F3000
G1 X35.550 Y22.501 E2632.44334 F3000
G1 X35.568 Y22.698 E2632.47630 F3000
G1 X35.584 Y22.874 E2632.50564 F3000
G1 X35.637 Y23.589 E2632.62497 F3000
G1 X35.639 Y23.646 E2632.63436 F3000
G1 X35.653 Y24.097 E2632.70944 F3000
G1 X35.651 Y24.488 E2632.77445 F3000
G1 X35.652 Y24.535 E2632.78222 F3000
G1 X35.650 Y24.588 E2632.79116 F3000
G1 X35.607 Y25.475 E2632.93882 F3000
G1 X35.603 Y25.513 E2632.94507 F3000
G1 X35.583 Y25.674 E2632.97204 F3000
G1 X35.477 Y26.216 E2633.06387 F3000
G1 X35.447 Y26.349 E2633.08662 F3000
G1 X35.193 Y26.839 E2633.17846 F3000
G1 X35.048 Y27.129 E2633.23229 F3000
G1 X34.973 Y27.225 E2633.25262 F3000
G1 X34.575 Y27.537 E2633.33668 F3000
G1 X34.087 Y27.884 E2633.43624 F3000
G1 X34.040 Y27.909 E2633.44512 F3000
G1 X33.963 Y27.948 E2633.45946 F3000
G1 X32.817 Y28.471 E2633.66900 F3000
G1 X32.294 Y28.674 E2633.76231 F3000
G1 X31.211 Y29.083 E2633.95472 F3000
G1 X31.138 Y29.112 E2633.96791 F3000
G1 X31.095 Y29.129 E2633.97549 F3000
G1 X29.859 Y29.586 E2634.19465 F3000
G1 X29.112 Y29.859 E2634.32698 F3000
G1 X27.339 Y30.488 E2634.63987 F3000
G1 X27.175 Y30.560 E2634.66955 F3000
G1 X27.054 Y30.613 E2634.69156 F3000
G1 X26.017 Y31.067 E2634.87983 F3000
G1 X25.108 Y31.465 E2635.04480 F3000
G1 X24.516 Y31.730 E2635.15266 F3000
G1 X23.455 Y32.282 E2635.35161 F3000
G1 X22.536 Y32.728 E2635.52145 F3000
; LAYER:69
; Z:69.500
G0 Z69.500 F600
G0 X20.257 Y31.700 F9000
G1 X21.166 Y31.380 E2635.68175 F3000
G1 X21.908 Y31.118 E2635.81253 F3000
G1 X22.921 Y30.695 E2635.99505 F3000
G1 X23.319 Y30.561 E2636.06492 F3000
G1 X23.459 Y30.514 E2636.08947 F3000
G1 X24.493 Y30.142 E2636.27231 F3000
G1 X25.108 Y29.921 E2636.38098 F3000
G1 X26.995 Y29.256 E2636.71370 F3000
G1 X27.054 Y29.235 E2636.72408 F3000
G1 X27.120 Y29.212 E2636.73580 F3000
G1 X29.111 Y28.535 E2637.08543 F3000
G1 X29.875 Y28.267 E2637.22013 F3000
G1 X31.093 Y27.835 E2637.43495 F3000
G1 X31.180 Y27.802 E2637.45040 F3000
G1 X31.334 Y27.742 E2637.47793 F3000
G1 X32.811 Y27.124 E2637.74426 F3000
G1 X33.198 Y26.931 E2637.81614 F3000
G1 X33.697 Y26.665 E2637.91011 F3000
G1 X33.897 Y26.524 E2637.95082 F3000
G1 X34.080 Y26.384 E2637.98920 F3000
G1 X34.380 Y26.069 E2638.06147 F3000
G1 X34.598 Y25.811 E2638.11771 F3000
G1 X34.867 Y25.039 E2638.25362 F3000
G1 X34.916 Y24.906 E2638.27717 F3000
G1 X34.979 Y24.002 E2638.42787 F3000
G1 X34.983 Y23.944 E2638.43755 F3000
G1 X34.977 Y23.882 E2638.44800 F3000
G1 X34.901 Y22.979 E2638.59866 F3000
G1 X34.864 Y22.775 E2638.63318 F3000
G1 X34.751 Y22.087 E2638.74898 F3000
G1 X34.687 Y21.679 E2638.81774 F3000
G1 X34.625 Y21.356 E2638.87243 F3000
G1 X34.574 Y21.075 E2638.91992 F3000
G1 X34.499 Y20.716 E2638.98095 F3000
G1 X34.383 Y20.240 E2639.06245 F3000
G1 X34.348 Y20.093 E2639.08746 F3000
G1 X34.157 Y19.440 E2639.20067 F3000
G1 X34.144 Y19.411 E2639.20601 F3000
G1 X33.829 Y18.798 E2639.32064 F3000
G1 X33.739 Y18.590 E2639.35821 F3000
G1 X33.478 Y18.147 E2639.44373 F3000
G1 X33.243 Y17.662 E2639.53338 F3000
G1 X32.814 Y16.955 E2639.67082 F3000
G1 X32.645 Y16.787 E2639.71052 F3000
G1 X32.564 Y16.698 E2639.73057 F3000
G1 X31.972 Y16.241 E2639.85495 F3000
G1 X31.472 Y15.820 E2639.96362 F3000
G1 X31.000 Y15.551 E2640.05395 F3000
G1 X29.837 Y15.137 E2640.25933 F3000
G1 X28.920 Y14.925 E2640.41577 F3000
G1 X28.093 Y14.814 E2640.55450 F3000
G1 X26.858 Y14.648 E2640.76169 F3000
G1 X26.779 Y14.641 E2640.77493 F3000
G1 X26.724 Y14.639 E2640.78405 F3000
G1 X24.763 Y14.548 E2641.11057 F3000
G1 X23.996 Y14.512 E2641.23820 F3000
G1 X23.057 Y14.469 E2641.39458 F3000
G1 X22.725 Y14.454 E2641.44989 F3000
G1 X21.566 Y14.404 E2641.64286 F3000
G1 X21.482 Y14.401 E2641.65684 F3000
G1 X21.465 Y14.401 E2641.65961 F3000
G1 X19.791 Y14.358 E2641.93812 F3000
G1 X19.350 Y14.349 E2642.01134 F3000
G1 X17.840 Y14.318 E2642.26252 F3000
G1 X16.486 Y14.296 E2642.48772 F3000
G1 X15.421 Y14.279 E2642.66497 F3000
G1 X14.281 Y14.264 E2642.85447 F3000
G1 X12.745 Y14.243 E2643.10998 F3000
G1 X10.653 Y14.217 E2643.45784 F3000
G1 X10.024 Y14.209 E2643.56251 F3000
G1 X7.682 Y14.181 E2643.95207 F3000
G1 X7.466 Y14.179 E2643.98794 F3000
G1 X7.320 Y14.177 E2644.01225 F3000
G1 X5.963 Y14.161 E2644.23788 F3000
G1 X5.277 Y14.153 E2644.35199 F3000
G1 X5.229 Y14.153 E2644.36001 F3000
G1 X3.365 Y14.134 E2644.67006 F3000
G1 X1.838 Y14.124 E2644.92392 F3000
G1 X1.636 Y14.122 E2644.95749 F3000
G1 X0.219 Y14.118 E2645.19322 F3000
G1 X0.000 Y14.118 E2645.22960 F3000
G1 X-0.219 Y14.118 E2645.26597 F3000
G1 X-1.636 Y14.122 E2645.50170 F3000
G1 X-1.838 Y14.124 E2645.53527 F3000
G1 X-3.365 Y14.134 E2645.78913 F3000
G1 X-5.229 Y14.153 E2646.09918 F3000
G1 X-5.277 Y14.153 E2646.10720 F3000
G1 X-5.963 Y14.161 E2646.22131 F3000
G1 X-7.320 Y14.177 E2646.44694 F3000
G1 X-7.466 Y14.179 E2646.47125 F3000
G1 X-7.682 Y14.181 E2646.50712 F3000
G1 X-10.024 Y14.209 E2646.89668 F3000
G1 X-10.653 Y14.217 E2647.00135 F3000
G1 X-12.745 Y14.243 E2647.34921 F3000
G1 X-14.281 Y14.264 E2647.60472 F3000
G1 X-15.421 Y14.279 E2647.79422 F3000
G1 X-16.486 Y14.296 E2647.97147 F3000
G1 X-17.840 Y14.318 E2648.19667 F3000
G1 X-19.350 Y14.349 E2648.44785 F3000
G1 X-19.791 Y14.358 E2648.52107 F3000
G1 X-21.439 Y14.400 E2648.79536 F3000
G1 X-21.482 Y14.401 E2648.80236 F3000
G1 X-21.566 Y14.404 E2648.81633 F3000
G1 X-22.725 Y14.454 E2649.00930 F3000
G1 X-23.057 Y14.469 E2649.06461 F3000
G1 X-23.996 Y14.512 E2649.22099 F3000
G1 X-24.763 Y14.548 E2649.34862 F3000
G1 X-26.724 Y14.639 E2649.67514 F3000
G1 X-26.779 Y14.641 E2649.68426 F3000
G1 X-26.858 Y14.648 E2649.69750 F3000
G1 X-28.093 Y14.814 E2649.90469 F3000
G1 X-28.920 Y14.925 E2650.04342 F3000
G1 X-29.837 Y15.137 E2650.19986 F3000
G1 X-31.000 Y15.552 E2650.40525 F3000
G1 X-31.472 Y15.820 E2650.49556 F3000
G1 X-31.972 Y16.241 E2650.60424 F3000
G1 X-32.564 Y16.698 E2650.72862 F3000
G1 X-32.645 Y16.787 E2650.74867 F3000
G1 X-32.814 Y16.955 E2650.78837 F3000
G1 X-33.243 Y17.662 E2650.92581 F3000
G1 X-33.478 Y18.147 E2651.01546 F3000
G1 X-33.739 Y18.590 E2651.10099 F3000
G1 X-33.829 Y18.798 E2651.13855 F3000
G1 X-34.144 Y19.411 E2651.25318 F3000
G1 X-34.157 Y19.440 E2651.25852 F3000
G1 X-34.348 Y20.093 E2651.37173 F3000
G1 X-34.383 Y20.240 E2651.39674 F3000
G1 X-34.499 Y20.716 E2651.47824 F3000
G1 X-34.574 Y21.075 E2651.53927 F3000
G1 X-34.625 Y21.356 E2651.58676 F3000
G1 X-34.687 Y21.679 E2651.64145 F3000
G1 X-34.751 Y22.087 E2651.71021 F3000
G1 X-34.864 Y22.775 E2651.82601 F3000
G1 X-34.901 Y22.979 E2651.86053 F3000
G1 X-34.977 Y23.882 E2652.01119 F3000
G1 X-34.983 Y23.944 E2652.02164 F3000
G1 X-34.979 Y24.002 E2652.03132 F3000
G1 X-34.916 Y24.906 E2652.18203 F3000
G1 X-34.867 Y25.039 E2652.20557 F3000
G1 X-34.598 Y25.811 E2652.34148 F3000
G1 X-34.380 Y26.069 E2652.39772 F3000
G1 X-34.080 Y26.384 E2652.46999 F3000
G1 X-33.897 Y26.524 E2652.50837 F3000
G1 X-33.697 Y26.665 E2652.54909 F3000
G1 X-33.198 Y26.931 E2652.64305 F3000
G1 X-32.811 Y27.124 E2652.71493 F3000
G1 X-31.334 Y27.742 E2652.98126 F3000
G1 X-31.180 Y27.802 E2653.00879 F3000
G1 X-31.093 Y27.835 E2653.02424 F3000
G1 X-29.875 Y28.267 E2653.23906 F3000
G1 X-29.111 Y28.535 E2653.37377 F3000
G1 X-27.120 Y29.212 E2653.72339 F3000
G1 X-27.054 Y29.235 E2653.73511 F3000
G1 X-26.995 Y29.256 E2653.74549 F3000
G1 X-25.108 Y29.921 E2654.07821 F3000
G1 X-24.493 Y30.142 E2654.18688 F3000
G1 X-23.459 Y30.514 E2654.36972 F3000
G1 X-23.319 Y30.561 E2654.39427 F3000
G1 X-22.921 Y30.695 E2654.46414 F3000
G1 X-21.908 Y31.118 E2654.64666 F3000
G1 X-21.166 Y31.380 E2654.77744 F3000
G1 X-20.257 Y31.700 E2654.93774 F3000
G1 X-19.997 Y31.772 E2654.98258 F3000
G1 X-19.400 Y31.938 E2655.08566 F3000
G1 X-18.730 Y32.155 E2655.20280 F3000
G1 X-18.306 Y32.291 E2655.27680 F3000
G1 X-16.077 Y32.847 E2655.65890 F3000
G1 X-15.859 Y32.902 E2655.69633 F3000
G1 X-15.696 Y32.937 E2655.72405 F3000
G1 X-14.206 Y33.233 E2655.97667 F3000
G1 X-13.126 Y33.448 E2656.15971 F3000
G1 X-11.800 Y33.687 E2656.38390 F3000
G1 X-10.333 Y33.852 E2656.62929 F3000
G1 X-8.343 Y34.065 E2656.96220 F3000
G1 X-7.700 Y34.134 E2657.06975 F3000
G1 X-7.537 Y34.151 E2657.09691 F3000
G1 X-7.202 Y34.187 E2657.15308 F3000
G1 X-5.443 Y34.255 E2657.44569 F3000
G1 X-4.687 Y34.282 E2657.57155 F3000
G1 X-3.471 Y34.324 E2657.77390 F3000
G1 X-2.799 Y34.341 E2657.88574 F3000
G1 X-1.688 Y34.368 E2658.07049 F3000
G1 X-1.271 Y34.372 E2658.13991 F3000
G1 X0.000 Y34.385 E2658.35123 F3000
G1 X1.271 Y34.372 E2658.56254 F3000
G1 X1.688 Y34.368 E2658.63197 F3000
G1 X2.799 Y34.341 E2658.81671 F3000
G1 X3.471 Y34.324 E2658.92855 F3000
G1 X4.687 Y34.282 E2659.13091 F3000
G1 X5.443 Y34.255 E2659.25676 F3000
G1 X7.202 Y34.187 E2659.54937 F3000
G1 X7.537 Y34.151 E2659.60554 F3000
G1 X7.700 Y34.134 E2659.63270 F3000
G1 X8.343 Y34.065 E2659.74025 F3000
G1 X10.333 Y33.852 E2660.07316 F3000
G1 X11.800 Y33.687 E2660.31855 F3000
G1 X13.126 Y33.448 E2660.54274 F3000
G1 X14.206 Y33.233 E2660.72578 F3000
G1 X15.696 Y32.937 E2660.97840 F3000
G1 X15.859 Y32.902 E2661.00612 F3000
G1 X16.077 Y32.847 E2661.04355 F3000
G1 X18.306 Y32.291 E2661.42565 F3000
G1 X18.730 Y32.155 E2661.49965 F3000
G1 X19.400 Y31.938 E2661.61679 F3000
G1 X19.997 Y31.772 E2661.71987 F3000
G1 X20.257 Y31.700 E2661.76471 F3000
; LAYER:70
; Z:70.500
G0 Z70.500 F600
G0 X5.467 Y32.850 F9000
G1 X3.648 Y33.145 E2662.07111 F3000
G1 X3.534 Y33.162 E2662.09023 F3000
G1 X3.489 Y33.169 E2662.09791 F3000
G1 X3.410 Y33.178 E2662.11104 F3000
G1 X1.697 Y33.367 E2662.39762 F3000
G1 X1.143 Y33.390 E2662.48984 F3000
G1 X0.000 Y33.439 E2662.68015 F3000
G1 X-1.143 Y33.390 E2662.87045 F3000
G1 X-1.697 Y33.367 E2662.96268 F3000
G1 X-3.410 Y33.178 E2663.24925 F3000
G1 X-3.489 Y33.169 E2663.26239 F3000
G1 X-3.534 Y33.162 E2663.27007 F3000
G1 X-3.648 Y33.145 E2663.28919 F3000
G1 X-5.467 Y32.850 E2663.59558 F3000
G1 X-6.601 Y32.644 E2663.78730 F3000
G1 X-7.725 Y32.439 E2663.97723 F3000
G1 X-8.246 Y32.344 E2664.06532 F3000
G1 X-9.334 Y32.147 E2664.24919 F3000
G1 X-10.102 Y32.027 E2664.37846 F3000
G1 X-10.355 Y31.987 E2664.42116 F3000
G1 X-12.129 Y31.695 E2664.72010 F3000
G1 X-13.141 Y31.529 E2664.89059 F3000
G1 X-15.394 Y31.118 E2665.27150 F3000
G1 X-15.864 Y31.033 E2665.35097 F3000
G1 X-16.466 Y30.904 E2665.45333 F3000
G1 X-17.901 Y30.656 E2665.69553 F3000
G1 X-18.309 Y30.586 E2665.76430 F3000
G1 X-18.899 Y30.454 E2665.86485 F3000
G1 X-20.257 Y30.151 E2666.09633 F3000
G1 X-21.481 Y29.803 E2666.30788 F3000
G1 X-21.908 Y29.682 E2666.38168 F3000
G1 X-22.111 Y29.614 E2666.41732 F3000
G1 X-22.689 Y29.419 E2666.51878 F3000
G1 X-23.277 Y29.231 E2666.62142 F3000
G1 X-23.459 Y29.172 E2666.65320 F3000
G1 X-24.491 Y28.817 E2666.83472 F3000
G1 X-25.108 Y28.604 E2666.94328 F3000
G1 X-26.769 Y28.045 E2667.23478 F3000
G1 X-27.054 Y27.949 E2667.28475 F3000
G1 X-27.448 Y27.815 E2667.35403 F3000
G1 X-28.574 Y27.408 E2667.55312 F3000
G1 X-29.111 Y27.213 E2667.64799 F3000
G1 X-30.796 Y26.571 E2667.94792 F3000
G1 X-31.091 Y26.459 E2668.00040 F3000
G1 X-31.286 Y26.377 E2668.03562 F3000
G1 X-32.810 Y25.532 E2668.32539 F3000
G1 X-32.979 Y25.413 E2668.35972 F3000
G1 X-33.130 Y25.296 E2668.39152 F3000
G1 X-33.363 Y24.882 E2668.47061 F3000
G1 X-33.689 Y24.319 E2668.57879 F3000
G1 X-33.762 Y23.601 E2668.69870 F3000
G1 X-33.791 Y23.321 E2668.74550 F3000
G1 X-33.738 Y23.028 E2668.79518 F3000
G1 X-33.624 Y22.349 E2668.90956 F3000
G1 X-33.471 Y21.892 E2668.98977 F3000
G1 X-33.341 Y21.473 E2669.06272 F3000
G1 X-33.274 Y21.245 E2669.10215 F3000
G1 X-33.112 Y20.774 E2669.18505 F3000
G1 X-33.079 Y20.669 E2669.20341 F3000
G1 X-32.902 Y20.173 E2669.29101 F3000
G1 X-32.855 Y20.052 E2669.31258 F3000
G1 X-32.629 Y19.676 E2669.38546 F3000
G1 X-32.585 Y19.606 E2669.39925 F3000
G1 X-32.296 Y19.173 E2669.48586 F3000
G1 X-32.168 Y18.971 E2669.52550 F3000
G1 X-31.872 Y18.520 E2669.61526 F3000
G1 X-31.628 Y18.170 E2669.68619 F3000
G1 X-31.098 Y17.467 E2669.83266 F3000
G1 X-30.901 Y17.276 E2669.87826 F3000
G1 X-30.239 Y16.784 E2670.01535 F3000
G1 X-29.770 Y16.411 E2670.11501 F3000
G1 X-29.477 Y16.253 E2670.17039 F3000
G1 X-29.061 Y16.016 E2670.25010 F3000
G1 X-28.193 Y15.657 E2670.40622 F3000
G1 X-27.558 Y15.504 E2670.51485 F3000
G1 X-26.936 Y15.354 E2670.62125 F3000
G1 X-26.472 Y15.268 E2670.69981 F3000
G1 X-25.910 Y15.164 E2670.79478 F3000
G1 X-25.284 Y15.109 E2670.89928 F3000
G1 X-24.926 Y15.077 E2670.95917 F3000
G1 X-23.990 Y14.994 E2671.11536 F3000
G1 X-23.219 Y14.925 E2671.24404 F3000
G1 X-22.365 Y14.854 E2671.38655 F3000
G1 X-21.790 Y14.829 E2671.48234 F3000
G1 X-21.624 Y14.821 E2671.51004 F3000
G1 X-21.321 Y14.810 E2671.56046 F3000
G1 X-19.942 Y14.759 E2671.78992 F3000
G1 X-18.934 Y14.730 E2671.95756 F3000
G1 X-17.980 Y14.702 E2672.11636 F3000
G1 X-17.245 Y14.685 E2672.23848 F3000
G1 X-15.543 Y14.646 E2672.52170 F3000
G1 X-15.234 Y14.640 E2672.57306 F3000
G1 X-13.829 Y14.613 E2672.80670 F3000
G1 X-12.975 Y14.601 E2672.94881 F3000
G1 X-12.847 Y14.599 E2672.97011 F3000
G1 X-12.673 Y14.597 E2672.99910 F3000
G1 X-10.104 Y14.565 E2673.42621 F3000
G1 X-9.534 Y14.558 E2673.52103 F3000
G1 X-7.526 Y14.535 E2673.85505 F3000
G1 X-6.165 Y14.519 E2674.08139 F3000
G1 X-5.319 Y14.509 E2674.22203 F3000
G1 X-4.295 Y14.498 E2674.39240 F3000
G1 X-3.392 Y14.488 E2674.54265 F3000
G1 X-2.455 Y14.481 E2674.69841 F3000
G1 X-1.649 Y14.475 E2674.83239 F3000
G1 X-0.702 Y14.472 E2674.98990 F3000
G1 X0.000 Y14.470 E2675.10667 F3000
G1 X0.702 Y14.472 E2675.22344 F3000
G1 X1.649 Y14.475 E2675.38096 F3000
G1 X2.455 Y14.481 E2675.51494 F3000
G1 X3.392 Y14.488 E2675.67069 F3000
G1 X4.295 Y14.498 E2675.82094 F3000
G1 X5.319 Y14.509 E2675.99131 F3000
G1 X6.165 Y14.519 E2676.13195 F3000
G1 X7.526 Y14.535 E2676.35829 F3000
G1 X9.534 Y14.558 E2676.69231 F3000
G1 X10.104 Y14.565 E2676.78714 F3000
G1 X12.673 Y14.597 E2677.21425 F3000
G1 X12.847 Y14.599 E2677.24324 F3000
G1 X12.975 Y14.601 E2677.26453 F3000
G1 X13.829 Y14.613 E2677.40664 F3000
G1 X15.234 Y14.640 E2677.64029 F3000
G1 X15.543 Y14.646 E2677.69165 F3000
G1 X17.245 Y14.685 E2677.97487 F3000
G1 X17.980 Y14.702 E2678.09698 F3000
G1 X18.934 Y14.730 E2678.25578 F3000
G1 X19.942 Y14.759 E2678.42342 F3000
G1 X21.321 Y14.810 E2678.65288 F3000
G1 X21.624 Y14.821 E2678.70330 F3000
G1 X21.790 Y14.829 E2678.73100 F3000
G1 X22.365 Y14.854 E2678.82679 F3000
G1 X23.219 Y14.925 E2678.96930 F3000
G1 X23.990 Y14.994 E2679.09799 F3000
G1 X24.926 Y15.077 E2679.25417 F3000
G1 X25.284 Y15.109 E2679.31407 F3000
G1 X25.910 Y15.164 E2679.41856 F3000
G1 X26.472 Y15.268 E2679.51354 F3000
G1 X26.936 Y15.354 E2679.59209 F3000
G1 X27.558 Y15.504 E2679.69850 F3000
G1 X28.193 Y15.657 E2679.80712 F3000
G1 X29.061 Y16.016 E2679.96325 F3000
G1 X29.477 Y16.253 E2680.04295 F3000
G1 X29.770 Y16.411 E2680.09833 F3000
G1 X30.239 Y16.784 E2680.19800 F3000
G1 X30.901 Y17.276 E2680.33508 F3000
G1 X31.098 Y17.467 E2680.38068 F3000
G1 X31.628 Y18.170 E2680.52715 F3000
G1 X31.872 Y18.520 E2680.59809 F3000
G1 X32.168 Y18.971 E2680.68784 F3000
G1 X32.296 Y19.173 E2680.72748 F3000
G1 X32.585 Y19.606 E2680.81409 F3000
G1 X32.629 Y19.676 E2680.82788 F3000
G1 X32.855 Y20.052 E2680.90077 F3000
G1 X32.902 Y20.173 E2680.92234 F3000
G1 X33.079 Y20.669 E2681.00993 F3000
G1 X33.112 Y20.774 E2681.02830 F3000
G1 X33.274 Y21.245 E2681.11120 F3000
G1 X33.341 Y21.473 E2681.15062 F3000
G1 X33.471 Y21.892 E2681.22358 F3000
G1 X33.624 Y22.349 E2681.30378 F3000
G1 X33.738 Y23.028 E2681.41816 F3000
G1 X33.791 Y23.321 E2681.46784 F3000
G1 X33.762 Y23.601 E2681.51464 F3000
G1 X33.689 Y24.319 E2681.63455 F3000
G1 X33.363 Y24.882 E2681.74274 F3000
G1 X33.130 Y25.296 E2681.82182 F3000
G1 X32.979 Y25.413 E2681.85362 F3000
G1 X32.810 Y25.532 E2681.88795 F3000
G1 X31.286 Y26.377 E2682.17772 F3000
G1 X31.091 Y26.459 E2682.21295 F3000
G1 X30.796 Y26.571 E2682.26542 F3000
G1 X29.111 Y27.213 E2682.56535 F3000
G1 X28.574 Y27.408 E2682.66022 F3000
G1 X27.448 Y27.815 E2682.85932 F3000
G1 X27.054 Y27.949 E2682.92859 F3000
G1 X26.769 Y28.045 E2682.97857 F3000
G1 X25.108 Y28.604 E2683.27006 F3000
G1 X24.491 Y28.817 E2683.37862 F3000
G1 X23.459 Y29.172 E2683.56014 F3000
G1 X23.277 Y29.231 E2683.59192 F3000
G1 X22.689 Y29.419 E2683.69457 F3000
G1 X22.111 Y29.614 E2683.79602 F3000
G1 X21.908 Y29.682 E2683.83166 F3000
G1 X21.481 Y29.803 E2683.90547 F3000
G1 X20.257 Y30.151 E2684.11701 F3000
G1 X18.899 Y30.454 E2684.34849 F3000
G1 X18.309 Y30.586 E2684.44905 F3000
G1 X17.901 Y30.656 E2684.51781 F3000
G1 X16.466 Y30.904 E2684.76000 F3000
G1 X15.864 Y31.033 E2684.86238 F3000
G1 X15.394 Y31.118 E2684.94185 F3000
G1 X13.141 Y31.529 E2685.32276 F3000
G1 X12.129 Y31.695 E2685.49325 F3000
G1 X10.355 Y31.987 E2685.79218 F3000
G1 X10.102 Y32.027 E2685.83488 F3000
G1 X9.334 Y32.147 E2685.96416 F3000
G1 X8.246 Y32.344 E2686.14803 F3000
G1 X7.725 Y32.439 E2686.23611 F3000
G1 X6.601 Y32.644 E2686.42604 F3000
G1 X5.467 Y32.850 E2686.61776 F3000
; LAYER:71
; Z:71.500
G0 Z71.500 F600
G0 X3.490 Y31.294 F9000
G1 X4.793 Y31.112 E2686.83644 F3000
G1 X5.380 Y31.046 E2686.93478 F3000
G1 X5.468 Y31.036 E2686.94948 F3000
G1 X7.266 Y30.810 E2687.25091 F3000
G1 X7.725 Y30.753 E2687.32783 F3000
G1 X8.545 Y30.650 E2687.46514 F3000
G1 X10.355 Y30.422 E2687.76862 F3000
G1 X12.078 Y30.194 E2688.05766 F3000
G1 X13.141 Y30.053 E2688.23586 F3000
G1 X13.756 Y29.963 E2688.33923 F3000
G1 X15.864 Y29.654 E2688.69363 F3000
G1 X15.897 Y29.648 E2688.69926 F3000
G1 X16.015 Y29.628 E2688.71906 F3000
G1 X17.850 Y29.326 E2689.02830 F3000
G1 X18.309 Y29.250 E2689.10569 F3000
G1 X18.926 Y29.118 E2689.21063 F3000
G1 X20.257 Y28.834 E2689.43705 F3000
G1 X21.385 Y28.527 E2689.63147 F3000
G1 X21.908 Y28.385 E2689.72149 F3000
G1 X22.178 Y28.299 E2689.76874 F3000
G1 X23.052 Y28.018 E2689.92136 F3000
G1 X23.459 Y27.879 E2689.99282 F3000
G1 X23.683 Y27.797 E2690.03250 F3000
G1 X25.108 Y27.277 E2690.28478 F3000
G1 X25.848 Y27.013 E2690.41550 F3000
G1 X27.054 Y26.583 E2690.62839 F3000
G1 X27.214 Y26.525 E2690.65671 F3000
G1 X27.542 Y26.406 E2690.71470 F3000
G1 X28.505 Y25.978 E2690.88989 F3000
G1 X29.110 Y25.707 E2691.00026 F3000
G1 X30.506 Y25.035 E2691.25784 F3000
G1 X30.735 Y24.820 E2691.31008 F3000
G1 X31.093 Y24.476 E2691.39257 F3000
G1 X31.415 Y24.101 E2691.47490 F3000
G1 X31.579 Y23.902 E2691.51777 F3000
G1 X31.690 Y23.215 E2691.63344 F3000
G1 X31.745 Y22.861 E2691.69294 F3000
G1 X31.655 Y22.558 E2691.74562 F3000
G1 X31.453 Y21.903 E2691.85952 F3000
G1 X31.381 Y21.771 E2691.88448 F3000
G1 X31.107 Y21.302 E2691.97490 F3000
G1 X30.976 Y21.138 E2692.00986 F3000
G1 X30.933 Y21.086 E2692.02110 F3000
G1 X30.873 Y21.014 E2692.03660 F3000
G1 X30.438 Y20.471 E2692.15232 F3000
G1 X30.251 Y20.247 E2692.20092 F3000
G1 X30.007 Y19.946 E2692.26526 F3000
G1 X29.846 Y19.754 E2692.30697 F3000
G1 X29.568 Y19.426 E2692.37847 F3000
G1 X29.473 Y19.318 E2692.40243 F3000
G1 X29.114 Y18.896 E2692.49445 F3000
G1 X29.040 Y18.826 E2692.51150 F3000
G1 X28.490 Y18.308 E2692.63711 F3000
G1 X28.255 Y18.081 E2692.69142 F3000
G1 X27.852 Y17.763 E2692.77677 F3000
G1 X27.230 Y17.257 E2692.91011 F3000
G1 X27.043 Y17.144 E2692.94636 F3000
G1 X25.779 Y16.478 E2693.18400 F3000
G1 X25.062 Y16.230 E2693.31025 F3000
G1 X24.510 Y16.036 E2693.40755 F3000
G1 X23.899 Y15.821 E2693.51529 F3000
G1 X23.369 Y15.721 E2693.60492 F3000
G1 X22.423 Y15.554 E2693.76474 F3000
G1 X21.776 Y15.440 E2693.87398 F3000
G1 X21.612 Y15.416 E2693.90154 F3000
G1 X21.319 Y15.372 E2693.95078 F3000
G1 X20.431 Y15.309 E2694.09881 F3000
G1 X20.089 Y15.285 E2694.15576 F3000
G1 X19.042 Y15.227 E2694.33027 F3000
G1 X18.117 Y15.175 E2694.48429 F3000
G1 X15.739 Y15.072 E2694.88004 F3000
G1 X15.664 Y15.069 E2694.89252 F3000
G1 X15.497 Y15.062 E2694.92031 F3000
G1 X13.405 Y15.022 E2695.26840 F3000
G1 X12.948 Y15.013 E2695.34431 F3000
G1 X12.238 Y15.000 E2695.46249 F3000
G1 X10.185 Y14.964 E2695.80399 F3000
G1 X8.893 Y14.942 E2696.01889 F3000
G1 X7.586 Y14.920 E2696.23626 F3000
G1 X6.792 Y14.907 E2696.36834 F3000
G1 X5.362 Y14.883 E2696.60616 F3000
G1 X4.916 Y14.876 E2696.68023 F3000
G1 X3.418 Y14.853 E2696.92935 F3000
G1 X1.769 Y14.836 E2697.20370 F3000
G1 X1.662 Y14.834 E2697.22140 F3000
G1 X0.046 Y14.828 E2697.49030 F3000
G1 X0.000 Y14.827 E2697.49786 F3000
G1 X-0.046 Y14.828 E2697.50543 F3000
G1 X-1.662 Y14.834 E2697.77433 F3000
G1 X-1.769 Y14.836 E2697.79203 F3000
G1 X-3.418 Y14.853 E2698.06638 F3000
G1 X-4.916 Y14.876 E2698.31550 F3000
G1 X-5.362 Y14.883 E2698.38957 F3000
G1 X-6.792 Y14.907 E2698.62739 F3000
G1 X-7.586 Y14.920 E2698.75947 F3000
G1 X-8.893 Y14.942 E2698.97684 F3000
G1 X-10.185 Y14.964 E2699.19174 F3000
G1 X-12.238 Y15.000 E2699.53324 F3000
G1 X-12.948 Y15.013 E2699.65142 F3000
G1 X-13.405 Y15.022 E2699.72733 F3000
G1 X-15.497 Y15.062 E2700.07542 F3000
G1 X-15.664 Y15.069 E2700.10321 F3000
G1 X-15.739 Y15.072 E2700.11568 F3000
G1 X-18.117 Y15.175 E2700.51144 F3000
G1 X-19.042 Y15.227 E2700.66546 F3000
G1 X-20.089 Y15.285 E2700.83997 F3000
G1 X-20.431 Y15.309 E2700.89692 F3000
G1 X-21.319 Y15.372 E2701.04495 F3000
G1 X-21.612 Y15.416 E2701.09419 F3000
G1 X-21.776 Y15.440 E2701.12175 F3000
G1 X-22.422 Y15.554 E2701.23099 F3000
G1 X-23.369 Y15.721 E2701.39081 F3000
G1 X-23.899 Y15.821 E2701.48044 F3000
G1 X-24.510 Y16.036 E2701.58818 F3000
G1 X-25.062 Y16.230 E2701.68548 F3000
G1 X-25.779 Y16.478 E2701.81173 F3000
G1 X-27.043 Y17.144 E2702.04936 F3000
G1 X-27.230 Y17.257 E2702.08562 F3000
G1 X-27.852 Y17.763 E2702.21896 F3000
G1 X-28.255 Y18.081 E2702.30431 F3000
G1 X-28.490 Y18.308 E2702.35862 F3000
G1 X-29.040 Y18.826 E2702.48423 F3000
G1 X-29.114 Y18.896 E2702.50128 F3000
G1 X-29.473 Y19.318 E2702.59330 F3000
G1 X-29.568 Y19.426 E2702.61726 F3000
G1 X-29.846 Y19.754 E2702.68876 F3000
G1 X-30.007 Y19.946 E2702.73046 F3000
G1 X-30.251 Y20.247 E2702.79481 F3000
G1 X-30.438 Y20.471 E2702.84341 F3000
G1 X-30.873 Y21.014 E2702.95913 F3000
G1 X-30.933 Y21.086 E2702.97462 F3000
G1 X-30.976 Y21.138 E2702.98586 F3000
G1 X-31.107 Y21.302 E2703.02083 F3000
G1 X-31.381 Y21.771 E2703.11125 F3000
G1 X-31.453 Y21.903 E2703.13621 F3000
G1 X-31.655 Y22.558 E2703.25011 F3000
G1 X-31.745 Y22.861 E2703.30279 F3000
G1 X-31.690 Y23.215 E2703.36229 F3000
G1 X-31.579 Y23.902 E2703.47796 F3000
G1 X-31.415 Y24.101 E2703.52083 F3000
G1 X-31.093 Y24.476 E2703.60316 F3000
G1 X-30.735 Y24.820 E2703.68565 F3000
G1 X-30.506 Y25.035 E2703.73789 F3000
G1 X-29.110 Y25.707 E2703.99547 F3000
G1 X-28.505 Y25.978 E2704.10584 F3000
G1 X-27.542 Y26.406 E2704.28103 F3000
G1 X-27.214 Y26.525 E2704.33902 F3000
G1 X-27.054 Y26.583 E2704.36734 F3000
G1 X-25.848 Y27.013 E2704.58023 F3000
G1 X-25.108 Y27.277 E2704.71095 F3000
G1 X-23.683 Y27.797 E2704.96323 F3000
G1 X-23.459 Y27.879 E2705.00291 F3000
G1 X-23.052 Y28.018 E2705.07437 F3000
G1 X-22.178 Y28.299 E2705.22699 F3000
G1 X-21.908 Y28.385 E2705.27424 F3000
G1 X-21.385 Y28.527 E2705.36426 F3000
G1 X-20.257 Y28.834 E2705.55868 F3000
G1 X-18.926 Y29.118 E2705.78510 F3000
G1 X-18.309 Y29.250 E2705.89004 F3000
G1 X-17.850 Y29.326 E2705.96743 F3000
G1 X-16.015 Y29.628 E2706.27667 F3000
G1 X-15.897 Y29.648 E2706.29647 F3000
G1 X-15.864 Y29.654 E2706.30210 F3000
G1 X-13.756 Y29.963 E2706.65650 F3000
G1 X-13.141 Y30.053 E2706.75987 F3000
G1 X-12.078 Y30.194 E2706.93807 F3000
G1 X-10.355 Y30.422 E2707.22711 F3000
G1 X-8.545 Y30.650 E2707.53059 F3000
G1 X-7.725 Y30.753 E2707.66790 F3000
G1 X-7.266 Y30.810 E2707.74482 F3000
G1 X-5.468 Y31.036 E2708.04624 F3000
G1 X-5.380 Y31.046 E2708.06094 F3000
G1 X-4.793 Y31.112 E2708.15929 F3000
G1 X-3.490 Y31.294 E2708.37797 F3000
G1 X-2.154 Y31.428 E2708.60131 F3000
G1 X-1.698 Y31.474 E2708.67742 F3000
G1 X-0.555 Y31.519 E2708.86769 F3000
G1 X0.000 Y31.540 E2708.96010 F3000
G1 X0.555 Y31.519 E2709.05251 F3000
G1 X1.698 Y31.474 E2709.24277 F3000
G1 X2.154 Y31.428 E2709.31889 F3000
G1 X3.490 Y31.294 E2709.54223 F3000
; LAYER:72
; Z:72.500
G0 Z72.500 F600
G0 X22.819 Y17.460 F9000
G1 X23.455 Y17.893 E2709.67021 F3000
G1 X23.956 Y18.257 E2709.77315 F3000
G1 X24.460 Y18.698 E2709.88444 F3000
G1 X24.786 Y18.983 E2709.95654 F3000
G1 X24.876 Y19.062 E2709.97653 F3000
G1 X25.108 Y19.265 E2710.02775 F3000
G1 X25.436 Y19.546 E2710.09964 F3000
G1 X25.570 Y19.661 E2710.12885 F3000
G1 X25.999 Y20.028 E2710.22274 F3000
G1 X26.235 Y20.230 E2710.27452 F3000
G1 X26.561 Y20.509 E2710.34577 F3000
G1 X26.685 Y20.616 E2710.37303 F3000
G1 X27.054 Y20.932 E2710.45383 F3000
G1 X27.170 Y21.043 E2710.48056 F3000
G1 X27.204 Y21.076 E2710.48837 F3000
G1 X27.293 Y21.163 E2710.50914 F3000
G1 X27.978 Y21.823 E2710.66740 F3000
G1 X28.258 Y22.359 E2710.76783 F3000
G1 X28.458 Y22.738 E2710.83919 F3000
G1 X28.355 Y23.137 E2710.90769 F3000
G1 X28.181 Y23.821 E2711.02503 F3000
G1 X27.054 Y24.760 E2711.26898 F3000
G1 X26.639 Y25.088 E2711.35697 F3000
G1 X25.655 Y25.514 E2711.53521 F3000
G1 X25.108 Y25.752 E2711.63440 F3000
G1 X23.715 Y26.370 E2711.88791 F3000
G1 X23.459 Y26.483 E2711.93443 F3000
G1 X23.165 Y26.605 E2711.98740 F3000
G1 X21.908 Y27.033 E2712.20818 F3000
G1 X20.968 Y27.303 E2712.37077 F3000
G1 X20.257 Y27.508 E2712.49382 F3000
G1 X19.579 Y27.662 E2712.60953 F3000
G1 X18.309 Y27.949 E2712.82606 F3000
G1 X16.722 Y28.226 E2713.09389 F3000
G1 X16.036 Y28.339 E2713.20958 F3000
G1 X15.864 Y28.368 E2713.23853 F3000
G1 X13.856 Y28.649 E2713.57573 F3000
G1 X13.141 Y28.750 E2713.69588 F3000
G1 X11.981 Y28.896 E2713.89021 F3000
G1 X10.355 Y29.102 E2714.16278 F3000
G1 X8.575 Y29.316 E2714.46099 F3000
G1 X7.725 Y29.418 E2714.60328 F3000
G1 X7.224 Y29.479 E2714.68729 F3000
G1 X5.468 Y29.690 E2714.98137 F3000
G1 X5.309 Y29.707 E2715.00803 F3000
G1 X4.099 Y29.836 E2715.21033 F3000
G1 X3.569 Y29.896 E2715.29899 F3000
G1 X3.490 Y29.905 E2715.31224 F3000
G1 X3.399 Y29.912 E2715.32749 F3000
G1 X1.698 Y30.050 E2715.61117 F3000
G1 X1.445 Y30.058 E2715.65331 F3000
G1 X0.000 Y30.103 E2715.89377 F3000
G1 X-1.445 Y30.058 E2716.13422 F3000
G1 X-1.698 Y30.050 E2716.17637 F3000
G1 X-3.399 Y29.912 E2716.46004 F3000
G1 X-3.490 Y29.905 E2716.47529 F3000
G1 X-3.569 Y29.896 E2716.48854 F3000
G1 X-4.099 Y29.836 E2716.57718 F3000
G1 X-5.309 Y29.707 E2716.77950 F3000
G1 X-5.468 Y29.690 E2716.80616 F3000
G1 X-7.224 Y29.479 E2717.10024 F3000
G1 X-7.725 Y29.418 E2717.18425 F3000
G1 X-8.575 Y29.316 E2717.32654 F3000
G1 X-10.355 Y29.102 E2717.62475 F3000
G1 X-11.981 Y28.896 E2717.89732 F3000
G1 X-13.141 Y28.750 E2718.09165 F3000
G1 X-13.856 Y28.649 E2718.21180 F3000
G1 X-15.864 Y28.368 E2718.54900 F3000
G1 X-16.036 Y28.339 E2718.57796 F3000
G1 X-16.722 Y28.226 E2718.69364 F3000
G1 X-18.309 Y27.949 E2718.96147 F3000
G1 X-19.579 Y27.662 E2719.17800 F3000
G1 X-20.257 Y27.508 E2719.29371 F3000
G1 X-20.968 Y27.303 E2719.41677 F3000
G1 X-21.908 Y27.033 E2719.57935 F3000
G1 X-23.165 Y26.605 E2719.80013 F3000
G1 X-23.459 Y26.483 E2719.85310 F3000
G1 X-23.715 Y26.370 E2719.89962 F3000
G1 X-25.108 Y25.752 E2720.15313 F3000
G1 X-25.655 Y25.514 E2720.25232 F3000
G1 X-26.639 Y25.088 E2720.43056 F3000
G1 X-27.054 Y24.760 E2720.51856 F3000
G1 X-28.181 Y23.821 E2720.76251 F3000
G1 X-28.355 Y23.137 E2720.87984 F3000
G1 X-28.458 Y22.738 E2720.94834 F3000
G1 X-28.258 Y22.359 E2721.01970 F3000
G1 X-27.978 Y21.823 E2721.12013 F3000
G1 X-27.293 Y21.163 E2721.27839 F3000
G1 X-27.204 Y21.076 E2721.29916 F3000
G1 X-27.170 Y21.043 E2721.30697 F3000
G1 X-27.054 Y20.932 E2721.33370 F3000
G1 X-26.685 Y20.616 E2721.41450 F3000
G1 X-26.561 Y20.509 E2721.44176 F3000
G1 X-26.235 Y20.230 E2721.51301 F3000
G1 X-25.999 Y20.028 E2721.56479 F3000
G1 X-25.570 Y19.661 E2721.65868 F3000
G1 X-25.436 Y19.546 E2721.68789 F3000
G1 X-25.108 Y19.265 E2721.75978 F3000
G1 X-24.876 Y19.062 E2721.81101 F3000
G1 X-24.786 Y18.983 E2721.83099 F3000
G1 X-24.460 Y18.698 E2721.90309 F3000
G1 X-23.956 Y18.257 E2722.01438 F3000
G1 X-23.455 Y17.893 E2722.11733 F3000
G1 X-22.819 Y17.460 E2722.24530 F3000
G1 X-22.358 Y17.229 E2722.33106 F3000
G1 X-21.888 Y16.994 E2722.41850 F3000
G1 X-21.164 Y16.687 E2722.54920 F3000
G1 X-20.213 Y16.422 E2722.71331 F3000
G1 X-18.423 Y16.029 E2723.01814 F3000
G1 X-18.304 Y16.015 E2723.03803 F3000
G1 X-18.243 Y16.008 E2723.04835 F3000
G1 X-18.009 Y15.987 E2723.08743 F3000
G1 X-15.778 Y15.783 E2723.45990 F3000
G1 X-13.184 Y15.581 E2723.89269 F3000
G1 X-13.047 Y15.576 E2723.91547 F3000
G1 X-10.940 Y15.505 E2724.26603 F3000
G1 X-10.263 Y15.482 E2724.37866 F3000
G1 X-8.852 Y15.437 E2724.61347 F3000
G1 X-7.645 Y15.399 E2724.81434 F3000
G1 X-5.938 Y15.345 E2725.09832 F3000
G1 X-5.404 Y15.328 E2725.18721 F3000
G1 X-3.452 Y15.272 E2725.51182 F3000
G1 X-3.401 Y15.271 E2725.52029 F3000
G1 X-1.675 Y15.252 E2725.80733 F3000
G1 X-1.543 Y15.252 E2725.82940 F3000
G1 X0.000 Y15.245 E2726.08597 F3000
G1 X1.543 Y15.252 E2726.34254 F3000
G1 X1.675 Y15.252 E2726.36461 F3000
G1 X3.401 Y15.271 E2726.65165 F3000
G1 X3.441 Y15.272 E2726.65818 F3000
G1 X5.404 Y15.328 E2726.98473 F3000
G1 X5.938 Y15.345 E2727.07362 F3000
G1 X7.645 Y15.399 E2727.35760 F3000
G1 X8.852 Y15.437 E2727.55846 F3000
G1 X10.263 Y15.482 E2727.79328 F3000
G1 X10.940 Y15.505 E2727.90591 F3000
G1 X13.047 Y15.576 E2728.25647 F3000
G1 X13.184 Y15.581 E2728.27925 F3000
G1 X15.778 Y15.783 E2728.71204 F3000
G1 X18.009 Y15.987 E2729.08451 F3000
G1 X18.243 Y16.008 E2729.12358 F3000
G1 X18.304 Y16.015 E2729.13390 F3000
G1 X18.423 Y16.029 E2729.15380 F3000
G1 X20.213 Y16.422 E2729.45862 F3000
G1 X21.164 Y16.687 E2729.62274 F3000
G1 X21.888 Y16.994 E2729.75344 F3000
G1 X22.358 Y17.229 E2729.84088 F3000
G1 X22.819 Y17.460 E2729.92663 F3000
; LAYER:73
; Z:73.500
G0 Z73.500 F600
G0 X18.498 Y18.465 F9000
G1 X18.408 Y18.425 E2729.94306 F3000
G1 X18.308 Y18.380 E2729.96128 F3000
G1 X16.271 Y17.669 E2730.32003 F3000
G1 X16.043 Y17.610 E2730.35919 F3000
G1 X15.856 Y17.562 E2730.39130 F3000
G1 X14.531 Y17.270 E2730.61701 F3000
G1 X13.123 Y16.961 E2730.85665 F3000
G1 X12.794 Y16.896 E2730.91252 F3000
G1 X10.330 Y16.573 E2731.32576 F3000
G1 X7.764 Y16.255 E2731.75565 F3000
G1 X7.698 Y16.246 E2731.76675 F3000
G1 X7.631 Y16.238 E2731.77796 F3000
G1 X5.442 Y16.092 E2732.14280 F3000
G1 X4.572 Y16.040 E2732.28788 F3000
G1 X3.471 Y15.974 E2732.47131 F3000
G1 X2.843 Y15.947 E2732.57569 F3000
G1 X1.688 Y15.897 E2732.76803 F3000
G1 X1.306 Y15.891 E2732.83152 F3000
G1 X0.000 Y15.869 E2733.04877 F3000
G1 X-1.306 Y15.891 E2733.26603 F3000
G1 X-1.688 Y15.897 E2733.32951 F3000
G1 X-2.843 Y15.947 E2733.52185 F3000
G1 X-3.471 Y15.974 E2733.62624 F3000
G1 X-4.572 Y16.040 E2733.80966 F3000
G1 X-5.442 Y16.092 E2733.95474 F3000
G1 X-7.631 Y16.238 E2734.31959 F3000
G1 X-7.678 Y16.244 E2734.32744 F3000
G1 X-7.764 Y16.255 E2734.34189 F3000
G1 X-10.330 Y16.573 E2734.77179 F3000
G1 X-12.794 Y16.896 E2735.18502 F3000
G1 X-13.123 Y16.961 E2735.24089 F3000
G1 X-14.531 Y17.270 E2735.48053 F3000
G1 X-15.856 Y17.562 E2735.70624 F3000
G1 X-16.043 Y17.610 E2735.73836 F3000
G1 X-16.271 Y17.669 E2735.77751 F3000
G1 X-18.308 Y18.380 E2736.13626 F3000
G1 X-18.408 Y18.425 E2736.15448 F3000
G1 X-18.498 Y18.465 E2736.17091 F3000
G1 X-19.214 Y18.854 E2736.30641 F3000
G1 X-19.835 Y19.192 E2736.42397 F3000
G1 X-20.257 Y19.421 E2736.50387 F3000
G1 X-20.741 Y19.755 E2736.60161 F3000
G1 X-21.095 Y19.999 E2736.67316 F3000
G1 X-21.439 Y20.236 E2736.74258 F3000
G1 X-21.578 Y20.333 E2736.77074 F3000
G1 X-21.908 Y20.560 E2736.83742 F3000
G1 X-22.100 Y20.718 E2736.87875 F3000
G1 X-22.254 Y20.843 E2736.91169 F3000
G1 X-22.788 Y21.280 E2737.02651 F3000
G1 X-23.032 Y21.479 E2737.07890 F3000
G1 X-23.459 Y21.828 E2737.17055 F3000
G1 X-23.593 Y21.946 E2737.20024 F3000
G1 X-23.661 Y22.005 E2737.21515 F3000
G1 X-24.005 Y22.608 E2737.33063 F3000
G1 X-24.175 Y22.906 E2737.38778 F3000
G1 X-24.065 Y23.308 E2737.45705 F3000
G1 X-23.877 Y23.999 E2737.57611 F3000
G1 X-23.670 Y24.165 E2737.62022 F3000
G1 X-23.459 Y24.336 E2737.66539 F3000
G1 X-22.854 Y24.791 E2737.79122 F3000
G1 X-22.182 Y25.296 E2737.93112 F3000
G1 X-21.908 Y25.410 E2737.98046 F3000
G1 X-20.802 Y25.797 E2738.17536 F3000
G1 X-20.257 Y25.987 E2738.27126 F3000
G1 X-19.473 Y26.203 E2738.40654 F3000
G1 X-18.309 Y26.523 E2738.60735 F3000
G1 X-16.941 Y26.813 E2738.83978 F3000
G1 X-15.864 Y27.002 E2739.02168 F3000
G1 X-15.443 Y27.064 E2739.09252 F3000
G1 X-13.141 Y27.406 E2739.47957 F3000
G1 X-11.705 Y27.599 E2739.72044 F3000
G1 X-10.355 Y27.780 E2739.94693 F3000
G1 X-9.476 Y27.892 E2740.09440 F3000
G1 X-7.725 Y28.115 E2740.38781 F3000
G1 X-5.522 Y28.396 E2740.75715 F3000
G1 X-5.468 Y28.403 E2740.76623 F3000
G1 X-5.186 Y28.435 E2740.81337 F3000
G1 X-3.688 Y28.595 E2741.06405 F3000
G1 X-3.490 Y28.617 E2741.09708 F3000
G1 X-3.269 Y28.634 E2741.13403 F3000
G1 X-1.698 Y28.755 E2741.39592 F3000
G1 X-1.349 Y28.766 E2741.45404 F3000
G1 X0.000 Y28.806 E2741.67851 F3000
G1 X1.349 Y28.766 E2741.90298 F3000
G1 X1.698 Y28.755 E2741.96110 F3000
G1 X3.269 Y28.634 E2742.22299 F3000
G1 X3.490 Y28.617 E2742.25994 F3000
G1 X3.688 Y28.595 E2742.29297 F3000
G1 X5.186 Y28.435 E2742.54366 F3000
G1 X5.468 Y28.403 E2742.59079 F3000
G1 X5.522 Y28.396 E2742.59987 F3000
G1 X7.725 Y28.115 E2742.96921 F3000
G1 X9.476 Y27.892 E2743.26262 F3000
G1 X10.355 Y27.780 E2743.41010 F3000
G1 X11.705 Y27.599 E2743.63658 F3000
G1 X13.141 Y27.406 E2743.87745 F3000
G1 X15.443 Y27.064 E2744.26450 F3000
G1 X15.864 Y27.002 E2744.33534 F3000
G1 X16.942 Y26.813 E2744.51724 F3000
G1 X18.309 Y26.523 E2744.74967 F3000
G1 X19.473 Y26.203 E2744.95048 F3000
G1 X20.257 Y25.987 E2745.08576 F3000
G1 X20.802 Y25.797 E2745.18166 F3000
G1 X21.908 Y25.410 E2745.37656 F3000
G1 X22.182 Y25.296 E2745.42590 F3000
G1 X22.854 Y24.791 E2745.56580 F3000
G1 X23.459 Y24.336 E2745.69164 F3000
G1 X23.670 Y24.165 E2745.73681 F3000
G1 X23.877 Y23.999 E2745.78091 F3000
G1 X24.065 Y23.308 E2745.89997 F3000
G1 X24.175 Y22.906 E2745.96924 F3000
G1 X24.005 Y22.608 E2746.02639 F3000
G1 X23.661 Y22.005 E2746.14187 F3000
G1 X23.593 Y21.946 E2746.15678 F3000
G1 X23.459 Y21.828 E2746.18647 F3000
G1 X23.032 Y21.479 E2746.27812 F3000
G1 X22.788 Y21.280 E2746.33052 F3000
G1 X22.254 Y20.843 E2746.44533 F3000
G1 X22.100 Y20.718 E2746.47827 F3000
G1 X21.908 Y20.560 E2746.51960 F3000
G1 X21.578 Y20.333 E2746.58628 F3000
G1 X21.439 Y20.236 E2746.61444 F3000
G1 X21.095 Y19.999 E2746.68386 F3000
G1 X20.741 Y19.755 E2746.75541 F3000
G1 X20.257 Y19.421 E2746.85315 F3000
G1 X19.835 Y19.192 E2746.93306 F3000
G1 X19.214 Y18.854 E2747.05061 F3000
G1 X18.498 Y18.465 E2747.18611 F3000
; LAYER:74
; Z:74.500
G0 Z74.500 F600
G0 X18.370 Y24.207 F9000
G1 X18.390 Y24.162 E2747.19442 F3000
G1 X18.851 Y23.115 E2747.38460 F3000
G1 X18.309 Y22.525 E2747.51779 F3000
G1 X18.050 Y22.309 E2747.57387 F3000
G1 X17.937 Y22.213 E2747.59851 F3000
G1 X17.078 Y21.853 E2747.75336 F3000
G1 X16.208 Y21.488 E2747.91032 F3000
G1 X15.864 Y21.344 E2747.97228 F3000
G1 X14.691 Y20.926 E2748.17943 F3000
G1 X13.538 Y20.515 E2748.38295 F3000
G1 X13.341 Y20.445 E2748.41773 F3000
G1 X13.275 Y20.421 E2748.42947 F3000
G1 X13.141 Y20.373 E2748.45313 F3000
G1 X11.868 Y19.963 E2748.67553 F3000
G1 X10.355 Y19.476 E2748.93977 F3000
G1 X10.107 Y19.400 E2748.98301 F3000
G1 X8.976 Y19.055 E2749.17959 F3000
G1 X7.730 Y18.674 E2749.39635 F3000
G1 X7.715 Y18.670 E2749.39893 F3000
G1 X5.467 Y18.098 E2749.78466 F3000
G1 X4.495 Y17.877 E2749.95039 F3000
G1 X3.791 Y17.759 E2750.06910 F3000
G1 X3.488 Y17.708 E2750.12016 F3000
G1 X2.942 Y17.642 E2750.21157 F3000
G1 X1.697 Y17.490 E2750.42021 F3000
G1 X0.750 Y17.446 E2750.57786 F3000
G1 X0.000 Y17.410 E2750.70274 F3000
G1 X-0.750 Y17.446 E2750.82762 F3000
G1 X-1.697 Y17.490 E2750.98526 F3000
G1 X-2.942 Y17.642 E2751.19391 F3000
G1 X-3.488 Y17.708 E2751.28531 F3000
G1 X-3.791 Y17.759 E2751.33637 F3000
G1 X-4.495 Y17.877 E2751.45509 F3000
G1 X-5.467 Y18.098 E2751.62082 F3000
G1 X-7.715 Y18.670 E2752.00655 F3000
G1 X-7.725 Y18.673 E2752.00841 F3000
G1 X-7.727 Y18.673 E2752.00873 F3000
G1 X-8.976 Y19.055 E2752.22589 F3000
G1 X-10.107 Y19.400 E2752.42247 F3000
G1 X-10.355 Y19.476 E2752.46571 F3000
G1 X-11.868 Y19.963 E2752.72994 F3000
G1 X-13.141 Y20.373 E2752.95235 F3000
G1 X-13.275 Y20.421 E2752.97601 F3000
G1 X-13.341 Y20.445 E2752.98774 F3000
G1 X-13.538 Y20.515 E2753.02253 F3000
G1 X-14.691 Y20.926 E2753.22605 F3000
G1 X-15.864 Y21.344 E2753.43320 F3000
G1 X-16.208 Y21.488 E2753.49516 F3000
G1 X-17.078 Y21.853 E2753.65211 F3000
G1 X-17.937 Y22.213 E2753.80697 F3000
G1 X-18.050 Y22.309 E2753.83161 F3000
G1 X-18.309 Y22.525 E2753.88768 F3000
G1 X-18.851 Y23.115 E2754.02088 F3000
G1 X-18.390 Y24.162 E2754.21105 F3000
G1 X-18.370 Y24.207 E2754.21937 F3000
G1 X-18.309 Y24.238 E2754.23079 F3000
G1 X-16.927 Y24.771 E2754.47714 F3000
G1 X-15.864 Y25.181 E2754.66655 F3000
G1 X-15.462 Y25.313 E2754.73693 F3000
G1 X-14.878 Y25.505 E2754.83909 F3000
G1 X-13.141 Y25.819 E2755.13276 F3000
G1 X-11.441 Y26.096 E2755.41918 F3000
G1 X-10.355 Y26.273 E2755.60208 F3000
G1 X-9.332 Y26.432 E2755.77429 F3000
G1 X-7.725 Y26.680 E2756.04464 F3000
G1 X-5.518 Y27.022 E2756.41617 F3000
G1 X-5.468 Y27.028 E2756.42447 F3000
G1 X-5.459 Y27.029 E2756.42596 F3000
G1 X-3.490 Y27.253 E2756.75551 F3000
G1 X-2.082 Y27.369 E2756.99053 F3000
G1 X-1.698 Y27.400 E2757.05446 F3000
G1 X-0.438 Y27.440 E2757.26416 F3000
G1 X0.000 Y27.454 E2757.33707 F3000
G1 X0.438 Y27.440 E2757.40998 F3000
G1 X1.698 Y27.400 E2757.61967 F3000
G1 X2.082 Y27.369 E2757.68360 F3000
G1 X3.490 Y27.253 E2757.91862 F3000
G1 X5.459 Y27.029 E2758.24817 F3000
G1 X5.518 Y27.022 E2758.25797 F3000
G1 X7.725 Y26.680 E2758.62950 F3000
G1 X9.332 Y26.432 E2758.89985 F3000
G1 X10.355 Y26.273 E2759.07206 F3000
G1 X11.441 Y26.096 E2759.25496 F3000
G1 X13.141 Y25.819 E2759.54138 F3000
G1 X14.878 Y25.505 E2759.83505 F3000
G1 X15.462 Y25.313 E2759.93721 F3000
G1 X15.864 Y25.181 E2760.00758 F3000
G1 X16.927 Y24.771 E2760.19699 F3000
G1 X18.370 Y24.207 E2760.45472 F3000
; LAYER:75
; Z:75.500
G0 Z75.500 F600
G0 X1.698 Y25.766 F9000
G1 X1.754 Y25.761 E2760.46405 F3000
G1 X2.228 Y25.713 E2760.54320 F3000
G1 X3.490 Y25.485 E2760.75653 F3000
G1 X4.668 Y25.189 E2760.95855 F3000
G1 X5.468 Y24.988 E2761.09567 F3000
G1 X6.136 Y24.800 E2761.21113 F3000
G1 X7.502 Y24.416 E2761.44709 F3000
G1 X7.564 Y24.338 E2761.46363 F3000
G1 X7.725 Y24.131 E2761.50730 F3000
G1 X8.357 Y23.323 E2761.67777 F3000
G1 X7.725 Y22.937 E2761.80090 F3000
G1 X7.216 Y22.625 E2761.90024 F3000
G1 X6.883 Y22.422 E2761.96511 F3000
G1 X6.158 Y22.200 E2762.09119 F3000
G1 X5.468 Y21.989 E2762.21115 F3000
G1 X5.010 Y21.865 E2762.29004 F3000
G1 X4.396 Y21.697 E2762.39603 F3000
G1 X3.490 Y21.450 E2762.55210 F3000
G1 X2.873 Y21.328 E2762.65676 F3000
G1 X1.888 Y21.135 E2762.82359 F3000
G1 X1.779 Y21.113 E2762.84216 F3000
G1 X1.698 Y21.097 E2762.85577 F3000
G1 X0.465 Y21.003 E2763.06156 F3000
G1 X0.000 Y20.967 E2763.13905 F3000
G1 X-0.465 Y21.003 E2763.21654 F3000
G1 X-1.698 Y21.097 E2763.42233 F3000
G1 X-1.779 Y21.113 E2763.43594 F3000
G1 X-1.888 Y21.135 E2763.45451 F3000
G1 X-2.873 Y21.328 E2763.62135 F3000
G1 X-3.490 Y21.450 E2763.72600 F3000
G1 X-4.396 Y21.697 E2763.88207 F3000
G1 X-5.010 Y21.865 E2763.98806 F3000
G1 X-5.468 Y21.989 E2764.06695 F3000
G1 X-6.158 Y22.200 E2764.18691 F3000
G1 X-6.883 Y22.422 E2764.31299 F3000
G1 X-7.216 Y22.625 E2764.37786 F3000
G1 X-7.725 Y22.937 E2764.47720 F3000
G1 X-8.357 Y23.323 E2764.60033 F3000
G1 X-7.725 Y24.131 E2764.77080 F3000
G1 X-7.564 Y24.338 E2764.81447 F3000
G1 X-7.502 Y24.416 E2764.83100 F3000
G1 X-6.136 Y24.800 E2765.06697 F3000
G1 X-5.468 Y24.988 E2765.18243 F3000
G1 X-4.668 Y25.189 E2765.31955 F3000
G1 X-3.490 Y25.485 E2765.52157 F3000
G1 X-2.228 Y25.713 E2765.73490 F3000
G1 X-1.754 Y25.761 E2765.81405 F3000
G1 X-1.698 Y25.766 E2765.82338 F3000
G1 X-0.127 Y25.827 E2766.08488 F3000
G1 X0.000 Y25.832 E2766.10605 F3000
G1 X0.127 Y25.827 E2766.12721 F3000
G1 X1.698 Y25.766 E2766.38872 F3000
; END OF PRINT